candidate,vsw_V,vout_device_V,iout_uA,err_pct,vbias_V,method
E_local_gate_n33_tt_l2e-6_w2e-5_dc_iprobe_tt_on,0.000000,0.000000,-0.000000,-100.0000,0.884261,iprobe
E_local_gate_n33_tt_l2e-6_w2e-5_dc_iprobe_tt_on,0.020000,0.020000,4.290040,-71.3997,0.884261,iprobe
E_local_gate_n33_tt_l2e-6_w2e-5_dc_iprobe_tt_on,0.040000,0.040000,7.855070,-47.6329,0.884261,iprobe
E_local_gate_n33_tt_l2e-6_w2e-5_dc_iprobe_tt_on,0.060000,0.060000,10.670579,-28.8628,0.884261,iprobe
E_local_gate_n33_tt_l2e-6_w2e-5_dc_iprobe_tt_on,0.080000,0.080000,12.708470,-15.2769,0.884261,iprobe
E_local_gate_n33_tt_l2e-6_w2e-5_dc_iprobe_tt_on,0.100000,0.100000,13.945454,-7.0303,0.884261,iprobe
E_local_gate_n33_tt_l2e-6_w2e-5_dc_iprobe_tt_on,0.120000,0.120000,14.447539,-3.6831,0.884261,iprobe
E_local_gate_n33_tt_l2e-6_w2e-5_dc_iprobe_tt_on,0.140000,0.140000,14.576419,-2.8239,0.884261,iprobe
E_local_gate_n33_tt_l2e-6_w2e-5_dc_iprobe_tt_on,0.160000,0.160000,14.627626,-2.4825,0.884261,iprobe
E_local_gate_n33_tt_l2e-6_w2e-5_dc_iprobe_tt_on,0.180000,0.180000,14.660981,-2.2601,0.884261,iprobe
E_local_gate_n33_tt_l2e-6_w2e-5_dc_iprobe_tt_on,0.200000,0.200000,14.686840,-2.0877,0.884261,iprobe
E_local_gate_n33_tt_l2e-6_w2e-5_dc_iprobe_tt_on,0.220000,0.220000,14.708372,-1.9442,0.884261,iprobe
E_local_gate_n33_tt_l2e-6_w2e-5_dc_iprobe_tt_on,0.240000,0.240000,14.727006,-1.8200,0.884261,iprobe
E_local_gate_n33_tt_l2e-6_w2e-5_dc_iprobe_tt_on,0.260000,0.260000,14.743530,-1.7098,0.884261,iprobe
E_local_gate_n33_tt_l2e-6_w2e-5_dc_iprobe_tt_on,0.280000,0.280000,14.758438,-1.6104,0.884261,iprobe
E_local_gate_n33_tt_l2e-6_w2e-5_dc_iprobe_tt_on,0.300000,0.300000,14.772063,-1.5196,0.884261,iprobe
E_local_gate_n33_tt_l2e-6_w2e-5_dc_iprobe_tt_on,0.320000,0.320000,14.784639,-1.4357,0.884261,iprobe
E_local_gate_n33_tt_l2e-6_w2e-5_dc_iprobe_tt_on,0.340000,0.340000,14.796340,-1.3577,0.884261,iprobe
E_local_gate_n33_tt_l2e-6_w2e-5_dc_iprobe_tt_on,0.360000,0.360000,14.807296,-1.2847,0.884261,iprobe
E_local_gate_n33_tt_l2e-6_w2e-5_dc_iprobe_tt_on,0.380000,0.380000,14.817610,-1.2159,0.884261,iprobe
E_local_gate_n33_tt_l2e-6_w2e-5_dc_iprobe_tt_on,0.400000,0.400000,14.827359,-1.1509,0.884261,iprobe
E_local_gate_n33_tt_l2e-6_w2e-5_dc_iprobe_tt_on,0.420000,0.420000,14.836607,-1.0893,0.884261,iprobe
E_local_gate_n33_tt_l2e-6_w2e-5_dc_iprobe_tt_on,0.440000,0.440000,14.845403,-1.0306,0.884261,iprobe
E_local_gate_n33_tt_l2e-6_w2e-5_dc_iprobe_tt_on,0.460000,0.460000,14.853787,-0.9748,0.884261,iprobe
E_local_gate_n33_tt_l2e-6_w2e-5_dc_iprobe_tt_on,0.480000,0.480000,14.861788,-0.9214,0.884261,iprobe
E_local_gate_n33_tt_l2e-6_w2e-5_dc_iprobe_tt_on,0.500000,0.500000,14.869429,-0.8705,0.884261,iprobe
E_local_gate_n33_tt_l2e-6_w2e-5_dc_iprobe_tt_on,0.520000,0.520000,14.876724,-0.8218,0.884261,iprobe
E_local_gate_n33_tt_l2e-6_w2e-5_dc_iprobe_tt_on,0.540000,0.540000,14.883682,-0.7755,0.884261,iprobe
E_local_gate_n33_tt_l2e-6_w2e-5_dc_iprobe_tt_on,0.560000,0.560000,14.890303,-0.7313,0.884261,iprobe
E_local_gate_n33_tt_l2e-6_w2e-5_dc_iprobe_tt_on,0.580000,0.580000,14.896580,-0.6895,0.884261,iprobe
E_local_gate_n33_tt_l2e-6_w2e-5_dc_iprobe_tt_on,0.600000,0.600000,14.902498,-0.6500,0.884261,iprobe
E_local_gate_n33_tt_l2e-6_w2e-5_dc_iprobe_tt_on,0.620000,0.620000,14.908030,-0.6131,0.884261,iprobe
E_local_gate_n33_tt_l2e-6_w2e-5_dc_iprobe_tt_on,0.640000,0.640000,14.913141,-0.5791,0.884261,iprobe
E_local_gate_n33_tt_l2e-6_w2e-5_dc_iprobe_tt_on,0.660000,0.660000,14.917780,-0.5481,0.884261,iprobe
E_local_gate_n33_tt_l2e-6_w2e-5_dc_iprobe_tt_on,0.680000,0.680000,14.921882,-0.5208,0.884261,iprobe
E_local_gate_n33_tt_l2e-6_w2e-5_dc_iprobe_tt_on,0.700000,0.700000,14.925367,-0.4976,0.884261,iprobe
E_local_gate_n33_tt_l2e-6_w2e-5_dc_iprobe_tt_on,0.720000,0.720000,14.928133,-0.4791,0.884261,iprobe
E_local_gate_n33_tt_l2e-6_w2e-5_dc_iprobe_tt_on,0.740000,0.740000,14.930062,-0.4663,0.884261,iprobe
E_local_gate_n33_tt_l2e-6_w2e-5_dc_iprobe_tt_on,0.760000,0.760000,14.931068,-0.4595,0.884261,iprobe
E_local_gate_n33_tt_l2e-6_w2e-5_dc_iprobe_tt_on,0.780000,0.780000,14.931383,-0.4574,0.884261,iprobe
E_local_gate_n33_tt_l2e-6_w2e-5_dc_iprobe_tt_on,0.800000,0.800000,14.931484,-0.4568,0.884261,iprobe
E_local_gate_n33_tt_l2e-6_w2e-5_dc_iprobe_tt_on,0.820000,0.820000,14.931541,-0.4564,0.884261,iprobe
E_local_gate_n33_tt_l2e-6_w2e-5_dc_iprobe_tt_on,0.840000,0.840000,14.931583,-0.4561,0.884261,iprobe
E_local_gate_n33_tt_l2e-6_w2e-5_dc_iprobe_tt_on,0.860000,0.860000,14.931618,-0.4559,0.884261,iprobe
E_local_gate_n33_tt_l2e-6_w2e-5_dc_iprobe_tt_on,0.880000,0.880000,14.931648,-0.4557,0.884261,iprobe
E_local_gate_n33_tt_l2e-6_w2e-5_dc_iprobe_tt_on,0.900000,0.900000,14.931674,-0.4555,0.884261,iprobe
E_local_gate_n33_tt_l2e-6_w2e-5_dc_iprobe_tt_on,0.920000,0.920000,14.931697,-0.4554,0.884261,iprobe
E_local_gate_n33_tt_l2e-6_w2e-5_dc_iprobe_tt_on,0.940000,0.940000,14.931718,-0.4552,0.884261,iprobe
E_local_gate_n33_tt_l2e-6_w2e-5_dc_iprobe_tt_on,0.960000,0.960000,14.931738,-0.4551,0.884261,iprobe
E_local_gate_n33_tt_l2e-6_w2e-5_dc_iprobe_tt_on,0.980000,0.980000,14.931756,-0.4550,0.884261,iprobe
E_local_gate_n33_tt_l2e-6_w2e-5_dc_iprobe_tt_on,1.000000,1.000000,14.931773,-0.4548,0.884261,iprobe
E_local_gate_n33_tt_l2e-6_w2e-5_dc_iprobe_tt_on,1.020000,1.020000,14.931789,-0.4547,0.884261,iprobe
E_local_gate_n33_tt_l2e-6_w2e-5_dc_iprobe_tt_on,1.040000,1.040000,14.931805,-0.4546,0.884261,iprobe
E_local_gate_n33_tt_l2e-6_w2e-5_dc_iprobe_tt_on,1.060000,1.060000,14.931819,-0.4545,0.884261,iprobe
E_local_gate_n33_tt_l2e-6_w2e-5_dc_iprobe_tt_on,1.080000,1.080000,14.931833,-0.4544,0.884261,iprobe
E_local_gate_n33_tt_l2e-6_w2e-5_dc_iprobe_tt_on,1.100000,1.100000,14.931846,-0.4544,0.884261,iprobe
E_local_gate_n33_tt_l2e-6_w2e-5_dc_iprobe_tt_on,1.120000,1.120000,14.931859,-0.4543,0.884261,iprobe
E_local_gate_n33_tt_l2e-6_w2e-5_dc_iprobe_tt_on,1.140000,1.140000,14.931871,-0.4542,0.884261,iprobe
E_local_gate_n33_tt_l2e-6_w2e-5_dc_iprobe_tt_on,1.160000,1.160000,14.931883,-0.4541,0.884261,iprobe
E_local_gate_n33_tt_l2e-6_w2e-5_dc_iprobe_tt_on,1.180000,1.180000,14.931894,-0.4540,0.884261,iprobe
E_local_gate_n33_tt_l2e-6_w2e-5_dc_iprobe_tt_on,1.200000,1.200000,14.931906,-0.4540,0.884261,iprobe
E_local_gate_n33_tt_l2e-6_w2e-5_dc_iprobe_tt_on,1.220000,1.220000,14.931916,-0.4539,0.884261,iprobe
E_local_gate_n33_tt_l2e-6_w2e-5_dc_iprobe_tt_on,1.240000,1.240000,14.931927,-0.4538,0.884261,iprobe
E_local_gate_n33_tt_l2e-6_w2e-5_dc_iprobe_tt_on,1.260000,1.260000,14.931937,-0.4538,0.884261,iprobe
E_local_gate_n33_tt_l2e-6_w2e-5_dc_iprobe_tt_on,1.280000,1.280000,14.931947,-0.4537,0.884261,iprobe
E_local_gate_n33_tt_l2e-6_w2e-5_dc_iprobe_tt_on,1.300000,1.300000,14.931957,-0.4536,0.884261,iprobe
E_local_gate_n33_tt_l2e-6_w2e-5_dc_iprobe_tt_on,1.320000,1.320000,14.931967,-0.4536,0.884261,iprobe
E_local_gate_n33_tt_l2e-6_w2e-5_dc_iprobe_tt_on,1.340000,1.340000,14.931976,-0.4535,0.884261,iprobe
E_local_gate_n33_tt_l2e-6_w2e-5_dc_iprobe_tt_on,1.360000,1.360000,14.931985,-0.4534,0.884261,iprobe
E_local_gate_n33_tt_l2e-6_w2e-5_dc_iprobe_tt_on,1.380000,1.380000,14.931994,-0.4534,0.884261,iprobe
E_local_gate_n33_tt_l2e-6_w2e-5_dc_iprobe_tt_on,1.400000,1.400000,14.932003,-0.4533,0.884261,iprobe
E_local_gate_n33_tt_l2e-6_w2e-5_dc_iprobe_tt_on,1.420000,1.420000,14.932012,-0.4533,0.884261,iprobe
E_local_gate_n33_tt_l2e-6_w2e-5_dc_iprobe_tt_on,1.440000,1.440000,14.932020,-0.4532,0.884261,iprobe
E_local_gate_n33_tt_l2e-6_w2e-5_dc_iprobe_tt_on,1.460000,1.460000,14.932029,-0.4531,0.884261,iprobe
E_local_gate_n33_tt_l2e-6_w2e-5_dc_iprobe_tt_on,1.480000,1.480000,14.932037,-0.4531,0.884261,iprobe
E_local_gate_n33_tt_l2e-6_w2e-5_dc_iprobe_tt_on,1.500000,1.500000,14.932045,-0.4530,0.884261,iprobe
E_local_gate_n33_tt_l2e-6_w2e-5_dc_iprobe_tt_on,1.520000,1.520000,14.932053,-0.4530,0.884261,iprobe
E_local_gate_n33_tt_l2e-6_w2e-5_dc_iprobe_tt_on,1.540000,1.540000,14.932061,-0.4529,0.884261,iprobe
E_local_gate_n33_tt_l2e-6_w2e-5_dc_iprobe_tt_on,1.560000,1.560000,14.932069,-0.4529,0.884261,iprobe
E_local_gate_n33_tt_l2e-6_w2e-5_dc_iprobe_tt_on,1.580000,1.580000,14.932077,-0.4528,0.884261,iprobe
E_local_gate_n33_tt_l2e-6_w2e-5_dc_iprobe_tt_on,1.600000,1.600000,14.932085,-0.4528,0.884261,iprobe
E_local_gate_n33_tt_l2e-6_w2e-5_dc_iprobe_tt_on,1.620000,1.620000,14.932092,-0.4527,0.884261,iprobe
E_local_gate_n33_tt_l2e-6_w2e-5_dc_iprobe_tt_on,1.640000,1.640000,14.932100,-0.4527,0.884261,iprobe
E_local_gate_n33_tt_l2e-6_w2e-5_dc_iprobe_tt_on,1.660000,1.660000,14.932107,-0.4526,0.884261,iprobe
E_local_gate_n33_tt_l2e-6_w2e-5_dc_iprobe_tt_on,1.680000,1.680000,14.932114,-0.4526,0.884261,iprobe
E_local_gate_n33_tt_l2e-6_w2e-5_dc_iprobe_tt_on,1.700000,1.700000,14.932122,-0.4525,0.884261,iprobe
E_local_gate_n33_tt_l2e-6_w2e-5_dc_iprobe_tt_on,1.720000,1.720000,14.932129,-0.4525,0.884261,iprobe
E_local_gate_n33_tt_l2e-6_w2e-5_dc_iprobe_tt_on,1.740000,1.740000,14.932136,-0.4524,0.884261,iprobe
E_local_gate_n33_tt_l2e-6_w2e-5_dc_iprobe_tt_on,1.760000,1.760000,14.932143,-0.4524,0.884261,iprobe
E_local_gate_n33_tt_l2e-6_w2e-5_dc_iprobe_tt_on,1.780000,1.780000,14.932150,-0.4523,0.884261,iprobe
E_local_gate_n33_tt_l2e-6_w2e-5_dc_iprobe_tt_on,1.800000,1.800000,14.932157,-0.4523,0.884261,iprobe
E_local_gate_n33_tt_l2e-6_w2e-5_dc_iprobe_tt_on,1.820000,1.820000,14.932164,-0.4522,0.884261,iprobe
E_local_gate_n33_tt_l2e-6_w2e-5_dc_iprobe_tt_on,1.840000,1.840000,14.932171,-0.4522,0.884261,iprobe
E_local_gate_n33_tt_l2e-6_w2e-5_dc_iprobe_tt_on,1.860000,1.860000,14.932177,-0.4522,0.884261,iprobe
E_local_gate_n33_tt_l2e-6_w2e-5_dc_iprobe_tt_on,1.880000,1.880000,14.932184,-0.4521,0.884261,iprobe
E_local_gate_n33_tt_l2e-6_w2e-5_dc_iprobe_tt_on,1.900000,1.900000,14.932191,-0.4521,0.884261,iprobe
E_local_gate_n33_tt_l2e-6_w2e-5_dc_iprobe_tt_on,1.920000,1.920000,14.932197,-0.4520,0.884261,iprobe
E_local_gate_n33_tt_l2e-6_w2e-5_dc_iprobe_tt_on,1.940000,1.940000,14.932204,-0.4520,0.884261,iprobe
E_local_gate_n33_tt_l2e-6_w2e-5_dc_iprobe_tt_on,1.960000,1.960000,14.932210,-0.4519,0.884261,iprobe
E_local_gate_n33_tt_l2e-6_w2e-5_dc_iprobe_tt_on,1.980000,1.980000,14.932217,-0.4519,0.884261,iprobe
E_local_gate_n33_tt_l2e-6_w2e-5_dc_iprobe_tt_on,2.000000,2.000000,14.932223,-0.4518,0.884261,iprobe
E_local_gate_n33_tt_l2e-6_w2e-5_dc_iprobe_tt_on,2.020000,2.020000,14.932230,-0.4518,0.884261,iprobe
E_local_gate_n33_tt_l2e-6_w2e-5_dc_iprobe_tt_on,2.040000,2.040000,14.932236,-0.4518,0.884261,iprobe
E_local_gate_n33_tt_l2e-6_w2e-5_dc_iprobe_tt_on,2.060000,2.060000,14.932243,-0.4517,0.884261,iprobe
E_local_gate_n33_tt_l2e-6_w2e-5_dc_iprobe_tt_on,2.080000,2.080000,14.932249,-0.4517,0.884261,iprobe
E_local_gate_n33_tt_l2e-6_w2e-5_dc_iprobe_tt_on,2.100000,2.100000,14.932256,-0.4516,0.884261,iprobe
E_local_gate_n33_tt_l2e-6_w2e-5_dc_iprobe_tt_on,2.120000,2.120000,14.932263,-0.4516,0.884261,iprobe
E_local_gate_n33_tt_l2e-6_w2e-5_dc_iprobe_tt_on,2.140000,2.140000,14.932269,-0.4515,0.884261,iprobe
E_local_gate_n33_tt_l2e-6_w2e-5_dc_iprobe_tt_on,2.160000,2.160000,14.932276,-0.4515,0.884261,iprobe
E_local_gate_n33_tt_l2e-6_w2e-5_dc_iprobe_tt_on,2.180000,2.180000,14.932283,-0.4514,0.884261,iprobe
E_local_gate_n33_tt_l2e-6_w2e-5_dc_iprobe_tt_on,2.200000,2.200000,14.932291,-0.4514,0.884261,iprobe
E_local_gate_n33_tt_l2e-6_w2e-5_dc_iprobe_tt_on,2.220000,2.220000,14.932299,-0.4513,0.884261,iprobe
E_local_gate_n33_tt_l2e-6_w2e-5_dc_iprobe_tt_on,2.240000,2.240000,14.932307,-0.4513,0.884261,iprobe
E_local_gate_n33_tt_l2e-6_w2e-5_dc_iprobe_tt_on,2.260000,2.260000,14.932316,-0.4512,0.884261,iprobe
E_local_gate_n33_tt_l2e-6_w2e-5_dc_iprobe_tt_on,2.280000,2.280000,14.932325,-0.4512,0.884261,iprobe
E_local_gate_n33_tt_l2e-6_w2e-5_dc_iprobe_tt_on,2.300000,2.300000,14.932335,-0.4511,0.884261,iprobe
E_local_gate_n33_tt_l2e-6_w2e-5_dc_iprobe_tt_on,2.320000,2.320000,14.932347,-0.4510,0.884261,iprobe
E_local_gate_n33_tt_l2e-6_w2e-5_dc_iprobe_tt_on,2.340000,2.340000,14.932359,-0.4509,0.884261,iprobe
E_local_gate_n33_tt_l2e-6_w2e-5_dc_iprobe_tt_on,2.360000,2.360000,14.932373,-0.4508,0.884261,iprobe
E_local_gate_n33_tt_l2e-6_w2e-5_dc_iprobe_tt_on,2.380000,2.380000,14.932388,-0.4507,0.884261,iprobe
E_local_gate_n33_tt_l2e-6_w2e-5_dc_iprobe_tt_on,2.400000,2.400000,14.932406,-0.4506,0.884261,iprobe
E_local_gate_n33_tt_l2e-6_w2e-5_dc_iprobe_tt_on,2.420000,2.420000,14.932426,-0.4505,0.884261,iprobe
E_local_gate_n33_tt_l2e-6_w2e-5_dc_iprobe_tt_on,2.440000,2.440000,14.932448,-0.4503,0.884261,iprobe
E_local_gate_n33_tt_l2e-6_w2e-5_dc_iprobe_tt_on,2.460000,2.460000,14.932474,-0.4502,0.884261,iprobe
E_local_gate_n33_tt_l2e-6_w2e-5_dc_iprobe_tt_on,2.480000,2.480000,14.932504,-0.4500,0.884261,iprobe
E_local_gate_n33_tt_l2e-6_w2e-5_dc_iprobe_tt_on,2.500000,2.500000,14.932538,-0.4497,0.884261,iprobe
E_local_gate_n33_tt_l2e-6_w2e-5_dc_iprobe_tt_on,2.520000,2.520000,14.932577,-0.4495,0.884261,iprobe
E_local_gate_n33_tt_l2e-6_w2e-5_dc_iprobe_tt_on,2.540000,2.540000,14.932621,-0.4492,0.884261,iprobe
E_local_gate_n33_tt_l2e-6_w2e-5_dc_iprobe_tt_on,2.560000,2.560000,14.932673,-0.4488,0.884261,iprobe
E_local_gate_n33_tt_l2e-6_w2e-5_dc_iprobe_tt_on,2.580000,2.580000,14.932731,-0.4485,0.884261,iprobe
E_local_gate_n33_tt_l2e-6_w2e-5_dc_iprobe_tt_on,2.600000,2.600000,14.932799,-0.4480,0.884261,iprobe
E_local_gate_n33_tt_l2e-6_w2e-5_dc_iprobe_tt_on,2.620000,2.620000,14.932875,-0.4475,0.884261,iprobe
E_local_gate_n33_tt_l2e-6_w2e-5_dc_iprobe_tt_on,2.640000,2.640000,14.932963,-0.4469,0.884261,iprobe
E_local_gate_n33_tt_l2e-6_w2e-5_dc_iprobe_tt_on,2.660000,2.660000,14.933063,-0.4462,0.884261,iprobe
E_local_gate_n33_tt_l2e-6_w2e-5_dc_iprobe_tt_on,2.680000,2.680000,14.933177,-0.4455,0.884261,iprobe
E_local_gate_n33_tt_l2e-6_w2e-5_dc_iprobe_tt_on,2.700000,2.700000,14.933306,-0.4446,0.884261,iprobe
E_local_gate_n33_tt_l2e-6_w2e-5_dc_iprobe_tt_on,2.720000,2.720000,14.933452,-0.4437,0.884261,iprobe
E_local_gate_n33_tt_l2e-6_w2e-5_dc_iprobe_tt_on,2.740000,2.740000,14.933617,-0.4426,0.884261,iprobe
E_local_gate_n33_tt_l2e-6_w2e-5_dc_iprobe_tt_on,2.760000,2.760000,14.933804,-0.4413,0.884261,iprobe
E_local_gate_n33_tt_l2e-6_w2e-5_dc_iprobe_tt_on,2.780000,2.780000,14.934014,-0.4399,0.884261,iprobe
E_local_gate_n33_tt_l2e-6_w2e-5_dc_iprobe_tt_on,2.800000,2.800000,14.934250,-0.4383,0.884261,iprobe
E_local_gate_n33_tt_l2e-6_w2e-5_dc_iprobe_tt_on,2.820000,2.820000,14.934515,-0.4366,0.884261,iprobe
E_local_gate_n33_tt_l2e-6_w2e-5_dc_iprobe_tt_on,2.840000,2.840000,14.934812,-0.4346,0.884261,iprobe
E_local_gate_n33_tt_l2e-6_w2e-5_dc_iprobe_tt_on,2.860000,2.860000,14.935143,-0.4324,0.884261,iprobe
E_local_gate_n33_tt_l2e-6_w2e-5_dc_iprobe_tt_on,2.880000,2.880000,14.935512,-0.4299,0.884261,iprobe
E_local_gate_n33_tt_l2e-6_w2e-5_dc_iprobe_tt_on,2.900000,2.900000,14.935923,-0.4272,0.884261,iprobe
E_local_gate_n33_tt_l2e-6_w2e-5_dc_iprobe_tt_on,2.920000,2.920000,14.936379,-0.4241,0.884261,iprobe
E_local_gate_n33_tt_l2e-6_w2e-5_dc_iprobe_tt_on,2.940000,2.940000,14.936884,-0.4208,0.884261,iprobe
E_local_gate_n33_tt_l2e-6_w2e-5_dc_iprobe_tt_on,2.960000,2.960000,14.937444,-0.4170,0.884261,iprobe
E_local_gate_n33_tt_l2e-6_w2e-5_dc_iprobe_tt_on,2.980000,2.980000,14.938061,-0.4129,0.884261,iprobe
E_local_gate_n33_tt_l2e-6_w2e-5_dc_iprobe_tt_on,3.000000,3.000000,14.938743,-0.4084,0.884261,iprobe
E_local_gate_n33_tt_l2e-6_w2e-5_dc_iprobe_tt_on,3.020000,3.020000,14.939492,-0.4034,0.884261,iprobe
E_local_gate_n33_tt_l2e-6_w2e-5_dc_iprobe_tt_on,3.040000,3.040000,14.940315,-0.3979,0.884261,iprobe
E_local_gate_n33_tt_l2e-6_w2e-5_dc_iprobe_tt_on,3.060000,3.060000,14.941219,-0.3919,0.884261,iprobe
E_local_gate_n33_tt_l2e-6_w2e-5_dc_iprobe_tt_on,3.080000,3.080000,14.942207,-0.3853,0.884261,iprobe
E_local_gate_n33_tt_l2e-6_w2e-5_dc_iprobe_tt_on,3.100000,3.100000,14.943289,-0.3781,0.884261,iprobe
E_local_gate_n33_tt_l2e-6_w2e-5_dc_iprobe_tt_on,3.120000,3.120000,14.944469,-0.3702,0.884261,iprobe
E_local_gate_n33_tt_l2e-6_w2e-5_dc_iprobe_tt_on,3.140000,3.140000,14.945756,-0.3616,0.884261,iprobe
E_local_gate_n33_tt_l2e-6_w2e-5_dc_iprobe_tt_on,3.160000,3.160000,14.947156,-0.3523,0.884261,iprobe
E_local_gate_n33_tt_l2e-6_w2e-5_dc_iprobe_tt_on,3.180000,3.180000,14.948677,-0.3422,0.884261,iprobe
E_local_gate_n33_tt_l2e-6_w2e-5_dc_iprobe_tt_on,3.200000,3.200000,14.950328,-0.3311,0.884261,iprobe
E_local_gate_n33_tt_l2e-6_w2e-5_dc_iprobe_tt_on,3.220000,3.220000,14.952118,-0.3192,0.884261,iprobe
E_local_gate_n33_tt_l2e-6_w2e-5_dc_iprobe_tt_on,3.240000,3.240000,14.954055,-0.3063,0.884261,iprobe
E_local_gate_n33_tt_l2e-6_w2e-5_dc_iprobe_tt_on,3.260000,3.260000,14.956148,-0.2923,0.884261,iprobe
E_local_gate_n33_tt_l2e-6_w2e-5_dc_iprobe_tt_on,3.280000,3.280000,14.958407,-0.2773,0.884261,iprobe
E_local_gate_n33_tt_l2e-6_w2e-5_dc_iprobe_tt_on,3.300000,3.300000,14.960843,-0.2610,0.884261,iprobe
Ednw_tt_on,0.000000,0.000000,-0.000000,-100.0000,0.884261,iprobe
Ednw_tt_on,0.020000,0.020000,4.290040,-71.3997,0.884261,iprobe
Ednw_tt_on,0.040000,0.040000,7.855070,-47.6329,0.884261,iprobe
Ednw_tt_on,0.060000,0.060000,10.670579,-28.8628,0.884261,iprobe
Ednw_tt_on,0.080000,0.080000,12.708470,-15.2769,0.884261,iprobe
Ednw_tt_on,0.100000,0.100000,13.945454,-7.0303,0.884261,iprobe
Ednw_tt_on,0.120000,0.120000,14.447539,-3.6831,0.884261,iprobe
Ednw_tt_on,0.140000,0.140000,14.576419,-2.8239,0.884261,iprobe
Ednw_tt_on,0.160000,0.160000,14.627626,-2.4825,0.884261,iprobe
Ednw_tt_on,0.180000,0.180000,14.660981,-2.2601,0.884261,iprobe
Ednw_tt_on,0.200000,0.200000,14.686840,-2.0877,0.884261,iprobe
Ednw_tt_on,0.220000,0.220000,14.708372,-1.9442,0.884261,iprobe
Ednw_tt_on,0.240000,0.240000,14.727006,-1.8200,0.884261,iprobe
Ednw_tt_on,0.260000,0.260000,14.743530,-1.7098,0.884261,iprobe
Ednw_tt_on,0.280000,0.280000,14.758438,-1.6104,0.884261,iprobe
Ednw_tt_on,0.300000,0.300000,14.772063,-1.5196,0.884261,iprobe
Ednw_tt_on,0.320000,0.320000,14.784639,-1.4357,0.884261,iprobe
Ednw_tt_on,0.340000,0.340000,14.796340,-1.3577,0.884261,iprobe
Ednw_tt_on,0.360000,0.360000,14.807296,-1.2847,0.884261,iprobe
Ednw_tt_on,0.380000,0.380000,14.817610,-1.2159,0.884261,iprobe
Ednw_tt_on,0.400000,0.400000,14.827359,-1.1509,0.884261,iprobe
Ednw_tt_on,0.420000,0.420000,14.836607,-1.0893,0.884261,iprobe
Ednw_tt_on,0.440000,0.440000,14.845403,-1.0306,0.884261,iprobe
Ednw_tt_on,0.460000,0.460000,14.853787,-0.9748,0.884261,iprobe
Ednw_tt_on,0.480000,0.480000,14.861788,-0.9214,0.884261,iprobe
Ednw_tt_on,0.500000,0.500000,14.869429,-0.8705,0.884261,iprobe
Ednw_tt_on,0.520000,0.520000,14.876724,-0.8218,0.884261,iprobe
Ednw_tt_on,0.540000,0.540000,14.883682,-0.7755,0.884261,iprobe
Ednw_tt_on,0.560000,0.560000,14.890303,-0.7313,0.884261,iprobe
Ednw_tt_on,0.580000,0.580000,14.896580,-0.6895,0.884261,iprobe
Ednw_tt_on,0.600000,0.600000,14.902498,-0.6500,0.884261,iprobe
Ednw_tt_on,0.620000,0.620000,14.908030,-0.6131,0.884261,iprobe
Ednw_tt_on,0.640000,0.640000,14.913141,-0.5791,0.884261,iprobe
Ednw_tt_on,0.660000,0.660000,14.917780,-0.5481,0.884261,iprobe
Ednw_tt_on,0.680000,0.680000,14.921882,-0.5208,0.884261,iprobe
Ednw_tt_on,0.700000,0.700000,14.925367,-0.4976,0.884261,iprobe
Ednw_tt_on,0.720000,0.720000,14.928133,-0.4791,0.884261,iprobe
Ednw_tt_on,0.740000,0.740000,14.930062,-0.4663,0.884261,iprobe
Ednw_tt_on,0.760000,0.760000,14.931068,-0.4595,0.884261,iprobe
Ednw_tt_on,0.780000,0.780000,14.931383,-0.4574,0.884261,iprobe
Ednw_tt_on,0.800000,0.800000,14.931484,-0.4568,0.884261,iprobe
Ednw_tt_on,0.820000,0.820000,14.931541,-0.4564,0.884261,iprobe
Ednw_tt_on,0.840000,0.840000,14.931583,-0.4561,0.884261,iprobe
Ednw_tt_on,0.860000,0.860000,14.931618,-0.4559,0.884261,iprobe
Ednw_tt_on,0.880000,0.880000,14.931648,-0.4557,0.884261,iprobe
Ednw_tt_on,0.900000,0.900000,14.931674,-0.4555,0.884261,iprobe
Ednw_tt_on,0.920000,0.920000,14.931697,-0.4554,0.884261,iprobe
Ednw_tt_on,0.940000,0.940000,14.931718,-0.4552,0.884261,iprobe
Ednw_tt_on,0.960000,0.960000,14.931738,-0.4551,0.884261,iprobe
Ednw_tt_on,0.980000,0.980000,14.931756,-0.4550,0.884261,iprobe
Ednw_tt_on,1.000000,1.000000,14.931773,-0.4548,0.884261,iprobe
Ednw_tt_on,1.020000,1.020000,14.931789,-0.4547,0.884261,iprobe
Ednw_tt_on,1.040000,1.040000,14.931805,-0.4546,0.884261,iprobe
Ednw_tt_on,1.060000,1.060000,14.931819,-0.4545,0.884261,iprobe
Ednw_tt_on,1.080000,1.080000,14.931833,-0.4544,0.884261,iprobe
Ednw_tt_on,1.100000,1.100000,14.931846,-0.4544,0.884261,iprobe
Ednw_tt_on,1.120000,1.120000,14.931859,-0.4543,0.884261,iprobe
Ednw_tt_on,1.140000,1.140000,14.931871,-0.4542,0.884261,iprobe
Ednw_tt_on,1.160000,1.160000,14.931883,-0.4541,0.884261,iprobe
Ednw_tt_on,1.180000,1.180000,14.931894,-0.4540,0.884261,iprobe
Ednw_tt_on,1.200000,1.200000,14.931906,-0.4540,0.884261,iprobe
Ednw_tt_on,1.220000,1.220000,14.931916,-0.4539,0.884261,iprobe
Ednw_tt_on,1.240000,1.240000,14.931927,-0.4538,0.884261,iprobe
Ednw_tt_on,1.260000,1.260000,14.931937,-0.4538,0.884261,iprobe
Ednw_tt_on,1.280000,1.280000,14.931947,-0.4537,0.884261,iprobe
Ednw_tt_on,1.300000,1.300000,14.931957,-0.4536,0.884261,iprobe
Ednw_tt_on,1.320000,1.320000,14.931967,-0.4536,0.884261,iprobe
Ednw_tt_on,1.340000,1.340000,14.931976,-0.4535,0.884261,iprobe
Ednw_tt_on,1.360000,1.360000,14.931985,-0.4534,0.884261,iprobe
Ednw_tt_on,1.380000,1.380000,14.931994,-0.4534,0.884261,iprobe
Ednw_tt_on,1.400000,1.400000,14.932003,-0.4533,0.884261,iprobe
Ednw_tt_on,1.420000,1.420000,14.932012,-0.4533,0.884261,iprobe
Ednw_tt_on,1.440000,1.440000,14.932020,-0.4532,0.884261,iprobe
Ednw_tt_on,1.460000,1.460000,14.932029,-0.4531,0.884261,iprobe
Ednw_tt_on,1.480000,1.480000,14.932037,-0.4531,0.884261,iprobe
Ednw_tt_on,1.500000,1.500000,14.932045,-0.4530,0.884261,iprobe
Ednw_tt_on,1.520000,1.520000,14.932053,-0.4530,0.884261,iprobe
Ednw_tt_on,1.540000,1.540000,14.932061,-0.4529,0.884261,iprobe
Ednw_tt_on,1.560000,1.560000,14.932069,-0.4529,0.884261,iprobe
Ednw_tt_on,1.580000,1.580000,14.932077,-0.4528,0.884261,iprobe
Ednw_tt_on,1.600000,1.600000,14.932085,-0.4528,0.884261,iprobe
Ednw_tt_on,1.620000,1.620000,14.932092,-0.4527,0.884261,iprobe
Ednw_tt_on,1.640000,1.640000,14.932100,-0.4527,0.884261,iprobe
Ednw_tt_on,1.660000,1.660000,14.932107,-0.4526,0.884261,iprobe
Ednw_tt_on,1.680000,1.680000,14.932114,-0.4526,0.884261,iprobe
Ednw_tt_on,1.700000,1.700000,14.932122,-0.4525,0.884261,iprobe
Ednw_tt_on,1.720000,1.720000,14.932129,-0.4525,0.884261,iprobe
Ednw_tt_on,1.740000,1.740000,14.932136,-0.4524,0.884261,iprobe
Ednw_tt_on,1.760000,1.760000,14.932143,-0.4524,0.884261,iprobe
Ednw_tt_on,1.780000,1.780000,14.932150,-0.4523,0.884261,iprobe
Ednw_tt_on,1.800000,1.800000,14.932157,-0.4523,0.884261,iprobe
Ednw_tt_on,1.820000,1.820000,14.932164,-0.4522,0.884261,iprobe
Ednw_tt_on,1.840000,1.840000,14.932171,-0.4522,0.884261,iprobe
Ednw_tt_on,1.860000,1.860000,14.932177,-0.4522,0.884261,iprobe
Ednw_tt_on,1.880000,1.880000,14.932184,-0.4521,0.884261,iprobe
Ednw_tt_on,1.900000,1.900000,14.932191,-0.4521,0.884261,iprobe
Ednw_tt_on,1.920000,1.920000,14.932197,-0.4520,0.884261,iprobe
Ednw_tt_on,1.940000,1.940000,14.932204,-0.4520,0.884261,iprobe
Ednw_tt_on,1.960000,1.960000,14.932210,-0.4519,0.884261,iprobe
Ednw_tt_on,1.980000,1.980000,14.932217,-0.4519,0.884261,iprobe
Ednw_tt_on,2.000000,2.000000,14.932223,-0.4518,0.884261,iprobe
Ednw_tt_on,2.020000,2.020000,14.932230,-0.4518,0.884261,iprobe
Ednw_tt_on,2.040000,2.040000,14.932236,-0.4518,0.884261,iprobe
Ednw_tt_on,2.060000,2.060000,14.932243,-0.4517,0.884261,iprobe
Ednw_tt_on,2.080000,2.080000,14.932249,-0.4517,0.884261,iprobe
Ednw_tt_on,2.100000,2.100000,14.932256,-0.4516,0.884261,iprobe
Ednw_tt_on,2.120000,2.120000,14.932263,-0.4516,0.884261,iprobe
Ednw_tt_on,2.140000,2.140000,14.932269,-0.4515,0.884261,iprobe
Ednw_tt_on,2.160000,2.160000,14.932276,-0.4515,0.884261,iprobe
Ednw_tt_on,2.180000,2.180000,14.932283,-0.4514,0.884261,iprobe
Ednw_tt_on,2.200000,2.200000,14.932291,-0.4514,0.884261,iprobe
Ednw_tt_on,2.220000,2.220000,14.932299,-0.4513,0.884261,iprobe
Ednw_tt_on,2.240000,2.240000,14.932307,-0.4513,0.884261,iprobe
Ednw_tt_on,2.260000,2.260000,14.932316,-0.4512,0.884261,iprobe
Ednw_tt_on,2.280000,2.280000,14.932325,-0.4512,0.884261,iprobe
Ednw_tt_on,2.300000,2.300000,14.932335,-0.4511,0.884261,iprobe
Ednw_tt_on,2.320000,2.320000,14.932347,-0.4510,0.884261,iprobe
Ednw_tt_on,2.340000,2.340000,14.932359,-0.4509,0.884261,iprobe
Ednw_tt_on,2.360000,2.360000,14.932373,-0.4508,0.884261,iprobe
Ednw_tt_on,2.380000,2.380000,14.932388,-0.4507,0.884261,iprobe
Ednw_tt_on,2.400000,2.400000,14.932406,-0.4506,0.884261,iprobe
Ednw_tt_on,2.420000,2.420000,14.932426,-0.4505,0.884261,iprobe
Ednw_tt_on,2.440000,2.440000,14.932448,-0.4503,0.884261,iprobe
Ednw_tt_on,2.460000,2.460000,14.932474,-0.4502,0.884261,iprobe
Ednw_tt_on,2.480000,2.480000,14.932504,-0.4500,0.884261,iprobe
Ednw_tt_on,2.500000,2.500000,14.932538,-0.4497,0.884261,iprobe
Ednw_tt_on,2.520000,2.520000,14.932577,-0.4495,0.884261,iprobe
Ednw_tt_on,2.540000,2.540000,14.932621,-0.4492,0.884261,iprobe
Ednw_tt_on,2.560000,2.560000,14.932673,-0.4488,0.884261,iprobe
Ednw_tt_on,2.580000,2.580000,14.932731,-0.4485,0.884261,iprobe
Ednw_tt_on,2.600000,2.600000,14.932799,-0.4480,0.884261,iprobe
Ednw_tt_on,2.620000,2.620000,14.932875,-0.4475,0.884261,iprobe
Ednw_tt_on,2.640000,2.640000,14.932963,-0.4469,0.884261,iprobe
Ednw_tt_on,2.660000,2.660000,14.933063,-0.4462,0.884261,iprobe
Ednw_tt_on,2.680000,2.680000,14.933177,-0.4455,0.884261,iprobe
Ednw_tt_on,2.700000,2.700000,14.933306,-0.4446,0.884261,iprobe
Ednw_tt_on,2.720000,2.720000,14.933452,-0.4437,0.884261,iprobe
Ednw_tt_on,2.740000,2.740000,14.933617,-0.4426,0.884261,iprobe
Ednw_tt_on,2.760000,2.760000,14.933804,-0.4413,0.884261,iprobe
Ednw_tt_on,2.780000,2.780000,14.934014,-0.4399,0.884261,iprobe
Ednw_tt_on,2.800000,2.800000,14.934250,-0.4383,0.884261,iprobe
Ednw_tt_on,2.820000,2.820000,14.934515,-0.4366,0.884261,iprobe
Ednw_tt_on,2.840000,2.840000,14.934812,-0.4346,0.884261,iprobe
Ednw_tt_on,2.860000,2.860000,14.935143,-0.4324,0.884261,iprobe
Ednw_tt_on,2.880000,2.880000,14.935512,-0.4299,0.884261,iprobe
Ednw_tt_on,2.900000,2.900000,14.935923,-0.4272,0.884261,iprobe
Ednw_tt_on,2.920000,2.920000,14.936379,-0.4241,0.884261,iprobe
Ednw_tt_on,2.940000,2.940000,14.936884,-0.4208,0.884261,iprobe
Ednw_tt_on,2.960000,2.960000,14.937444,-0.4170,0.884261,iprobe
Ednw_tt_on,2.980000,2.980000,14.938061,-0.4129,0.884261,iprobe
Ednw_tt_on,3.000000,3.000000,14.938743,-0.4084,0.884261,iprobe
Ednw_tt_on,3.020000,3.020000,14.939492,-0.4034,0.884261,iprobe
Ednw_tt_on,3.040000,3.040000,14.940315,-0.3979,0.884261,iprobe
Ednw_tt_on,3.060000,3.060000,14.941219,-0.3919,0.884261,iprobe
Ednw_tt_on,3.080000,3.080000,14.942207,-0.3853,0.884261,iprobe
Ednw_tt_on,3.100000,3.100000,14.943289,-0.3781,0.884261,iprobe
Ednw_tt_on,3.120000,3.120000,14.944469,-0.3702,0.884261,iprobe
Ednw_tt_on,3.140000,3.140000,14.945756,-0.3616,0.884261,iprobe
Ednw_tt_on,3.160000,3.160000,14.947156,-0.3523,0.884261,iprobe
Ednw_tt_on,3.180000,3.180000,14.948677,-0.3422,0.884261,iprobe
Ednw_tt_on,3.200000,3.200000,14.950328,-0.3311,0.884261,iprobe
Ednw_tt_on,3.220000,3.220000,14.952118,-0.3192,0.884261,iprobe
Ednw_tt_on,3.240000,3.240000,14.954055,-0.3063,0.884261,iprobe
Ednw_tt_on,3.260000,3.260000,14.956148,-0.2923,0.884261,iprobe
Ednw_tt_on,3.280000,3.280000,14.958407,-0.2773,0.884261,iprobe
Ednw_tt_on,3.300000,3.300000,14.960843,-0.2610,0.884261,iprobe
E_local_gate_n33_tt_l2e-6_w2e-5_dc_iprobe_tt_off,0.000000,0.000000,-0.000000,-100.0000,0.884277,iprobe
E_local_gate_n33_tt_l2e-6_w2e-5_dc_iprobe_tt_off,0.020000,0.020000,0.000000,-100.0000,0.884261,iprobe
E_local_gate_n33_tt_l2e-6_w2e-5_dc_iprobe_tt_off,0.040000,0.040000,0.000000,-100.0000,0.884261,iprobe
E_local_gate_n33_tt_l2e-6_w2e-5_dc_iprobe_tt_off,0.060000,0.060000,0.000000,-100.0000,0.884261,iprobe
E_local_gate_n33_tt_l2e-6_w2e-5_dc_iprobe_tt_off,0.080000,0.080000,0.000000,-100.0000,0.884261,iprobe
E_local_gate_n33_tt_l2e-6_w2e-5_dc_iprobe_tt_off,0.100000,0.100000,0.000000,-100.0000,0.884261,iprobe
E_local_gate_n33_tt_l2e-6_w2e-5_dc_iprobe_tt_off,0.120000,0.120000,0.000000,-100.0000,0.884261,iprobe
E_local_gate_n33_tt_l2e-6_w2e-5_dc_iprobe_tt_off,0.140000,0.140000,0.000000,-100.0000,0.884261,iprobe
E_local_gate_n33_tt_l2e-6_w2e-5_dc_iprobe_tt_off,0.160000,0.160000,0.000000,-100.0000,0.884261,iprobe
E_local_gate_n33_tt_l2e-6_w2e-5_dc_iprobe_tt_off,0.180000,0.180000,0.000000,-100.0000,0.884261,iprobe
E_local_gate_n33_tt_l2e-6_w2e-5_dc_iprobe_tt_off,0.200000,0.200000,0.000000,-100.0000,0.884261,iprobe
E_local_gate_n33_tt_l2e-6_w2e-5_dc_iprobe_tt_off,0.220000,0.220000,0.000000,-100.0000,0.884261,iprobe
E_local_gate_n33_tt_l2e-6_w2e-5_dc_iprobe_tt_off,0.240000,0.240000,0.000000,-100.0000,0.884261,iprobe
E_local_gate_n33_tt_l2e-6_w2e-5_dc_iprobe_tt_off,0.260000,0.260000,0.000000,-100.0000,0.884261,iprobe
E_local_gate_n33_tt_l2e-6_w2e-5_dc_iprobe_tt_off,0.280000,0.280000,0.000000,-100.0000,0.884261,iprobe
E_local_gate_n33_tt_l2e-6_w2e-5_dc_iprobe_tt_off,0.300000,0.300000,0.000000,-100.0000,0.884261,iprobe
E_local_gate_n33_tt_l2e-6_w2e-5_dc_iprobe_tt_off,0.320000,0.320000,0.000000,-100.0000,0.884261,iprobe
E_local_gate_n33_tt_l2e-6_w2e-5_dc_iprobe_tt_off,0.340000,0.340000,0.000000,-100.0000,0.884261,iprobe
E_local_gate_n33_tt_l2e-6_w2e-5_dc_iprobe_tt_off,0.360000,0.360000,0.000000,-100.0000,0.884261,iprobe
E_local_gate_n33_tt_l2e-6_w2e-5_dc_iprobe_tt_off,0.380000,0.380000,0.000000,-100.0000,0.884261,iprobe
E_local_gate_n33_tt_l2e-6_w2e-5_dc_iprobe_tt_off,0.400000,0.400000,0.000000,-100.0000,0.884261,iprobe
E_local_gate_n33_tt_l2e-6_w2e-5_dc_iprobe_tt_off,0.420000,0.420000,0.000000,-100.0000,0.884261,iprobe
E_local_gate_n33_tt_l2e-6_w2e-5_dc_iprobe_tt_off,0.440000,0.440000,0.000000,-100.0000,0.884261,iprobe
E_local_gate_n33_tt_l2e-6_w2e-5_dc_iprobe_tt_off,0.460000,0.460000,0.000000,-100.0000,0.884261,iprobe
E_local_gate_n33_tt_l2e-6_w2e-5_dc_iprobe_tt_off,0.480000,0.480000,0.000000,-100.0000,0.884261,iprobe
E_local_gate_n33_tt_l2e-6_w2e-5_dc_iprobe_tt_off,0.500000,0.500000,0.000000,-100.0000,0.884261,iprobe
E_local_gate_n33_tt_l2e-6_w2e-5_dc_iprobe_tt_off,0.520000,0.520000,0.000000,-100.0000,0.884261,iprobe
E_local_gate_n33_tt_l2e-6_w2e-5_dc_iprobe_tt_off,0.540000,0.540000,0.000000,-100.0000,0.884261,iprobe
E_local_gate_n33_tt_l2e-6_w2e-5_dc_iprobe_tt_off,0.560000,0.560000,0.000000,-100.0000,0.884261,iprobe
E_local_gate_n33_tt_l2e-6_w2e-5_dc_iprobe_tt_off,0.580000,0.580000,0.000000,-100.0000,0.884261,iprobe
E_local_gate_n33_tt_l2e-6_w2e-5_dc_iprobe_tt_off,0.600000,0.600000,0.000000,-100.0000,0.884261,iprobe
E_local_gate_n33_tt_l2e-6_w2e-5_dc_iprobe_tt_off,0.620000,0.620000,0.000000,-100.0000,0.884261,iprobe
E_local_gate_n33_tt_l2e-6_w2e-5_dc_iprobe_tt_off,0.640000,0.640000,0.000000,-100.0000,0.884261,iprobe
E_local_gate_n33_tt_l2e-6_w2e-5_dc_iprobe_tt_off,0.660000,0.660000,0.000000,-100.0000,0.884261,iprobe
E_local_gate_n33_tt_l2e-6_w2e-5_dc_iprobe_tt_off,0.680000,0.680000,0.000000,-100.0000,0.884261,iprobe
E_local_gate_n33_tt_l2e-6_w2e-5_dc_iprobe_tt_off,0.700000,0.700000,0.000000,-100.0000,0.884261,iprobe
E_local_gate_n33_tt_l2e-6_w2e-5_dc_iprobe_tt_off,0.720000,0.720000,0.000000,-100.0000,0.884261,iprobe
E_local_gate_n33_tt_l2e-6_w2e-5_dc_iprobe_tt_off,0.740000,0.740000,0.000000,-100.0000,0.884261,iprobe
E_local_gate_n33_tt_l2e-6_w2e-5_dc_iprobe_tt_off,0.760000,0.760000,0.000000,-100.0000,0.884261,iprobe
E_local_gate_n33_tt_l2e-6_w2e-5_dc_iprobe_tt_off,0.780000,0.780000,0.000000,-100.0000,0.884261,iprobe
E_local_gate_n33_tt_l2e-6_w2e-5_dc_iprobe_tt_off,0.800000,0.800000,0.000000,-100.0000,0.884261,iprobe
E_local_gate_n33_tt_l2e-6_w2e-5_dc_iprobe_tt_off,0.820000,0.820000,0.000000,-100.0000,0.884261,iprobe
E_local_gate_n33_tt_l2e-6_w2e-5_dc_iprobe_tt_off,0.840000,0.840000,0.000000,-100.0000,0.884261,iprobe
E_local_gate_n33_tt_l2e-6_w2e-5_dc_iprobe_tt_off,0.860000,0.860000,0.000000,-100.0000,0.884261,iprobe
E_local_gate_n33_tt_l2e-6_w2e-5_dc_iprobe_tt_off,0.880000,0.880000,0.000000,-100.0000,0.884261,iprobe
E_local_gate_n33_tt_l2e-6_w2e-5_dc_iprobe_tt_off,0.900000,0.900000,0.000000,-100.0000,0.884261,iprobe
E_local_gate_n33_tt_l2e-6_w2e-5_dc_iprobe_tt_off,0.920000,0.920000,0.000000,-100.0000,0.884261,iprobe
E_local_gate_n33_tt_l2e-6_w2e-5_dc_iprobe_tt_off,0.940000,0.940000,0.000000,-100.0000,0.884261,iprobe
E_local_gate_n33_tt_l2e-6_w2e-5_dc_iprobe_tt_off,0.960000,0.960000,0.000000,-100.0000,0.884261,iprobe
E_local_gate_n33_tt_l2e-6_w2e-5_dc_iprobe_tt_off,0.980000,0.980000,0.000001,-100.0000,0.884261,iprobe
E_local_gate_n33_tt_l2e-6_w2e-5_dc_iprobe_tt_off,1.000000,1.000000,0.000001,-100.0000,0.884261,iprobe
E_local_gate_n33_tt_l2e-6_w2e-5_dc_iprobe_tt_off,1.020000,1.020000,0.000001,-100.0000,0.884261,iprobe
E_local_gate_n33_tt_l2e-6_w2e-5_dc_iprobe_tt_off,1.040000,1.040000,0.000001,-100.0000,0.884261,iprobe
E_local_gate_n33_tt_l2e-6_w2e-5_dc_iprobe_tt_off,1.060000,1.060000,0.000001,-100.0000,0.884261,iprobe
E_local_gate_n33_tt_l2e-6_w2e-5_dc_iprobe_tt_off,1.080000,1.080000,0.000001,-100.0000,0.884261,iprobe
E_local_gate_n33_tt_l2e-6_w2e-5_dc_iprobe_tt_off,1.100000,1.100000,0.000001,-100.0000,0.884261,iprobe
E_local_gate_n33_tt_l2e-6_w2e-5_dc_iprobe_tt_off,1.120000,1.120000,0.000001,-100.0000,0.884261,iprobe
E_local_gate_n33_tt_l2e-6_w2e-5_dc_iprobe_tt_off,1.140000,1.140000,0.000001,-100.0000,0.884261,iprobe
E_local_gate_n33_tt_l2e-6_w2e-5_dc_iprobe_tt_off,1.160000,1.160000,0.000001,-100.0000,0.884261,iprobe
E_local_gate_n33_tt_l2e-6_w2e-5_dc_iprobe_tt_off,1.180000,1.180000,0.000001,-100.0000,0.884261,iprobe
E_local_gate_n33_tt_l2e-6_w2e-5_dc_iprobe_tt_off,1.200000,1.200000,0.000001,-100.0000,0.884261,iprobe
E_local_gate_n33_tt_l2e-6_w2e-5_dc_iprobe_tt_off,1.220000,1.220000,0.000001,-100.0000,0.884261,iprobe
E_local_gate_n33_tt_l2e-6_w2e-5_dc_iprobe_tt_off,1.240000,1.240000,0.000001,-100.0000,0.884261,iprobe
E_local_gate_n33_tt_l2e-6_w2e-5_dc_iprobe_tt_off,1.260000,1.260000,0.000001,-100.0000,0.884261,iprobe
E_local_gate_n33_tt_l2e-6_w2e-5_dc_iprobe_tt_off,1.280000,1.280000,0.000001,-100.0000,0.884261,iprobe
E_local_gate_n33_tt_l2e-6_w2e-5_dc_iprobe_tt_off,1.300000,1.300000,0.000001,-100.0000,0.884261,iprobe
E_local_gate_n33_tt_l2e-6_w2e-5_dc_iprobe_tt_off,1.320000,1.320000,0.000001,-100.0000,0.884261,iprobe
E_local_gate_n33_tt_l2e-6_w2e-5_dc_iprobe_tt_off,1.340000,1.340000,0.000001,-100.0000,0.884261,iprobe
E_local_gate_n33_tt_l2e-6_w2e-5_dc_iprobe_tt_off,1.360000,1.360000,0.000001,-100.0000,0.884261,iprobe
E_local_gate_n33_tt_l2e-6_w2e-5_dc_iprobe_tt_off,1.380000,1.380000,0.000001,-100.0000,0.884261,iprobe
E_local_gate_n33_tt_l2e-6_w2e-5_dc_iprobe_tt_off,1.400000,1.400000,0.000001,-100.0000,0.884261,iprobe
E_local_gate_n33_tt_l2e-6_w2e-5_dc_iprobe_tt_off,1.420000,1.420000,0.000001,-100.0000,0.884261,iprobe
E_local_gate_n33_tt_l2e-6_w2e-5_dc_iprobe_tt_off,1.440000,1.440000,0.000001,-100.0000,0.884261,iprobe
E_local_gate_n33_tt_l2e-6_w2e-5_dc_iprobe_tt_off,1.460000,1.460000,0.000001,-100.0000,0.884261,iprobe
E_local_gate_n33_tt_l2e-6_w2e-5_dc_iprobe_tt_off,1.480000,1.480000,0.000001,-100.0000,0.884261,iprobe
E_local_gate_n33_tt_l2e-6_w2e-5_dc_iprobe_tt_off,1.500000,1.500000,0.000001,-100.0000,0.884261,iprobe
E_local_gate_n33_tt_l2e-6_w2e-5_dc_iprobe_tt_off,1.520000,1.520000,0.000001,-100.0000,0.884261,iprobe
E_local_gate_n33_tt_l2e-6_w2e-5_dc_iprobe_tt_off,1.540000,1.540000,0.000001,-100.0000,0.884261,iprobe
E_local_gate_n33_tt_l2e-6_w2e-5_dc_iprobe_tt_off,1.560000,1.560000,0.000001,-100.0000,0.884261,iprobe
E_local_gate_n33_tt_l2e-6_w2e-5_dc_iprobe_tt_off,1.580000,1.580000,0.000001,-100.0000,0.884261,iprobe
E_local_gate_n33_tt_l2e-6_w2e-5_dc_iprobe_tt_off,1.600000,1.600000,0.000001,-100.0000,0.884261,iprobe
E_local_gate_n33_tt_l2e-6_w2e-5_dc_iprobe_tt_off,1.620000,1.620000,0.000001,-100.0000,0.884261,iprobe
E_local_gate_n33_tt_l2e-6_w2e-5_dc_iprobe_tt_off,1.640000,1.640000,0.000001,-100.0000,0.884261,iprobe
E_local_gate_n33_tt_l2e-6_w2e-5_dc_iprobe_tt_off,1.660000,1.660000,0.000001,-100.0000,0.884261,iprobe
E_local_gate_n33_tt_l2e-6_w2e-5_dc_iprobe_tt_off,1.680000,1.680000,0.000001,-100.0000,0.884261,iprobe
E_local_gate_n33_tt_l2e-6_w2e-5_dc_iprobe_tt_off,1.700000,1.700000,0.000001,-100.0000,0.884261,iprobe
E_local_gate_n33_tt_l2e-6_w2e-5_dc_iprobe_tt_off,1.720000,1.720000,0.000001,-100.0000,0.884261,iprobe
E_local_gate_n33_tt_l2e-6_w2e-5_dc_iprobe_tt_off,1.740000,1.740000,0.000001,-100.0000,0.884261,iprobe
E_local_gate_n33_tt_l2e-6_w2e-5_dc_iprobe_tt_off,1.760000,1.760000,0.000001,-100.0000,0.884261,iprobe
E_local_gate_n33_tt_l2e-6_w2e-5_dc_iprobe_tt_off,1.780000,1.780000,0.000001,-100.0000,0.884261,iprobe
E_local_gate_n33_tt_l2e-6_w2e-5_dc_iprobe_tt_off,1.800000,1.800000,0.000001,-100.0000,0.884261,iprobe
E_local_gate_n33_tt_l2e-6_w2e-5_dc_iprobe_tt_off,1.820000,1.820000,0.000001,-100.0000,0.884261,iprobe
E_local_gate_n33_tt_l2e-6_w2e-5_dc_iprobe_tt_off,1.840000,1.840000,0.000001,-100.0000,0.884261,iprobe
E_local_gate_n33_tt_l2e-6_w2e-5_dc_iprobe_tt_off,1.860000,1.860000,0.000001,-100.0000,0.884261,iprobe
E_local_gate_n33_tt_l2e-6_w2e-5_dc_iprobe_tt_off,1.880000,1.880000,0.000001,-100.0000,0.884261,iprobe
E_local_gate_n33_tt_l2e-6_w2e-5_dc_iprobe_tt_off,1.900000,1.900000,0.000001,-100.0000,0.884261,iprobe
E_local_gate_n33_tt_l2e-6_w2e-5_dc_iprobe_tt_off,1.920000,1.920000,0.000001,-100.0000,0.884261,iprobe
E_local_gate_n33_tt_l2e-6_w2e-5_dc_iprobe_tt_off,1.940000,1.940000,0.000001,-100.0000,0.884261,iprobe
E_local_gate_n33_tt_l2e-6_w2e-5_dc_iprobe_tt_off,1.960000,1.960000,0.000001,-100.0000,0.884261,iprobe
E_local_gate_n33_tt_l2e-6_w2e-5_dc_iprobe_tt_off,1.980000,1.980000,0.000001,-100.0000,0.884261,iprobe
E_local_gate_n33_tt_l2e-6_w2e-5_dc_iprobe_tt_off,2.000000,2.000000,0.000001,-100.0000,0.884261,iprobe
E_local_gate_n33_tt_l2e-6_w2e-5_dc_iprobe_tt_off,2.020000,2.020000,0.000001,-100.0000,0.884261,iprobe
E_local_gate_n33_tt_l2e-6_w2e-5_dc_iprobe_tt_off,2.040000,2.040000,0.000001,-100.0000,0.884261,iprobe
E_local_gate_n33_tt_l2e-6_w2e-5_dc_iprobe_tt_off,2.060000,2.060000,0.000001,-100.0000,0.884261,iprobe
E_local_gate_n33_tt_l2e-6_w2e-5_dc_iprobe_tt_off,2.080000,2.080000,0.000001,-100.0000,0.884261,iprobe
E_local_gate_n33_tt_l2e-6_w2e-5_dc_iprobe_tt_off,2.100000,2.100000,0.000001,-100.0000,0.884261,iprobe
E_local_gate_n33_tt_l2e-6_w2e-5_dc_iprobe_tt_off,2.120000,2.120000,0.000001,-100.0000,0.884261,iprobe
E_local_gate_n33_tt_l2e-6_w2e-5_dc_iprobe_tt_off,2.140000,2.140000,0.000001,-100.0000,0.884261,iprobe
E_local_gate_n33_tt_l2e-6_w2e-5_dc_iprobe_tt_off,2.160000,2.160000,0.000002,-100.0000,0.884261,iprobe
E_local_gate_n33_tt_l2e-6_w2e-5_dc_iprobe_tt_off,2.180000,2.180000,0.000002,-100.0000,0.884261,iprobe
E_local_gate_n33_tt_l2e-6_w2e-5_dc_iprobe_tt_off,2.200000,2.200000,0.000002,-100.0000,0.884261,iprobe
E_local_gate_n33_tt_l2e-6_w2e-5_dc_iprobe_tt_off,2.220000,2.220000,0.000002,-100.0000,0.884261,iprobe
E_local_gate_n33_tt_l2e-6_w2e-5_dc_iprobe_tt_off,2.240000,2.240000,0.000002,-100.0000,0.884261,iprobe
E_local_gate_n33_tt_l2e-6_w2e-5_dc_iprobe_tt_off,2.260000,2.260000,0.000002,-100.0000,0.884261,iprobe
E_local_gate_n33_tt_l2e-6_w2e-5_dc_iprobe_tt_off,2.280000,2.280000,0.000002,-100.0000,0.884261,iprobe
E_local_gate_n33_tt_l2e-6_w2e-5_dc_iprobe_tt_off,2.300000,2.300000,0.000002,-100.0000,0.884261,iprobe
E_local_gate_n33_tt_l2e-6_w2e-5_dc_iprobe_tt_off,2.320000,2.320000,0.000002,-100.0000,0.884261,iprobe
E_local_gate_n33_tt_l2e-6_w2e-5_dc_iprobe_tt_off,2.340000,2.340000,0.000002,-100.0000,0.884261,iprobe
E_local_gate_n33_tt_l2e-6_w2e-5_dc_iprobe_tt_off,2.360000,2.360000,0.000002,-100.0000,0.884261,iprobe
E_local_gate_n33_tt_l2e-6_w2e-5_dc_iprobe_tt_off,2.380000,2.380000,0.000002,-100.0000,0.884261,iprobe
E_local_gate_n33_tt_l2e-6_w2e-5_dc_iprobe_tt_off,2.400000,2.400000,0.000002,-100.0000,0.884261,iprobe
E_local_gate_n33_tt_l2e-6_w2e-5_dc_iprobe_tt_off,2.420000,2.420000,0.000002,-100.0000,0.884261,iprobe
E_local_gate_n33_tt_l2e-6_w2e-5_dc_iprobe_tt_off,2.440000,2.440000,0.000002,-100.0000,0.884261,iprobe
E_local_gate_n33_tt_l2e-6_w2e-5_dc_iprobe_tt_off,2.460000,2.460000,0.000002,-100.0000,0.884261,iprobe
E_local_gate_n33_tt_l2e-6_w2e-5_dc_iprobe_tt_off,2.480000,2.480000,0.000002,-100.0000,0.884261,iprobe
E_local_gate_n33_tt_l2e-6_w2e-5_dc_iprobe_tt_off,2.500000,2.500000,0.000002,-100.0000,0.884261,iprobe
E_local_gate_n33_tt_l2e-6_w2e-5_dc_iprobe_tt_off,2.520000,2.520000,0.000002,-100.0000,0.884261,iprobe
E_local_gate_n33_tt_l2e-6_w2e-5_dc_iprobe_tt_off,2.540000,2.540000,0.000002,-100.0000,0.884261,iprobe
E_local_gate_n33_tt_l2e-6_w2e-5_dc_iprobe_tt_off,2.560000,2.560000,0.000002,-100.0000,0.884261,iprobe
E_local_gate_n33_tt_l2e-6_w2e-5_dc_iprobe_tt_off,2.580000,2.580000,0.000002,-100.0000,0.884261,iprobe
E_local_gate_n33_tt_l2e-6_w2e-5_dc_iprobe_tt_off,2.600000,2.600000,0.000002,-100.0000,0.884261,iprobe
E_local_gate_n33_tt_l2e-6_w2e-5_dc_iprobe_tt_off,2.620000,2.620000,0.000002,-100.0000,0.884261,iprobe
E_local_gate_n33_tt_l2e-6_w2e-5_dc_iprobe_tt_off,2.640000,2.640000,0.000002,-100.0000,0.884261,iprobe
E_local_gate_n33_tt_l2e-6_w2e-5_dc_iprobe_tt_off,2.660000,2.660000,0.000002,-100.0000,0.884261,iprobe
E_local_gate_n33_tt_l2e-6_w2e-5_dc_iprobe_tt_off,2.680000,2.680000,0.000002,-100.0000,0.884261,iprobe
E_local_gate_n33_tt_l2e-6_w2e-5_dc_iprobe_tt_off,2.700000,2.700000,0.000003,-100.0000,0.884261,iprobe
E_local_gate_n33_tt_l2e-6_w2e-5_dc_iprobe_tt_off,2.720000,2.720000,0.000003,-100.0000,0.884261,iprobe
E_local_gate_n33_tt_l2e-6_w2e-5_dc_iprobe_tt_off,2.740000,2.740000,0.000003,-100.0000,0.884261,iprobe
E_local_gate_n33_tt_l2e-6_w2e-5_dc_iprobe_tt_off,2.760000,2.760000,0.000003,-100.0000,0.884261,iprobe
E_local_gate_n33_tt_l2e-6_w2e-5_dc_iprobe_tt_off,2.780000,2.780000,0.000003,-100.0000,0.884261,iprobe
E_local_gate_n33_tt_l2e-6_w2e-5_dc_iprobe_tt_off,2.800000,2.800000,0.000003,-100.0000,0.884261,iprobe
E_local_gate_n33_tt_l2e-6_w2e-5_dc_iprobe_tt_off,2.820000,2.820000,0.000003,-100.0000,0.884261,iprobe
E_local_gate_n33_tt_l2e-6_w2e-5_dc_iprobe_tt_off,2.840000,2.840000,0.000003,-100.0000,0.884261,iprobe
E_local_gate_n33_tt_l2e-6_w2e-5_dc_iprobe_tt_off,2.860000,2.860000,0.000003,-100.0000,0.884261,iprobe
E_local_gate_n33_tt_l2e-6_w2e-5_dc_iprobe_tt_off,2.880000,2.880000,0.000003,-100.0000,0.884261,iprobe
E_local_gate_n33_tt_l2e-6_w2e-5_dc_iprobe_tt_off,2.900000,2.900000,0.000003,-100.0000,0.884261,iprobe
E_local_gate_n33_tt_l2e-6_w2e-5_dc_iprobe_tt_off,2.920000,2.920000,0.000003,-100.0000,0.884261,iprobe
E_local_gate_n33_tt_l2e-6_w2e-5_dc_iprobe_tt_off,2.940000,2.940000,0.000003,-100.0000,0.884261,iprobe
E_local_gate_n33_tt_l2e-6_w2e-5_dc_iprobe_tt_off,2.960000,2.960000,0.000003,-100.0000,0.884261,iprobe
E_local_gate_n33_tt_l2e-6_w2e-5_dc_iprobe_tt_off,2.980000,2.980000,0.000003,-100.0000,0.884261,iprobe
E_local_gate_n33_tt_l2e-6_w2e-5_dc_iprobe_tt_off,3.000000,3.000000,0.000003,-100.0000,0.884261,iprobe
E_local_gate_n33_tt_l2e-6_w2e-5_dc_iprobe_tt_off,3.020000,3.020000,0.000003,-100.0000,0.884261,iprobe
E_local_gate_n33_tt_l2e-6_w2e-5_dc_iprobe_tt_off,3.040000,3.040000,0.000004,-100.0000,0.884261,iprobe
E_local_gate_n33_tt_l2e-6_w2e-5_dc_iprobe_tt_off,3.060000,3.060000,0.000004,-100.0000,0.884261,iprobe
E_local_gate_n33_tt_l2e-6_w2e-5_dc_iprobe_tt_off,3.080000,3.080000,0.000004,-100.0000,0.884261,iprobe
E_local_gate_n33_tt_l2e-6_w2e-5_dc_iprobe_tt_off,3.100000,3.100000,0.000004,-100.0000,0.884261,iprobe
E_local_gate_n33_tt_l2e-6_w2e-5_dc_iprobe_tt_off,3.120000,3.120000,0.000004,-100.0000,0.884261,iprobe
E_local_gate_n33_tt_l2e-6_w2e-5_dc_iprobe_tt_off,3.140000,3.140000,0.000004,-100.0000,0.884261,iprobe
E_local_gate_n33_tt_l2e-6_w2e-5_dc_iprobe_tt_off,3.160000,3.160000,0.000004,-100.0000,0.884261,iprobe
E_local_gate_n33_tt_l2e-6_w2e-5_dc_iprobe_tt_off,3.180000,3.180000,0.000004,-100.0000,0.884261,iprobe
E_local_gate_n33_tt_l2e-6_w2e-5_dc_iprobe_tt_off,3.200000,3.200000,0.000004,-100.0000,0.884261,iprobe
E_local_gate_n33_tt_l2e-6_w2e-5_dc_iprobe_tt_off,3.220000,3.220000,0.000004,-100.0000,0.884261,iprobe
E_local_gate_n33_tt_l2e-6_w2e-5_dc_iprobe_tt_off,3.240000,3.240000,0.000004,-100.0000,0.884261,iprobe
E_local_gate_n33_tt_l2e-6_w2e-5_dc_iprobe_tt_off,3.260000,3.260000,0.000004,-100.0000,0.884261,iprobe
E_local_gate_n33_tt_l2e-6_w2e-5_dc_iprobe_tt_off,3.280000,3.280000,0.000004,-100.0000,0.884261,iprobe
E_local_gate_n33_tt_l2e-6_w2e-5_dc_iprobe_tt_off,3.300000,3.300000,0.000005,-100.0000,0.884261,iprobe
Ednw_tt_off,0.000000,0.000000,-0.000000,-100.0000,0.884277,iprobe
Ednw_tt_off,0.020000,0.020000,0.000000,-100.0000,0.884261,iprobe
Ednw_tt_off,0.040000,0.040000,0.000000,-100.0000,0.884261,iprobe
Ednw_tt_off,0.060000,0.060000,0.000000,-100.0000,0.884261,iprobe
Ednw_tt_off,0.080000,0.080000,0.000000,-100.0000,0.884261,iprobe
Ednw_tt_off,0.100000,0.100000,0.000000,-100.0000,0.884261,iprobe
Ednw_tt_off,0.120000,0.120000,0.000000,-100.0000,0.884261,iprobe
Ednw_tt_off,0.140000,0.140000,0.000000,-100.0000,0.884261,iprobe
Ednw_tt_off,0.160000,0.160000,0.000000,-100.0000,0.884261,iprobe
Ednw_tt_off,0.180000,0.180000,0.000000,-100.0000,0.884261,iprobe
Ednw_tt_off,0.200000,0.200000,0.000000,-100.0000,0.884261,iprobe
Ednw_tt_off,0.220000,0.220000,0.000000,-100.0000,0.884261,iprobe
Ednw_tt_off,0.240000,0.240000,0.000000,-100.0000,0.884261,iprobe
Ednw_tt_off,0.260000,0.260000,0.000000,-100.0000,0.884261,iprobe
Ednw_tt_off,0.280000,0.280000,0.000000,-100.0000,0.884261,iprobe
Ednw_tt_off,0.300000,0.300000,0.000000,-100.0000,0.884261,iprobe
Ednw_tt_off,0.320000,0.320000,0.000000,-100.0000,0.884261,iprobe
Ednw_tt_off,0.340000,0.340000,0.000000,-100.0000,0.884261,iprobe
Ednw_tt_off,0.360000,0.360000,0.000000,-100.0000,0.884261,iprobe
Ednw_tt_off,0.380000,0.380000,0.000000,-100.0000,0.884261,iprobe
Ednw_tt_off,0.400000,0.400000,0.000000,-100.0000,0.884261,iprobe
Ednw_tt_off,0.420000,0.420000,0.000000,-100.0000,0.884261,iprobe
Ednw_tt_off,0.440000,0.440000,0.000000,-100.0000,0.884261,iprobe
Ednw_tt_off,0.460000,0.460000,0.000000,-100.0000,0.884261,iprobe
Ednw_tt_off,0.480000,0.480000,0.000000,-100.0000,0.884261,iprobe
Ednw_tt_off,0.500000,0.500000,0.000000,-100.0000,0.884261,iprobe
Ednw_tt_off,0.520000,0.520000,0.000000,-100.0000,0.884261,iprobe
Ednw_tt_off,0.540000,0.540000,0.000000,-100.0000,0.884261,iprobe
Ednw_tt_off,0.560000,0.560000,0.000000,-100.0000,0.884261,iprobe
Ednw_tt_off,0.580000,0.580000,0.000000,-100.0000,0.884261,iprobe
Ednw_tt_off,0.600000,0.600000,0.000000,-100.0000,0.884261,iprobe
Ednw_tt_off,0.620000,0.620000,0.000000,-100.0000,0.884261,iprobe
Ednw_tt_off,0.640000,0.640000,0.000000,-100.0000,0.884261,iprobe
Ednw_tt_off,0.660000,0.660000,0.000000,-100.0000,0.884261,iprobe
Ednw_tt_off,0.680000,0.680000,0.000000,-100.0000,0.884261,iprobe
Ednw_tt_off,0.700000,0.700000,0.000000,-100.0000,0.884261,iprobe
Ednw_tt_off,0.720000,0.720000,0.000000,-100.0000,0.884261,iprobe
Ednw_tt_off,0.740000,0.740000,0.000000,-100.0000,0.884261,iprobe
Ednw_tt_off,0.760000,0.760000,0.000000,-100.0000,0.884261,iprobe
Ednw_tt_off,0.780000,0.780000,0.000000,-100.0000,0.884261,iprobe
Ednw_tt_off,0.800000,0.800000,0.000000,-100.0000,0.884261,iprobe
Ednw_tt_off,0.820000,0.820000,0.000000,-100.0000,0.884261,iprobe
Ednw_tt_off,0.840000,0.840000,0.000000,-100.0000,0.884261,iprobe
Ednw_tt_off,0.860000,0.860000,0.000000,-100.0000,0.884261,iprobe
Ednw_tt_off,0.880000,0.880000,0.000000,-100.0000,0.884261,iprobe
Ednw_tt_off,0.900000,0.900000,0.000000,-100.0000,0.884261,iprobe
Ednw_tt_off,0.920000,0.920000,0.000000,-100.0000,0.884261,iprobe
Ednw_tt_off,0.940000,0.940000,0.000000,-100.0000,0.884261,iprobe
Ednw_tt_off,0.960000,0.960000,0.000000,-100.0000,0.884261,iprobe
Ednw_tt_off,0.980000,0.980000,0.000001,-100.0000,0.884261,iprobe
Ednw_tt_off,1.000000,1.000000,0.000001,-100.0000,0.884261,iprobe
Ednw_tt_off,1.020000,1.020000,0.000001,-100.0000,0.884261,iprobe
Ednw_tt_off,1.040000,1.040000,0.000001,-100.0000,0.884261,iprobe
Ednw_tt_off,1.060000,1.060000,0.000001,-100.0000,0.884261,iprobe
Ednw_tt_off,1.080000,1.080000,0.000001,-100.0000,0.884261,iprobe
Ednw_tt_off,1.100000,1.100000,0.000001,-100.0000,0.884261,iprobe
Ednw_tt_off,1.120000,1.120000,0.000001,-100.0000,0.884261,iprobe
Ednw_tt_off,1.140000,1.140000,0.000001,-100.0000,0.884261,iprobe
Ednw_tt_off,1.160000,1.160000,0.000001,-100.0000,0.884261,iprobe
Ednw_tt_off,1.180000,1.180000,0.000001,-100.0000,0.884261,iprobe
Ednw_tt_off,1.200000,1.200000,0.000001,-100.0000,0.884261,iprobe
Ednw_tt_off,1.220000,1.220000,0.000001,-100.0000,0.884261,iprobe
Ednw_tt_off,1.240000,1.240000,0.000001,-100.0000,0.884261,iprobe
Ednw_tt_off,1.260000,1.260000,0.000001,-100.0000,0.884261,iprobe
Ednw_tt_off,1.280000,1.280000,0.000001,-100.0000,0.884261,iprobe
Ednw_tt_off,1.300000,1.300000,0.000001,-100.0000,0.884261,iprobe
Ednw_tt_off,1.320000,1.320000,0.000001,-100.0000,0.884261,iprobe
Ednw_tt_off,1.340000,1.340000,0.000001,-100.0000,0.884261,iprobe
Ednw_tt_off,1.360000,1.360000,0.000001,-100.0000,0.884261,iprobe
Ednw_tt_off,1.380000,1.380000,0.000001,-100.0000,0.884261,iprobe
Ednw_tt_off,1.400000,1.400000,0.000001,-100.0000,0.884261,iprobe
Ednw_tt_off,1.420000,1.420000,0.000001,-100.0000,0.884261,iprobe
Ednw_tt_off,1.440000,1.440000,0.000001,-100.0000,0.884261,iprobe
Ednw_tt_off,1.460000,1.460000,0.000001,-100.0000,0.884261,iprobe
Ednw_tt_off,1.480000,1.480000,0.000001,-100.0000,0.884261,iprobe
Ednw_tt_off,1.500000,1.500000,0.000001,-100.0000,0.884261,iprobe
Ednw_tt_off,1.520000,1.520000,0.000001,-100.0000,0.884261,iprobe
Ednw_tt_off,1.540000,1.540000,0.000001,-100.0000,0.884261,iprobe
Ednw_tt_off,1.560000,1.560000,0.000001,-100.0000,0.884261,iprobe
Ednw_tt_off,1.580000,1.580000,0.000001,-100.0000,0.884261,iprobe
Ednw_tt_off,1.600000,1.600000,0.000001,-100.0000,0.884261,iprobe
Ednw_tt_off,1.620000,1.620000,0.000001,-100.0000,0.884261,iprobe
Ednw_tt_off,1.640000,1.640000,0.000001,-100.0000,0.884261,iprobe
Ednw_tt_off,1.660000,1.660000,0.000001,-100.0000,0.884261,iprobe
Ednw_tt_off,1.680000,1.680000,0.000001,-100.0000,0.884261,iprobe
Ednw_tt_off,1.700000,1.700000,0.000001,-100.0000,0.884261,iprobe
Ednw_tt_off,1.720000,1.720000,0.000001,-100.0000,0.884261,iprobe
Ednw_tt_off,1.740000,1.740000,0.000001,-100.0000,0.884261,iprobe
Ednw_tt_off,1.760000,1.760000,0.000001,-100.0000,0.884261,iprobe
Ednw_tt_off,1.780000,1.780000,0.000001,-100.0000,0.884261,iprobe
Ednw_tt_off,1.800000,1.800000,0.000001,-100.0000,0.884261,iprobe
Ednw_tt_off,1.820000,1.820000,0.000001,-100.0000,0.884261,iprobe
Ednw_tt_off,1.840000,1.840000,0.000001,-100.0000,0.884261,iprobe
Ednw_tt_off,1.860000,1.860000,0.000001,-100.0000,0.884261,iprobe
Ednw_tt_off,1.880000,1.880000,0.000001,-100.0000,0.884261,iprobe
Ednw_tt_off,1.900000,1.900000,0.000001,-100.0000,0.884261,iprobe
Ednw_tt_off,1.920000,1.920000,0.000001,-100.0000,0.884261,iprobe
Ednw_tt_off,1.940000,1.940000,0.000001,-100.0000,0.884261,iprobe
Ednw_tt_off,1.960000,1.960000,0.000001,-100.0000,0.884261,iprobe
Ednw_tt_off,1.980000,1.980000,0.000001,-100.0000,0.884261,iprobe
Ednw_tt_off,2.000000,2.000000,0.000001,-100.0000,0.884261,iprobe
Ednw_tt_off,2.020000,2.020000,0.000001,-100.0000,0.884261,iprobe
Ednw_tt_off,2.040000,2.040000,0.000001,-100.0000,0.884261,iprobe
Ednw_tt_off,2.060000,2.060000,0.000001,-100.0000,0.884261,iprobe
Ednw_tt_off,2.080000,2.080000,0.000001,-100.0000,0.884261,iprobe
Ednw_tt_off,2.100000,2.100000,0.000001,-100.0000,0.884261,iprobe
Ednw_tt_off,2.120000,2.120000,0.000001,-100.0000,0.884261,iprobe
Ednw_tt_off,2.140000,2.140000,0.000001,-100.0000,0.884261,iprobe
Ednw_tt_off,2.160000,2.160000,0.000002,-100.0000,0.884261,iprobe
Ednw_tt_off,2.180000,2.180000,0.000002,-100.0000,0.884261,iprobe
Ednw_tt_off,2.200000,2.200000,0.000002,-100.0000,0.884261,iprobe
Ednw_tt_off,2.220000,2.220000,0.000002,-100.0000,0.884261,iprobe
Ednw_tt_off,2.240000,2.240000,0.000002,-100.0000,0.884261,iprobe
Ednw_tt_off,2.260000,2.260000,0.000002,-100.0000,0.884261,iprobe
Ednw_tt_off,2.280000,2.280000,0.000002,-100.0000,0.884261,iprobe
Ednw_tt_off,2.300000,2.300000,0.000002,-100.0000,0.884261,iprobe
Ednw_tt_off,2.320000,2.320000,0.000002,-100.0000,0.884261,iprobe
Ednw_tt_off,2.340000,2.340000,0.000002,-100.0000,0.884261,iprobe
Ednw_tt_off,2.360000,2.360000,0.000002,-100.0000,0.884261,iprobe
Ednw_tt_off,2.380000,2.380000,0.000002,-100.0000,0.884261,iprobe
Ednw_tt_off,2.400000,2.400000,0.000002,-100.0000,0.884261,iprobe
Ednw_tt_off,2.420000,2.420000,0.000002,-100.0000,0.884261,iprobe
Ednw_tt_off,2.440000,2.440000,0.000002,-100.0000,0.884261,iprobe
Ednw_tt_off,2.460000,2.460000,0.000002,-100.0000,0.884261,iprobe
Ednw_tt_off,2.480000,2.480000,0.000002,-100.0000,0.884261,iprobe
Ednw_tt_off,2.500000,2.500000,0.000002,-100.0000,0.884261,iprobe
Ednw_tt_off,2.520000,2.520000,0.000002,-100.0000,0.884261,iprobe
Ednw_tt_off,2.540000,2.540000,0.000002,-100.0000,0.884261,iprobe
Ednw_tt_off,2.560000,2.560000,0.000002,-100.0000,0.884261,iprobe
Ednw_tt_off,2.580000,2.580000,0.000002,-100.0000,0.884261,iprobe
Ednw_tt_off,2.600000,2.600000,0.000002,-100.0000,0.884261,iprobe
Ednw_tt_off,2.620000,2.620000,0.000002,-100.0000,0.884261,iprobe
Ednw_tt_off,2.640000,2.640000,0.000002,-100.0000,0.884261,iprobe
Ednw_tt_off,2.660000,2.660000,0.000002,-100.0000,0.884261,iprobe
Ednw_tt_off,2.680000,2.680000,0.000002,-100.0000,0.884261,iprobe
Ednw_tt_off,2.700000,2.700000,0.000003,-100.0000,0.884261,iprobe
Ednw_tt_off,2.720000,2.720000,0.000003,-100.0000,0.884261,iprobe
Ednw_tt_off,2.740000,2.740000,0.000003,-100.0000,0.884261,iprobe
Ednw_tt_off,2.760000,2.760000,0.000003,-100.0000,0.884261,iprobe
Ednw_tt_off,2.780000,2.780000,0.000003,-100.0000,0.884261,iprobe
Ednw_tt_off,2.800000,2.800000,0.000003,-100.0000,0.884261,iprobe
Ednw_tt_off,2.820000,2.820000,0.000003,-100.0000,0.884261,iprobe
Ednw_tt_off,2.840000,2.840000,0.000003,-100.0000,0.884261,iprobe
Ednw_tt_off,2.860000,2.860000,0.000003,-100.0000,0.884261,iprobe
Ednw_tt_off,2.880000,2.880000,0.000003,-100.0000,0.884261,iprobe
Ednw_tt_off,2.900000,2.900000,0.000003,-100.0000,0.884261,iprobe
Ednw_tt_off,2.920000,2.920000,0.000003,-100.0000,0.884261,iprobe
Ednw_tt_off,2.940000,2.940000,0.000003,-100.0000,0.884261,iprobe
Ednw_tt_off,2.960000,2.960000,0.000003,-100.0000,0.884261,iprobe
Ednw_tt_off,2.980000,2.980000,0.000003,-100.0000,0.884261,iprobe
Ednw_tt_off,3.000000,3.000000,0.000003,-100.0000,0.884261,iprobe
Ednw_tt_off,3.020000,3.020000,0.000003,-100.0000,0.884261,iprobe
Ednw_tt_off,3.040000,3.040000,0.000004,-100.0000,0.884261,iprobe
Ednw_tt_off,3.060000,3.060000,0.000004,-100.0000,0.884261,iprobe
Ednw_tt_off,3.080000,3.080000,0.000004,-100.0000,0.884261,iprobe
Ednw_tt_off,3.100000,3.100000,0.000004,-100.0000,0.884261,iprobe
Ednw_tt_off,3.120000,3.120000,0.000004,-100.0000,0.884261,iprobe
Ednw_tt_off,3.140000,3.140000,0.000004,-100.0000,0.884261,iprobe
Ednw_tt_off,3.160000,3.160000,0.000004,-100.0000,0.884261,iprobe
Ednw_tt_off,3.180000,3.180000,0.000004,-100.0000,0.884261,iprobe
Ednw_tt_off,3.200000,3.200000,0.000004,-100.0000,0.884261,iprobe
Ednw_tt_off,3.220000,3.220000,0.000004,-100.0000,0.884261,iprobe
Ednw_tt_off,3.240000,3.240000,0.000004,-100.0000,0.884261,iprobe
Ednw_tt_off,3.260000,3.260000,0.000004,-100.0000,0.884261,iprobe
Ednw_tt_off,3.280000,3.280000,0.000004,-100.0000,0.884261,iprobe
Ednw_tt_off,3.300000,3.300000,0.000005,-100.0000,0.884261,iprobe
E_local_gate_n33_ss_l2e-6_w2e-5_dc_iprobe_ss_on,0.000000,0.000000,0.000000,-100.0000,0.951269,iprobe
E_local_gate_n33_ss_l2e-6_w2e-5_dc_iprobe_ss_on,0.020000,0.020000,4.096730,-72.6885,0.951269,iprobe
E_local_gate_n33_ss_l2e-6_w2e-5_dc_iprobe_ss_on,0.040000,0.040000,7.541463,-49.7236,0.951269,iprobe
E_local_gate_n33_ss_l2e-6_w2e-5_dc_iprobe_ss_on,0.060000,0.060000,10.312291,-31.2514,0.951269,iprobe
E_local_gate_n33_ss_l2e-6_w2e-5_dc_iprobe_ss_on,0.080000,0.080000,12.383391,-17.4441,0.951269,iprobe
E_local_gate_n33_ss_l2e-6_w2e-5_dc_iprobe_ss_on,0.100000,0.100000,13.728796,-8.4747,0.951269,iprobe
E_local_gate_n33_ss_l2e-6_w2e-5_dc_iprobe_ss_on,0.120000,0.120000,14.365794,-4.2280,0.951269,iprobe
E_local_gate_n33_ss_l2e-6_w2e-5_dc_iprobe_ss_on,0.140000,0.140000,14.545903,-3.0273,0.951269,iprobe
E_local_gate_n33_ss_l2e-6_w2e-5_dc_iprobe_ss_on,0.160000,0.160000,14.605817,-2.6279,0.951269,iprobe
E_local_gate_n33_ss_l2e-6_w2e-5_dc_iprobe_ss_on,0.180000,0.180000,14.641472,-2.3902,0.951269,iprobe
E_local_gate_n33_ss_l2e-6_w2e-5_dc_iprobe_ss_on,0.200000,0.200000,14.668305,-2.2113,0.951269,iprobe
E_local_gate_n33_ss_l2e-6_w2e-5_dc_iprobe_ss_on,0.220000,0.220000,14.690363,-2.0642,0.951269,iprobe
E_local_gate_n33_ss_l2e-6_w2e-5_dc_iprobe_ss_on,0.240000,0.240000,14.709310,-1.9379,0.951269,iprobe
E_local_gate_n33_ss_l2e-6_w2e-5_dc_iprobe_ss_on,0.260000,0.260000,14.726028,-1.8265,0.951269,iprobe
E_local_gate_n33_ss_l2e-6_w2e-5_dc_iprobe_ss_on,0.280000,0.280000,14.741053,-1.7263,0.951269,iprobe
E_local_gate_n33_ss_l2e-6_w2e-5_dc_iprobe_ss_on,0.300000,0.300000,14.754737,-1.6351,0.951269,iprobe
E_local_gate_n33_ss_l2e-6_w2e-5_dc_iprobe_ss_on,0.320000,0.320000,14.767330,-1.5511,0.951269,iprobe
E_local_gate_n33_ss_l2e-6_w2e-5_dc_iprobe_ss_on,0.340000,0.340000,14.779012,-1.4733,0.951269,iprobe
E_local_gate_n33_ss_l2e-6_w2e-5_dc_iprobe_ss_on,0.360000,0.360000,14.789918,-1.4005,0.951269,iprobe
E_local_gate_n33_ss_l2e-6_w2e-5_dc_iprobe_ss_on,0.380000,0.380000,14.800151,-1.3323,0.951269,iprobe
E_local_gate_n33_ss_l2e-6_w2e-5_dc_iprobe_ss_on,0.400000,0.400000,14.809792,-1.2681,0.951269,iprobe
E_local_gate_n33_ss_l2e-6_w2e-5_dc_iprobe_ss_on,0.420000,0.420000,14.818903,-1.2073,0.951269,iprobe
E_local_gate_n33_ss_l2e-6_w2e-5_dc_iprobe_ss_on,0.440000,0.440000,14.827530,-1.1498,0.951269,iprobe
E_local_gate_n33_ss_l2e-6_w2e-5_dc_iprobe_ss_on,0.460000,0.460000,14.835709,-1.0953,0.951269,iprobe
E_local_gate_n33_ss_l2e-6_w2e-5_dc_iprobe_ss_on,0.480000,0.480000,14.843466,-1.0436,0.951269,iprobe
E_local_gate_n33_ss_l2e-6_w2e-5_dc_iprobe_ss_on,0.500000,0.500000,14.850815,-0.9946,0.951269,iprobe
E_local_gate_n33_ss_l2e-6_w2e-5_dc_iprobe_ss_on,0.520000,0.520000,14.857763,-0.9482,0.951269,iprobe
E_local_gate_n33_ss_l2e-6_w2e-5_dc_iprobe_ss_on,0.540000,0.540000,14.864307,-0.9046,0.951269,iprobe
E_local_gate_n33_ss_l2e-6_w2e-5_dc_iprobe_ss_on,0.560000,0.560000,14.870434,-0.8638,0.951269,iprobe
E_local_gate_n33_ss_l2e-6_w2e-5_dc_iprobe_ss_on,0.580000,0.580000,14.876118,-0.8259,0.951269,iprobe
E_local_gate_n33_ss_l2e-6_w2e-5_dc_iprobe_ss_on,0.600000,0.600000,14.881324,-0.7912,0.951269,iprobe
E_local_gate_n33_ss_l2e-6_w2e-5_dc_iprobe_ss_on,0.620000,0.620000,14.886001,-0.7600,0.951269,iprobe
E_local_gate_n33_ss_l2e-6_w2e-5_dc_iprobe_ss_on,0.640000,0.640000,14.890084,-0.7328,0.951269,iprobe
E_local_gate_n33_ss_l2e-6_w2e-5_dc_iprobe_ss_on,0.660000,0.660000,14.893489,-0.7101,0.951269,iprobe
E_local_gate_n33_ss_l2e-6_w2e-5_dc_iprobe_ss_on,0.680000,0.680000,14.896114,-0.6926,0.951269,iprobe
E_local_gate_n33_ss_l2e-6_w2e-5_dc_iprobe_ss_on,0.700000,0.700000,14.897847,-0.6810,0.951269,iprobe
E_local_gate_n33_ss_l2e-6_w2e-5_dc_iprobe_ss_on,0.720000,0.720000,14.898654,-0.6756,0.951269,iprobe
E_local_gate_n33_ss_l2e-6_w2e-5_dc_iprobe_ss_on,0.740000,0.740000,14.898887,-0.6741,0.951269,iprobe
E_local_gate_n33_ss_l2e-6_w2e-5_dc_iprobe_ss_on,0.760000,0.760000,14.898974,-0.6735,0.951269,iprobe
E_local_gate_n33_ss_l2e-6_w2e-5_dc_iprobe_ss_on,0.780000,0.780000,14.899029,-0.6731,0.951269,iprobe
E_local_gate_n33_ss_l2e-6_w2e-5_dc_iprobe_ss_on,0.800000,0.800000,14.899071,-0.6729,0.951269,iprobe
E_local_gate_n33_ss_l2e-6_w2e-5_dc_iprobe_ss_on,0.820000,0.820000,14.899106,-0.6726,0.951269,iprobe
E_local_gate_n33_ss_l2e-6_w2e-5_dc_iprobe_ss_on,0.840000,0.840000,14.899136,-0.6724,0.951269,iprobe
E_local_gate_n33_ss_l2e-6_w2e-5_dc_iprobe_ss_on,0.860000,0.860000,14.899163,-0.6722,0.951269,iprobe
E_local_gate_n33_ss_l2e-6_w2e-5_dc_iprobe_ss_on,0.880000,0.880000,14.899187,-0.6721,0.951269,iprobe
E_local_gate_n33_ss_l2e-6_w2e-5_dc_iprobe_ss_on,0.900000,0.900000,14.899209,-0.6719,0.951269,iprobe
E_local_gate_n33_ss_l2e-6_w2e-5_dc_iprobe_ss_on,0.920000,0.920000,14.899229,-0.6718,0.951269,iprobe
E_local_gate_n33_ss_l2e-6_w2e-5_dc_iprobe_ss_on,0.940000,0.940000,14.899248,-0.6717,0.951269,iprobe
E_local_gate_n33_ss_l2e-6_w2e-5_dc_iprobe_ss_on,0.960000,0.960000,14.899266,-0.6716,0.951269,iprobe
E_local_gate_n33_ss_l2e-6_w2e-5_dc_iprobe_ss_on,0.980000,0.980000,14.899283,-0.6714,0.951269,iprobe
E_local_gate_n33_ss_l2e-6_w2e-5_dc_iprobe_ss_on,1.000000,1.000000,14.899299,-0.6713,0.951269,iprobe
E_local_gate_n33_ss_l2e-6_w2e-5_dc_iprobe_ss_on,1.020000,1.020000,14.899314,-0.6712,0.951269,iprobe
E_local_gate_n33_ss_l2e-6_w2e-5_dc_iprobe_ss_on,1.040000,1.040000,14.899329,-0.6711,0.951269,iprobe
E_local_gate_n33_ss_l2e-6_w2e-5_dc_iprobe_ss_on,1.060000,1.060000,14.899343,-0.6710,0.951269,iprobe
E_local_gate_n33_ss_l2e-6_w2e-5_dc_iprobe_ss_on,1.080000,1.080000,14.899356,-0.6710,0.951269,iprobe
E_local_gate_n33_ss_l2e-6_w2e-5_dc_iprobe_ss_on,1.100000,1.100000,14.899369,-0.6709,0.951269,iprobe
E_local_gate_n33_ss_l2e-6_w2e-5_dc_iprobe_ss_on,1.120000,1.120000,14.899381,-0.6708,0.951269,iprobe
E_local_gate_n33_ss_l2e-6_w2e-5_dc_iprobe_ss_on,1.140000,1.140000,14.899393,-0.6707,0.951269,iprobe
E_local_gate_n33_ss_l2e-6_w2e-5_dc_iprobe_ss_on,1.160000,1.160000,14.899405,-0.6706,0.951269,iprobe
E_local_gate_n33_ss_l2e-6_w2e-5_dc_iprobe_ss_on,1.180000,1.180000,14.899417,-0.6706,0.951269,iprobe
E_local_gate_n33_ss_l2e-6_w2e-5_dc_iprobe_ss_on,1.200000,1.200000,14.899428,-0.6705,0.951269,iprobe
E_local_gate_n33_ss_l2e-6_w2e-5_dc_iprobe_ss_on,1.220000,1.220000,14.899438,-0.6704,0.951269,iprobe
E_local_gate_n33_ss_l2e-6_w2e-5_dc_iprobe_ss_on,1.240000,1.240000,14.899449,-0.6703,0.951269,iprobe
E_local_gate_n33_ss_l2e-6_w2e-5_dc_iprobe_ss_on,1.260000,1.260000,14.899459,-0.6703,0.951269,iprobe
E_local_gate_n33_ss_l2e-6_w2e-5_dc_iprobe_ss_on,1.280000,1.280000,14.899469,-0.6702,0.951269,iprobe
E_local_gate_n33_ss_l2e-6_w2e-5_dc_iprobe_ss_on,1.300000,1.300000,14.899479,-0.6701,0.951269,iprobe
E_local_gate_n33_ss_l2e-6_w2e-5_dc_iprobe_ss_on,1.320000,1.320000,14.899489,-0.6701,0.951269,iprobe
E_local_gate_n33_ss_l2e-6_w2e-5_dc_iprobe_ss_on,1.340000,1.340000,14.899498,-0.6700,0.951269,iprobe
E_local_gate_n33_ss_l2e-6_w2e-5_dc_iprobe_ss_on,1.360000,1.360000,14.899508,-0.6699,0.951269,iprobe
E_local_gate_n33_ss_l2e-6_w2e-5_dc_iprobe_ss_on,1.380000,1.380000,14.899517,-0.6699,0.951269,iprobe
E_local_gate_n33_ss_l2e-6_w2e-5_dc_iprobe_ss_on,1.400000,1.400000,14.899526,-0.6698,0.951269,iprobe
E_local_gate_n33_ss_l2e-6_w2e-5_dc_iprobe_ss_on,1.420000,1.420000,14.899535,-0.6698,0.951269,iprobe
E_local_gate_n33_ss_l2e-6_w2e-5_dc_iprobe_ss_on,1.440000,1.440000,14.899544,-0.6697,0.951269,iprobe
E_local_gate_n33_ss_l2e-6_w2e-5_dc_iprobe_ss_on,1.460000,1.460000,14.899552,-0.6697,0.951269,iprobe
E_local_gate_n33_ss_l2e-6_w2e-5_dc_iprobe_ss_on,1.480000,1.480000,14.899561,-0.6696,0.951269,iprobe
E_local_gate_n33_ss_l2e-6_w2e-5_dc_iprobe_ss_on,1.500000,1.500000,14.899569,-0.6695,0.951269,iprobe
E_local_gate_n33_ss_l2e-6_w2e-5_dc_iprobe_ss_on,1.520000,1.520000,14.899577,-0.6695,0.951269,iprobe
E_local_gate_n33_ss_l2e-6_w2e-5_dc_iprobe_ss_on,1.540000,1.540000,14.899585,-0.6694,0.951269,iprobe
E_local_gate_n33_ss_l2e-6_w2e-5_dc_iprobe_ss_on,1.560000,1.560000,14.899593,-0.6694,0.951269,iprobe
E_local_gate_n33_ss_l2e-6_w2e-5_dc_iprobe_ss_on,1.580000,1.580000,14.899601,-0.6693,0.951269,iprobe
E_local_gate_n33_ss_l2e-6_w2e-5_dc_iprobe_ss_on,1.600000,1.600000,14.899609,-0.6693,0.951269,iprobe
E_local_gate_n33_ss_l2e-6_w2e-5_dc_iprobe_ss_on,1.620000,1.620000,14.899617,-0.6692,0.951269,iprobe
E_local_gate_n33_ss_l2e-6_w2e-5_dc_iprobe_ss_on,1.640000,1.640000,14.899625,-0.6692,0.951269,iprobe
E_local_gate_n33_ss_l2e-6_w2e-5_dc_iprobe_ss_on,1.660000,1.660000,14.899632,-0.6691,0.951269,iprobe
E_local_gate_n33_ss_l2e-6_w2e-5_dc_iprobe_ss_on,1.680000,1.680000,14.899640,-0.6691,0.951269,iprobe
E_local_gate_n33_ss_l2e-6_w2e-5_dc_iprobe_ss_on,1.700000,1.700000,14.899647,-0.6690,0.951269,iprobe
E_local_gate_n33_ss_l2e-6_w2e-5_dc_iprobe_ss_on,1.720000,1.720000,14.899655,-0.6690,0.951269,iprobe
E_local_gate_n33_ss_l2e-6_w2e-5_dc_iprobe_ss_on,1.740000,1.740000,14.899662,-0.6689,0.951269,iprobe
E_local_gate_n33_ss_l2e-6_w2e-5_dc_iprobe_ss_on,1.760000,1.760000,14.899669,-0.6689,0.951269,iprobe
E_local_gate_n33_ss_l2e-6_w2e-5_dc_iprobe_ss_on,1.780000,1.780000,14.899676,-0.6688,0.951269,iprobe
E_local_gate_n33_ss_l2e-6_w2e-5_dc_iprobe_ss_on,1.800000,1.800000,14.899683,-0.6688,0.951269,iprobe
E_local_gate_n33_ss_l2e-6_w2e-5_dc_iprobe_ss_on,1.820000,1.820000,14.899691,-0.6687,0.951269,iprobe
E_local_gate_n33_ss_l2e-6_w2e-5_dc_iprobe_ss_on,1.840000,1.840000,14.899698,-0.6687,0.951269,iprobe
E_local_gate_n33_ss_l2e-6_w2e-5_dc_iprobe_ss_on,1.860000,1.860000,14.899705,-0.6686,0.951269,iprobe
E_local_gate_n33_ss_l2e-6_w2e-5_dc_iprobe_ss_on,1.880000,1.880000,14.899711,-0.6686,0.951269,iprobe
E_local_gate_n33_ss_l2e-6_w2e-5_dc_iprobe_ss_on,1.900000,1.900000,14.899718,-0.6685,0.951269,iprobe
E_local_gate_n33_ss_l2e-6_w2e-5_dc_iprobe_ss_on,1.920000,1.920000,14.899725,-0.6685,0.951269,iprobe
E_local_gate_n33_ss_l2e-6_w2e-5_dc_iprobe_ss_on,1.940000,1.940000,14.899732,-0.6685,0.951269,iprobe
E_local_gate_n33_ss_l2e-6_w2e-5_dc_iprobe_ss_on,1.960000,1.960000,14.899739,-0.6684,0.951269,iprobe
E_local_gate_n33_ss_l2e-6_w2e-5_dc_iprobe_ss_on,1.980000,1.980000,14.899746,-0.6684,0.951269,iprobe
E_local_gate_n33_ss_l2e-6_w2e-5_dc_iprobe_ss_on,2.000000,2.000000,14.899752,-0.6683,0.951269,iprobe
E_local_gate_n33_ss_l2e-6_w2e-5_dc_iprobe_ss_on,2.020000,2.020000,14.899759,-0.6683,0.951269,iprobe
E_local_gate_n33_ss_l2e-6_w2e-5_dc_iprobe_ss_on,2.040000,2.040000,14.899766,-0.6682,0.951269,iprobe
E_local_gate_n33_ss_l2e-6_w2e-5_dc_iprobe_ss_on,2.060000,2.060000,14.899773,-0.6682,0.951269,iprobe
E_local_gate_n33_ss_l2e-6_w2e-5_dc_iprobe_ss_on,2.080000,2.080000,14.899780,-0.6681,0.951269,iprobe
E_local_gate_n33_ss_l2e-6_w2e-5_dc_iprobe_ss_on,2.100000,2.100000,14.899787,-0.6681,0.951269,iprobe
E_local_gate_n33_ss_l2e-6_w2e-5_dc_iprobe_ss_on,2.120000,2.120000,14.899794,-0.6680,0.951269,iprobe
E_local_gate_n33_ss_l2e-6_w2e-5_dc_iprobe_ss_on,2.140000,2.140000,14.899802,-0.6680,0.951269,iprobe
E_local_gate_n33_ss_l2e-6_w2e-5_dc_iprobe_ss_on,2.160000,2.160000,14.899809,-0.6679,0.951269,iprobe
E_local_gate_n33_ss_l2e-6_w2e-5_dc_iprobe_ss_on,2.180000,2.180000,14.899818,-0.6679,0.951269,iprobe
E_local_gate_n33_ss_l2e-6_w2e-5_dc_iprobe_ss_on,2.200000,2.200000,14.899826,-0.6678,0.951269,iprobe
E_local_gate_n33_ss_l2e-6_w2e-5_dc_iprobe_ss_on,2.220000,2.220000,14.899835,-0.6678,0.951269,iprobe
E_local_gate_n33_ss_l2e-6_w2e-5_dc_iprobe_ss_on,2.240000,2.240000,14.899845,-0.6677,0.951269,iprobe
E_local_gate_n33_ss_l2e-6_w2e-5_dc_iprobe_ss_on,2.260000,2.260000,14.899856,-0.6676,0.951269,iprobe
E_local_gate_n33_ss_l2e-6_w2e-5_dc_iprobe_ss_on,2.280000,2.280000,14.899868,-0.6675,0.951269,iprobe
E_local_gate_n33_ss_l2e-6_w2e-5_dc_iprobe_ss_on,2.300000,2.300000,14.899881,-0.6675,0.951269,iprobe
E_local_gate_n33_ss_l2e-6_w2e-5_dc_iprobe_ss_on,2.320000,2.320000,14.899895,-0.6674,0.951269,iprobe
E_local_gate_n33_ss_l2e-6_w2e-5_dc_iprobe_ss_on,2.340000,2.340000,14.899911,-0.6673,0.951269,iprobe
E_local_gate_n33_ss_l2e-6_w2e-5_dc_iprobe_ss_on,2.360000,2.360000,14.899930,-0.6671,0.951269,iprobe
E_local_gate_n33_ss_l2e-6_w2e-5_dc_iprobe_ss_on,2.380000,2.380000,14.899950,-0.6670,0.951269,iprobe
E_local_gate_n33_ss_l2e-6_w2e-5_dc_iprobe_ss_on,2.400000,2.400000,14.899974,-0.6668,0.951269,iprobe
E_local_gate_n33_ss_l2e-6_w2e-5_dc_iprobe_ss_on,2.420000,2.420000,14.900001,-0.6667,0.951269,iprobe
E_local_gate_n33_ss_l2e-6_w2e-5_dc_iprobe_ss_on,2.440000,2.440000,14.900032,-0.6665,0.951269,iprobe
E_local_gate_n33_ss_l2e-6_w2e-5_dc_iprobe_ss_on,2.460000,2.460000,14.900067,-0.6662,0.951269,iprobe
E_local_gate_n33_ss_l2e-6_w2e-5_dc_iprobe_ss_on,2.480000,2.480000,14.900108,-0.6659,0.951269,iprobe
E_local_gate_n33_ss_l2e-6_w2e-5_dc_iprobe_ss_on,2.500000,2.500000,14.900154,-0.6656,0.951269,iprobe
E_local_gate_n33_ss_l2e-6_w2e-5_dc_iprobe_ss_on,2.520000,2.520000,14.900207,-0.6653,0.951269,iprobe
E_local_gate_n33_ss_l2e-6_w2e-5_dc_iprobe_ss_on,2.540000,2.540000,14.900268,-0.6649,0.951269,iprobe
E_local_gate_n33_ss_l2e-6_w2e-5_dc_iprobe_ss_on,2.560000,2.560000,14.900338,-0.6644,0.951269,iprobe
E_local_gate_n33_ss_l2e-6_w2e-5_dc_iprobe_ss_on,2.580000,2.580000,14.900417,-0.6639,0.951269,iprobe
E_local_gate_n33_ss_l2e-6_w2e-5_dc_iprobe_ss_on,2.600000,2.600000,14.900508,-0.6633,0.951269,iprobe
E_local_gate_n33_ss_l2e-6_w2e-5_dc_iprobe_ss_on,2.620000,2.620000,14.900611,-0.6626,0.951269,iprobe
E_local_gate_n33_ss_l2e-6_w2e-5_dc_iprobe_ss_on,2.640000,2.640000,14.900728,-0.6618,0.951269,iprobe
E_local_gate_n33_ss_l2e-6_w2e-5_dc_iprobe_ss_on,2.660000,2.660000,14.900861,-0.6609,0.951269,iprobe
E_local_gate_n33_ss_l2e-6_w2e-5_dc_iprobe_ss_on,2.680000,2.680000,14.901012,-0.6599,0.951269,iprobe
E_local_gate_n33_ss_l2e-6_w2e-5_dc_iprobe_ss_on,2.700000,2.700000,14.901182,-0.6588,0.951269,iprobe
E_local_gate_n33_ss_l2e-6_w2e-5_dc_iprobe_ss_on,2.720000,2.720000,14.901374,-0.6575,0.951269,iprobe
E_local_gate_n33_ss_l2e-6_w2e-5_dc_iprobe_ss_on,2.740000,2.740000,14.901590,-0.6561,0.951269,iprobe
E_local_gate_n33_ss_l2e-6_w2e-5_dc_iprobe_ss_on,2.760000,2.760000,14.901833,-0.6544,0.951269,iprobe
E_local_gate_n33_ss_l2e-6_w2e-5_dc_iprobe_ss_on,2.780000,2.780000,14.902105,-0.6526,0.951269,iprobe
E_local_gate_n33_ss_l2e-6_w2e-5_dc_iprobe_ss_on,2.800000,2.800000,14.902409,-0.6506,0.951269,iprobe
E_local_gate_n33_ss_l2e-6_w2e-5_dc_iprobe_ss_on,2.820000,2.820000,14.902749,-0.6483,0.951269,iprobe
E_local_gate_n33_ss_l2e-6_w2e-5_dc_iprobe_ss_on,2.840000,2.840000,14.903127,-0.6458,0.951269,iprobe
E_local_gate_n33_ss_l2e-6_w2e-5_dc_iprobe_ss_on,2.860000,2.860000,14.903548,-0.6430,0.951269,iprobe
E_local_gate_n33_ss_l2e-6_w2e-5_dc_iprobe_ss_on,2.880000,2.880000,14.904016,-0.6399,0.951269,iprobe
E_local_gate_n33_ss_l2e-6_w2e-5_dc_iprobe_ss_on,2.900000,2.900000,14.904533,-0.6364,0.951269,iprobe
E_local_gate_n33_ss_l2e-6_w2e-5_dc_iprobe_ss_on,2.920000,2.920000,14.905105,-0.6326,0.951269,iprobe
E_local_gate_n33_ss_l2e-6_w2e-5_dc_iprobe_ss_on,2.940000,2.940000,14.905737,-0.6284,0.951269,iprobe
E_local_gate_n33_ss_l2e-6_w2e-5_dc_iprobe_ss_on,2.960000,2.960000,14.906433,-0.6238,0.951269,iprobe
E_local_gate_n33_ss_l2e-6_w2e-5_dc_iprobe_ss_on,2.980000,2.980000,14.907199,-0.6187,0.951269,iprobe
E_local_gate_n33_ss_l2e-6_w2e-5_dc_iprobe_ss_on,3.000000,3.000000,14.908040,-0.6131,0.951269,iprobe
E_local_gate_n33_ss_l2e-6_w2e-5_dc_iprobe_ss_on,3.020000,3.020000,14.908962,-0.6069,0.951269,iprobe
E_local_gate_n33_ss_l2e-6_w2e-5_dc_iprobe_ss_on,3.040000,3.040000,14.909971,-0.6002,0.951269,iprobe
E_local_gate_n33_ss_l2e-6_w2e-5_dc_iprobe_ss_on,3.060000,3.060000,14.911074,-0.5928,0.951269,iprobe
E_local_gate_n33_ss_l2e-6_w2e-5_dc_iprobe_ss_on,3.080000,3.080000,14.912277,-0.5848,0.951269,iprobe
E_local_gate_n33_ss_l2e-6_w2e-5_dc_iprobe_ss_on,3.100000,3.100000,14.913588,-0.5761,0.951269,iprobe
E_local_gate_n33_ss_l2e-6_w2e-5_dc_iprobe_ss_on,3.120000,3.120000,14.915014,-0.5666,0.951269,iprobe
E_local_gate_n33_ss_l2e-6_w2e-5_dc_iprobe_ss_on,3.140000,3.140000,14.916564,-0.5562,0.951269,iprobe
E_local_gate_n33_ss_l2e-6_w2e-5_dc_iprobe_ss_on,3.160000,3.160000,14.918245,-0.5450,0.951269,iprobe
E_local_gate_n33_ss_l2e-6_w2e-5_dc_iprobe_ss_on,3.180000,3.180000,14.920066,-0.5329,0.951269,iprobe
E_local_gate_n33_ss_l2e-6_w2e-5_dc_iprobe_ss_on,3.200000,3.200000,14.922036,-0.5198,0.951269,iprobe
E_local_gate_n33_ss_l2e-6_w2e-5_dc_iprobe_ss_on,3.220000,3.220000,14.924165,-0.5056,0.951269,iprobe
E_local_gate_n33_ss_l2e-6_w2e-5_dc_iprobe_ss_on,3.240000,3.240000,14.926462,-0.4903,0.951269,iprobe
E_local_gate_n33_ss_l2e-6_w2e-5_dc_iprobe_ss_on,3.260000,3.260000,14.928938,-0.4737,0.951269,iprobe
E_local_gate_n33_ss_l2e-6_w2e-5_dc_iprobe_ss_on,3.280000,3.280000,14.931603,-0.4560,0.951269,iprobe
E_local_gate_n33_ss_l2e-6_w2e-5_dc_iprobe_ss_on,3.300000,3.300000,14.934468,-0.4369,0.951269,iprobe
Ednw_ss_on,0.000000,0.000000,0.000000,-100.0000,0.951269,iprobe
Ednw_ss_on,0.020000,0.020000,4.096730,-72.6885,0.951269,iprobe
Ednw_ss_on,0.040000,0.040000,7.541463,-49.7236,0.951269,iprobe
Ednw_ss_on,0.060000,0.060000,10.312291,-31.2514,0.951269,iprobe
Ednw_ss_on,0.080000,0.080000,12.383391,-17.4441,0.951269,iprobe
Ednw_ss_on,0.100000,0.100000,13.728796,-8.4747,0.951269,iprobe
Ednw_ss_on,0.120000,0.120000,14.365794,-4.2280,0.951269,iprobe
Ednw_ss_on,0.140000,0.140000,14.545903,-3.0273,0.951269,iprobe
Ednw_ss_on,0.160000,0.160000,14.605817,-2.6279,0.951269,iprobe
Ednw_ss_on,0.180000,0.180000,14.641472,-2.3902,0.951269,iprobe
Ednw_ss_on,0.200000,0.200000,14.668305,-2.2113,0.951269,iprobe
Ednw_ss_on,0.220000,0.220000,14.690363,-2.0642,0.951269,iprobe
Ednw_ss_on,0.240000,0.240000,14.709310,-1.9379,0.951269,iprobe
Ednw_ss_on,0.260000,0.260000,14.726028,-1.8265,0.951269,iprobe
Ednw_ss_on,0.280000,0.280000,14.741053,-1.7263,0.951269,iprobe
Ednw_ss_on,0.300000,0.300000,14.754737,-1.6351,0.951269,iprobe
Ednw_ss_on,0.320000,0.320000,14.767330,-1.5511,0.951269,iprobe
Ednw_ss_on,0.340000,0.340000,14.779012,-1.4733,0.951269,iprobe
Ednw_ss_on,0.360000,0.360000,14.789918,-1.4005,0.951269,iprobe
Ednw_ss_on,0.380000,0.380000,14.800151,-1.3323,0.951269,iprobe
Ednw_ss_on,0.400000,0.400000,14.809792,-1.2681,0.951269,iprobe
Ednw_ss_on,0.420000,0.420000,14.818903,-1.2073,0.951269,iprobe
Ednw_ss_on,0.440000,0.440000,14.827530,-1.1498,0.951269,iprobe
Ednw_ss_on,0.460000,0.460000,14.835709,-1.0953,0.951269,iprobe
Ednw_ss_on,0.480000,0.480000,14.843466,-1.0436,0.951269,iprobe
Ednw_ss_on,0.500000,0.500000,14.850815,-0.9946,0.951269,iprobe
Ednw_ss_on,0.520000,0.520000,14.857763,-0.9482,0.951269,iprobe
Ednw_ss_on,0.540000,0.540000,14.864307,-0.9046,0.951269,iprobe
Ednw_ss_on,0.560000,0.560000,14.870434,-0.8638,0.951269,iprobe
Ednw_ss_on,0.580000,0.580000,14.876118,-0.8259,0.951269,iprobe
Ednw_ss_on,0.600000,0.600000,14.881324,-0.7912,0.951269,iprobe
Ednw_ss_on,0.620000,0.620000,14.886001,-0.7600,0.951269,iprobe
Ednw_ss_on,0.640000,0.640000,14.890084,-0.7328,0.951269,iprobe
Ednw_ss_on,0.660000,0.660000,14.893489,-0.7101,0.951269,iprobe
Ednw_ss_on,0.680000,0.680000,14.896114,-0.6926,0.951269,iprobe
Ednw_ss_on,0.700000,0.700000,14.897847,-0.6810,0.951269,iprobe
Ednw_ss_on,0.720000,0.720000,14.898654,-0.6756,0.951269,iprobe
Ednw_ss_on,0.740000,0.740000,14.898887,-0.6741,0.951269,iprobe
Ednw_ss_on,0.760000,0.760000,14.898974,-0.6735,0.951269,iprobe
Ednw_ss_on,0.780000,0.780000,14.899029,-0.6731,0.951269,iprobe
Ednw_ss_on,0.800000,0.800000,14.899071,-0.6729,0.951269,iprobe
Ednw_ss_on,0.820000,0.820000,14.899106,-0.6726,0.951269,iprobe
Ednw_ss_on,0.840000,0.840000,14.899136,-0.6724,0.951269,iprobe
Ednw_ss_on,0.860000,0.860000,14.899163,-0.6722,0.951269,iprobe
Ednw_ss_on,0.880000,0.880000,14.899187,-0.6721,0.951269,iprobe
Ednw_ss_on,0.900000,0.900000,14.899209,-0.6719,0.951269,iprobe
Ednw_ss_on,0.920000,0.920000,14.899229,-0.6718,0.951269,iprobe
Ednw_ss_on,0.940000,0.940000,14.899248,-0.6717,0.951269,iprobe
Ednw_ss_on,0.960000,0.960000,14.899266,-0.6716,0.951269,iprobe
Ednw_ss_on,0.980000,0.980000,14.899283,-0.6714,0.951269,iprobe
Ednw_ss_on,1.000000,1.000000,14.899299,-0.6713,0.951269,iprobe
Ednw_ss_on,1.020000,1.020000,14.899314,-0.6712,0.951269,iprobe
Ednw_ss_on,1.040000,1.040000,14.899329,-0.6711,0.951269,iprobe
Ednw_ss_on,1.060000,1.060000,14.899343,-0.6710,0.951269,iprobe
Ednw_ss_on,1.080000,1.080000,14.899356,-0.6710,0.951269,iprobe
Ednw_ss_on,1.100000,1.100000,14.899369,-0.6709,0.951269,iprobe
Ednw_ss_on,1.120000,1.120000,14.899381,-0.6708,0.951269,iprobe
Ednw_ss_on,1.140000,1.140000,14.899393,-0.6707,0.951269,iprobe
Ednw_ss_on,1.160000,1.160000,14.899405,-0.6706,0.951269,iprobe
Ednw_ss_on,1.180000,1.180000,14.899417,-0.6706,0.951269,iprobe
Ednw_ss_on,1.200000,1.200000,14.899428,-0.6705,0.951269,iprobe
Ednw_ss_on,1.220000,1.220000,14.899438,-0.6704,0.951269,iprobe
Ednw_ss_on,1.240000,1.240000,14.899449,-0.6703,0.951269,iprobe
Ednw_ss_on,1.260000,1.260000,14.899459,-0.6703,0.951269,iprobe
Ednw_ss_on,1.280000,1.280000,14.899469,-0.6702,0.951269,iprobe
Ednw_ss_on,1.300000,1.300000,14.899479,-0.6701,0.951269,iprobe
Ednw_ss_on,1.320000,1.320000,14.899489,-0.6701,0.951269,iprobe
Ednw_ss_on,1.340000,1.340000,14.899498,-0.6700,0.951269,iprobe
Ednw_ss_on,1.360000,1.360000,14.899508,-0.6699,0.951269,iprobe
Ednw_ss_on,1.380000,1.380000,14.899517,-0.6699,0.951269,iprobe
Ednw_ss_on,1.400000,1.400000,14.899526,-0.6698,0.951269,iprobe
Ednw_ss_on,1.420000,1.420000,14.899535,-0.6698,0.951269,iprobe
Ednw_ss_on,1.440000,1.440000,14.899544,-0.6697,0.951269,iprobe
Ednw_ss_on,1.460000,1.460000,14.899552,-0.6697,0.951269,iprobe
Ednw_ss_on,1.480000,1.480000,14.899561,-0.6696,0.951269,iprobe
Ednw_ss_on,1.500000,1.500000,14.899569,-0.6695,0.951269,iprobe
Ednw_ss_on,1.520000,1.520000,14.899577,-0.6695,0.951269,iprobe
Ednw_ss_on,1.540000,1.540000,14.899585,-0.6694,0.951269,iprobe
Ednw_ss_on,1.560000,1.560000,14.899593,-0.6694,0.951269,iprobe
Ednw_ss_on,1.580000,1.580000,14.899601,-0.6693,0.951269,iprobe
Ednw_ss_on,1.600000,1.600000,14.899609,-0.6693,0.951269,iprobe
Ednw_ss_on,1.620000,1.620000,14.899617,-0.6692,0.951269,iprobe
Ednw_ss_on,1.640000,1.640000,14.899625,-0.6692,0.951269,iprobe
Ednw_ss_on,1.660000,1.660000,14.899632,-0.6691,0.951269,iprobe
Ednw_ss_on,1.680000,1.680000,14.899640,-0.6691,0.951269,iprobe
Ednw_ss_on,1.700000,1.700000,14.899647,-0.6690,0.951269,iprobe
Ednw_ss_on,1.720000,1.720000,14.899655,-0.6690,0.951269,iprobe
Ednw_ss_on,1.740000,1.740000,14.899662,-0.6689,0.951269,iprobe
Ednw_ss_on,1.760000,1.760000,14.899669,-0.6689,0.951269,iprobe
Ednw_ss_on,1.780000,1.780000,14.899676,-0.6688,0.951269,iprobe
Ednw_ss_on,1.800000,1.800000,14.899683,-0.6688,0.951269,iprobe
Ednw_ss_on,1.820000,1.820000,14.899691,-0.6687,0.951269,iprobe
Ednw_ss_on,1.840000,1.840000,14.899698,-0.6687,0.951269,iprobe
Ednw_ss_on,1.860000,1.860000,14.899705,-0.6686,0.951269,iprobe
Ednw_ss_on,1.880000,1.880000,14.899711,-0.6686,0.951269,iprobe
Ednw_ss_on,1.900000,1.900000,14.899718,-0.6685,0.951269,iprobe
Ednw_ss_on,1.920000,1.920000,14.899725,-0.6685,0.951269,iprobe
Ednw_ss_on,1.940000,1.940000,14.899732,-0.6685,0.951269,iprobe
Ednw_ss_on,1.960000,1.960000,14.899739,-0.6684,0.951269,iprobe
Ednw_ss_on,1.980000,1.980000,14.899746,-0.6684,0.951269,iprobe
Ednw_ss_on,2.000000,2.000000,14.899752,-0.6683,0.951269,iprobe
Ednw_ss_on,2.020000,2.020000,14.899759,-0.6683,0.951269,iprobe
Ednw_ss_on,2.040000,2.040000,14.899766,-0.6682,0.951269,iprobe
Ednw_ss_on,2.060000,2.060000,14.899773,-0.6682,0.951269,iprobe
Ednw_ss_on,2.080000,2.080000,14.899780,-0.6681,0.951269,iprobe
Ednw_ss_on,2.100000,2.100000,14.899787,-0.6681,0.951269,iprobe
Ednw_ss_on,2.120000,2.120000,14.899794,-0.6680,0.951269,iprobe
Ednw_ss_on,2.140000,2.140000,14.899802,-0.6680,0.951269,iprobe
Ednw_ss_on,2.160000,2.160000,14.899809,-0.6679,0.951269,iprobe
Ednw_ss_on,2.180000,2.180000,14.899818,-0.6679,0.951269,iprobe
Ednw_ss_on,2.200000,2.200000,14.899826,-0.6678,0.951269,iprobe
Ednw_ss_on,2.220000,2.220000,14.899835,-0.6678,0.951269,iprobe
Ednw_ss_on,2.240000,2.240000,14.899845,-0.6677,0.951269,iprobe
Ednw_ss_on,2.260000,2.260000,14.899856,-0.6676,0.951269,iprobe
Ednw_ss_on,2.280000,2.280000,14.899868,-0.6675,0.951269,iprobe
Ednw_ss_on,2.300000,2.300000,14.899881,-0.6675,0.951269,iprobe
Ednw_ss_on,2.320000,2.320000,14.899895,-0.6674,0.951269,iprobe
Ednw_ss_on,2.340000,2.340000,14.899911,-0.6673,0.951269,iprobe
Ednw_ss_on,2.360000,2.360000,14.899930,-0.6671,0.951269,iprobe
Ednw_ss_on,2.380000,2.380000,14.899950,-0.6670,0.951269,iprobe
Ednw_ss_on,2.400000,2.400000,14.899974,-0.6668,0.951269,iprobe
Ednw_ss_on,2.420000,2.420000,14.900001,-0.6667,0.951269,iprobe
Ednw_ss_on,2.440000,2.440000,14.900032,-0.6665,0.951269,iprobe
Ednw_ss_on,2.460000,2.460000,14.900067,-0.6662,0.951269,iprobe
Ednw_ss_on,2.480000,2.480000,14.900108,-0.6659,0.951269,iprobe
Ednw_ss_on,2.500000,2.500000,14.900154,-0.6656,0.951269,iprobe
Ednw_ss_on,2.520000,2.520000,14.900207,-0.6653,0.951269,iprobe
Ednw_ss_on,2.540000,2.540000,14.900268,-0.6649,0.951269,iprobe
Ednw_ss_on,2.560000,2.560000,14.900338,-0.6644,0.951269,iprobe
Ednw_ss_on,2.580000,2.580000,14.900417,-0.6639,0.951269,iprobe
Ednw_ss_on,2.600000,2.600000,14.900508,-0.6633,0.951269,iprobe
Ednw_ss_on,2.620000,2.620000,14.900611,-0.6626,0.951269,iprobe
Ednw_ss_on,2.640000,2.640000,14.900728,-0.6618,0.951269,iprobe
Ednw_ss_on,2.660000,2.660000,14.900861,-0.6609,0.951269,iprobe
Ednw_ss_on,2.680000,2.680000,14.901012,-0.6599,0.951269,iprobe
Ednw_ss_on,2.700000,2.700000,14.901182,-0.6588,0.951269,iprobe
Ednw_ss_on,2.720000,2.720000,14.901374,-0.6575,0.951269,iprobe
Ednw_ss_on,2.740000,2.740000,14.901590,-0.6561,0.951269,iprobe
Ednw_ss_on,2.760000,2.760000,14.901833,-0.6544,0.951269,iprobe
Ednw_ss_on,2.780000,2.780000,14.902105,-0.6526,0.951269,iprobe
Ednw_ss_on,2.800000,2.800000,14.902409,-0.6506,0.951269,iprobe
Ednw_ss_on,2.820000,2.820000,14.902749,-0.6483,0.951269,iprobe
Ednw_ss_on,2.840000,2.840000,14.903127,-0.6458,0.951269,iprobe
Ednw_ss_on,2.860000,2.860000,14.903548,-0.6430,0.951269,iprobe
Ednw_ss_on,2.880000,2.880000,14.904016,-0.6399,0.951269,iprobe
Ednw_ss_on,2.900000,2.900000,14.904533,-0.6364,0.951269,iprobe
Ednw_ss_on,2.920000,2.920000,14.905105,-0.6326,0.951269,iprobe
Ednw_ss_on,2.940000,2.940000,14.905737,-0.6284,0.951269,iprobe
Ednw_ss_on,2.960000,2.960000,14.906433,-0.6238,0.951269,iprobe
Ednw_ss_on,2.980000,2.980000,14.907199,-0.6187,0.951269,iprobe
Ednw_ss_on,3.000000,3.000000,14.908040,-0.6131,0.951269,iprobe
Ednw_ss_on,3.020000,3.020000,14.908962,-0.6069,0.951269,iprobe
Ednw_ss_on,3.040000,3.040000,14.909971,-0.6002,0.951269,iprobe
Ednw_ss_on,3.060000,3.060000,14.911074,-0.5928,0.951269,iprobe
Ednw_ss_on,3.080000,3.080000,14.912277,-0.5848,0.951269,iprobe
Ednw_ss_on,3.100000,3.100000,14.913588,-0.5761,0.951269,iprobe
Ednw_ss_on,3.120000,3.120000,14.915014,-0.5666,0.951269,iprobe
Ednw_ss_on,3.140000,3.140000,14.916564,-0.5562,0.951269,iprobe
Ednw_ss_on,3.160000,3.160000,14.918245,-0.5450,0.951269,iprobe
Ednw_ss_on,3.180000,3.180000,14.920066,-0.5329,0.951269,iprobe
Ednw_ss_on,3.200000,3.200000,14.922036,-0.5198,0.951269,iprobe
Ednw_ss_on,3.220000,3.220000,14.924165,-0.5056,0.951269,iprobe
Ednw_ss_on,3.240000,3.240000,14.926462,-0.4903,0.951269,iprobe
Ednw_ss_on,3.260000,3.260000,14.928938,-0.4737,0.951269,iprobe
Ednw_ss_on,3.280000,3.280000,14.931603,-0.4560,0.951269,iprobe
Ednw_ss_on,3.300000,3.300000,14.934468,-0.4369,0.951269,iprobe
E_local_gate_n33_ss_l2e-6_w2e-5_dc_iprobe_ss_off,0.000000,0.000000,-0.000000,-100.0000,0.951454,iprobe
E_local_gate_n33_ss_l2e-6_w2e-5_dc_iprobe_ss_off,0.020000,0.020000,0.000000,-100.0000,0.951269,iprobe
E_local_gate_n33_ss_l2e-6_w2e-5_dc_iprobe_ss_off,0.040000,0.040000,0.000000,-100.0000,0.951269,iprobe
E_local_gate_n33_ss_l2e-6_w2e-5_dc_iprobe_ss_off,0.060000,0.060000,0.000000,-100.0000,0.951269,iprobe
E_local_gate_n33_ss_l2e-6_w2e-5_dc_iprobe_ss_off,0.080000,0.080000,0.000000,-100.0000,0.951269,iprobe
E_local_gate_n33_ss_l2e-6_w2e-5_dc_iprobe_ss_off,0.100000,0.100000,0.000000,-100.0000,0.951269,iprobe
E_local_gate_n33_ss_l2e-6_w2e-5_dc_iprobe_ss_off,0.120000,0.120000,0.000000,-100.0000,0.951269,iprobe
E_local_gate_n33_ss_l2e-6_w2e-5_dc_iprobe_ss_off,0.140000,0.140000,0.000000,-100.0000,0.951269,iprobe
E_local_gate_n33_ss_l2e-6_w2e-5_dc_iprobe_ss_off,0.160000,0.160000,0.000000,-100.0000,0.951269,iprobe
E_local_gate_n33_ss_l2e-6_w2e-5_dc_iprobe_ss_off,0.180000,0.180000,0.000000,-100.0000,0.951269,iprobe
E_local_gate_n33_ss_l2e-6_w2e-5_dc_iprobe_ss_off,0.200000,0.200000,0.000000,-100.0000,0.951269,iprobe
E_local_gate_n33_ss_l2e-6_w2e-5_dc_iprobe_ss_off,0.220000,0.220000,0.000000,-100.0000,0.951269,iprobe
E_local_gate_n33_ss_l2e-6_w2e-5_dc_iprobe_ss_off,0.240000,0.240000,0.000000,-100.0000,0.951269,iprobe
E_local_gate_n33_ss_l2e-6_w2e-5_dc_iprobe_ss_off,0.260000,0.260000,0.000000,-100.0000,0.951269,iprobe
E_local_gate_n33_ss_l2e-6_w2e-5_dc_iprobe_ss_off,0.280000,0.280000,0.000000,-100.0000,0.951269,iprobe
E_local_gate_n33_ss_l2e-6_w2e-5_dc_iprobe_ss_off,0.300000,0.300000,0.000000,-100.0000,0.951269,iprobe
E_local_gate_n33_ss_l2e-6_w2e-5_dc_iprobe_ss_off,0.320000,0.320000,0.000000,-100.0000,0.951269,iprobe
E_local_gate_n33_ss_l2e-6_w2e-5_dc_iprobe_ss_off,0.340000,0.340000,0.000000,-100.0000,0.951269,iprobe
E_local_gate_n33_ss_l2e-6_w2e-5_dc_iprobe_ss_off,0.360000,0.360000,0.000000,-100.0000,0.951269,iprobe
E_local_gate_n33_ss_l2e-6_w2e-5_dc_iprobe_ss_off,0.380000,0.380000,0.000000,-100.0000,0.951269,iprobe
E_local_gate_n33_ss_l2e-6_w2e-5_dc_iprobe_ss_off,0.400000,0.400000,0.000000,-100.0000,0.951269,iprobe
E_local_gate_n33_ss_l2e-6_w2e-5_dc_iprobe_ss_off,0.420000,0.420000,0.000000,-100.0000,0.951269,iprobe
E_local_gate_n33_ss_l2e-6_w2e-5_dc_iprobe_ss_off,0.440000,0.440000,0.000000,-100.0000,0.951269,iprobe
E_local_gate_n33_ss_l2e-6_w2e-5_dc_iprobe_ss_off,0.460000,0.460000,0.000000,-100.0000,0.951269,iprobe
E_local_gate_n33_ss_l2e-6_w2e-5_dc_iprobe_ss_off,0.480000,0.480000,0.000000,-100.0000,0.951269,iprobe
E_local_gate_n33_ss_l2e-6_w2e-5_dc_iprobe_ss_off,0.500000,0.500000,0.000000,-100.0000,0.951269,iprobe
E_local_gate_n33_ss_l2e-6_w2e-5_dc_iprobe_ss_off,0.520000,0.520000,0.000000,-100.0000,0.951269,iprobe
E_local_gate_n33_ss_l2e-6_w2e-5_dc_iprobe_ss_off,0.540000,0.540000,0.000000,-100.0000,0.951269,iprobe
E_local_gate_n33_ss_l2e-6_w2e-5_dc_iprobe_ss_off,0.560000,0.560000,0.000000,-100.0000,0.951269,iprobe
E_local_gate_n33_ss_l2e-6_w2e-5_dc_iprobe_ss_off,0.580000,0.580000,0.000000,-100.0000,0.951269,iprobe
E_local_gate_n33_ss_l2e-6_w2e-5_dc_iprobe_ss_off,0.600000,0.600000,0.000000,-100.0000,0.951269,iprobe
E_local_gate_n33_ss_l2e-6_w2e-5_dc_iprobe_ss_off,0.620000,0.620000,0.000000,-100.0000,0.951269,iprobe
E_local_gate_n33_ss_l2e-6_w2e-5_dc_iprobe_ss_off,0.640000,0.640000,0.000000,-100.0000,0.951269,iprobe
E_local_gate_n33_ss_l2e-6_w2e-5_dc_iprobe_ss_off,0.660000,0.660000,0.000000,-100.0000,0.951269,iprobe
E_local_gate_n33_ss_l2e-6_w2e-5_dc_iprobe_ss_off,0.680000,0.680000,0.000000,-100.0000,0.951269,iprobe
E_local_gate_n33_ss_l2e-6_w2e-5_dc_iprobe_ss_off,0.700000,0.700000,0.000000,-100.0000,0.951269,iprobe
E_local_gate_n33_ss_l2e-6_w2e-5_dc_iprobe_ss_off,0.720000,0.720000,0.000000,-100.0000,0.951269,iprobe
E_local_gate_n33_ss_l2e-6_w2e-5_dc_iprobe_ss_off,0.740000,0.740000,0.000000,-100.0000,0.951269,iprobe
E_local_gate_n33_ss_l2e-6_w2e-5_dc_iprobe_ss_off,0.760000,0.760000,0.000000,-100.0000,0.951269,iprobe
E_local_gate_n33_ss_l2e-6_w2e-5_dc_iprobe_ss_off,0.780000,0.780000,0.000000,-100.0000,0.951269,iprobe
E_local_gate_n33_ss_l2e-6_w2e-5_dc_iprobe_ss_off,0.800000,0.800000,0.000000,-100.0000,0.951269,iprobe
E_local_gate_n33_ss_l2e-6_w2e-5_dc_iprobe_ss_off,0.820000,0.820000,0.000000,-100.0000,0.951269,iprobe
E_local_gate_n33_ss_l2e-6_w2e-5_dc_iprobe_ss_off,0.840000,0.840000,0.000000,-100.0000,0.951269,iprobe
E_local_gate_n33_ss_l2e-6_w2e-5_dc_iprobe_ss_off,0.860000,0.860000,0.000000,-100.0000,0.951269,iprobe
E_local_gate_n33_ss_l2e-6_w2e-5_dc_iprobe_ss_off,0.880000,0.880000,0.000000,-100.0000,0.951269,iprobe
E_local_gate_n33_ss_l2e-6_w2e-5_dc_iprobe_ss_off,0.900000,0.900000,0.000000,-100.0000,0.951269,iprobe
E_local_gate_n33_ss_l2e-6_w2e-5_dc_iprobe_ss_off,0.920000,0.920000,0.000000,-100.0000,0.951269,iprobe
E_local_gate_n33_ss_l2e-6_w2e-5_dc_iprobe_ss_off,0.940000,0.940000,0.000000,-100.0000,0.951269,iprobe
E_local_gate_n33_ss_l2e-6_w2e-5_dc_iprobe_ss_off,0.960000,0.960000,0.000000,-100.0000,0.951269,iprobe
E_local_gate_n33_ss_l2e-6_w2e-5_dc_iprobe_ss_off,0.980000,0.980000,0.000000,-100.0000,0.951269,iprobe
E_local_gate_n33_ss_l2e-6_w2e-5_dc_iprobe_ss_off,1.000000,1.000000,0.000000,-100.0000,0.951269,iprobe
E_local_gate_n33_ss_l2e-6_w2e-5_dc_iprobe_ss_off,1.020000,1.020000,0.000000,-100.0000,0.951269,iprobe
E_local_gate_n33_ss_l2e-6_w2e-5_dc_iprobe_ss_off,1.040000,1.040000,0.000000,-100.0000,0.951269,iprobe
E_local_gate_n33_ss_l2e-6_w2e-5_dc_iprobe_ss_off,1.060000,1.060000,0.000000,-100.0000,0.951269,iprobe
E_local_gate_n33_ss_l2e-6_w2e-5_dc_iprobe_ss_off,1.080000,1.080000,0.000000,-100.0000,0.951269,iprobe
E_local_gate_n33_ss_l2e-6_w2e-5_dc_iprobe_ss_off,1.100000,1.100000,0.000000,-100.0000,0.951269,iprobe
E_local_gate_n33_ss_l2e-6_w2e-5_dc_iprobe_ss_off,1.120000,1.120000,0.000000,-100.0000,0.951269,iprobe
E_local_gate_n33_ss_l2e-6_w2e-5_dc_iprobe_ss_off,1.140000,1.140000,0.000000,-100.0000,0.951269,iprobe
E_local_gate_n33_ss_l2e-6_w2e-5_dc_iprobe_ss_off,1.160000,1.160000,0.000000,-100.0000,0.951269,iprobe
E_local_gate_n33_ss_l2e-6_w2e-5_dc_iprobe_ss_off,1.180000,1.180000,0.000000,-100.0000,0.951269,iprobe
E_local_gate_n33_ss_l2e-6_w2e-5_dc_iprobe_ss_off,1.200000,1.200000,0.000000,-100.0000,0.951269,iprobe
E_local_gate_n33_ss_l2e-6_w2e-5_dc_iprobe_ss_off,1.220000,1.220000,0.000000,-100.0000,0.951269,iprobe
E_local_gate_n33_ss_l2e-6_w2e-5_dc_iprobe_ss_off,1.240000,1.240000,0.000000,-100.0000,0.951269,iprobe
E_local_gate_n33_ss_l2e-6_w2e-5_dc_iprobe_ss_off,1.260000,1.260000,0.000000,-100.0000,0.951269,iprobe
E_local_gate_n33_ss_l2e-6_w2e-5_dc_iprobe_ss_off,1.280000,1.280000,0.000000,-100.0000,0.951269,iprobe
E_local_gate_n33_ss_l2e-6_w2e-5_dc_iprobe_ss_off,1.300000,1.300000,0.000000,-100.0000,0.951269,iprobe
E_local_gate_n33_ss_l2e-6_w2e-5_dc_iprobe_ss_off,1.320000,1.320000,0.000000,-100.0000,0.951269,iprobe
E_local_gate_n33_ss_l2e-6_w2e-5_dc_iprobe_ss_off,1.340000,1.340000,0.000000,-100.0000,0.951269,iprobe
E_local_gate_n33_ss_l2e-6_w2e-5_dc_iprobe_ss_off,1.360000,1.360000,0.000000,-100.0000,0.951269,iprobe
E_local_gate_n33_ss_l2e-6_w2e-5_dc_iprobe_ss_off,1.380000,1.380000,0.000000,-100.0000,0.951269,iprobe
E_local_gate_n33_ss_l2e-6_w2e-5_dc_iprobe_ss_off,1.400000,1.400000,0.000000,-100.0000,0.951269,iprobe
E_local_gate_n33_ss_l2e-6_w2e-5_dc_iprobe_ss_off,1.420000,1.420000,0.000000,-100.0000,0.951269,iprobe
E_local_gate_n33_ss_l2e-6_w2e-5_dc_iprobe_ss_off,1.440000,1.440000,0.000000,-100.0000,0.951269,iprobe
E_local_gate_n33_ss_l2e-6_w2e-5_dc_iprobe_ss_off,1.460000,1.460000,0.000000,-100.0000,0.951269,iprobe
E_local_gate_n33_ss_l2e-6_w2e-5_dc_iprobe_ss_off,1.480000,1.480000,0.000000,-100.0000,0.951269,iprobe
E_local_gate_n33_ss_l2e-6_w2e-5_dc_iprobe_ss_off,1.500000,1.500000,0.000000,-100.0000,0.951269,iprobe
E_local_gate_n33_ss_l2e-6_w2e-5_dc_iprobe_ss_off,1.520000,1.520000,0.000000,-100.0000,0.951269,iprobe
E_local_gate_n33_ss_l2e-6_w2e-5_dc_iprobe_ss_off,1.540000,1.540000,0.000000,-100.0000,0.951269,iprobe
E_local_gate_n33_ss_l2e-6_w2e-5_dc_iprobe_ss_off,1.560000,1.560000,0.000000,-100.0000,0.951269,iprobe
E_local_gate_n33_ss_l2e-6_w2e-5_dc_iprobe_ss_off,1.580000,1.580000,0.000000,-100.0000,0.951269,iprobe
E_local_gate_n33_ss_l2e-6_w2e-5_dc_iprobe_ss_off,1.600000,1.600000,0.000000,-100.0000,0.951269,iprobe
E_local_gate_n33_ss_l2e-6_w2e-5_dc_iprobe_ss_off,1.620000,1.620000,0.000000,-100.0000,0.951269,iprobe
E_local_gate_n33_ss_l2e-6_w2e-5_dc_iprobe_ss_off,1.640000,1.640000,0.000000,-100.0000,0.951269,iprobe
E_local_gate_n33_ss_l2e-6_w2e-5_dc_iprobe_ss_off,1.660000,1.660000,0.000000,-100.0000,0.951269,iprobe
E_local_gate_n33_ss_l2e-6_w2e-5_dc_iprobe_ss_off,1.680000,1.680000,0.000000,-100.0000,0.951269,iprobe
E_local_gate_n33_ss_l2e-6_w2e-5_dc_iprobe_ss_off,1.700000,1.700000,0.000000,-100.0000,0.951269,iprobe
E_local_gate_n33_ss_l2e-6_w2e-5_dc_iprobe_ss_off,1.720000,1.720000,0.000000,-100.0000,0.951269,iprobe
E_local_gate_n33_ss_l2e-6_w2e-5_dc_iprobe_ss_off,1.740000,1.740000,0.000000,-100.0000,0.951269,iprobe
E_local_gate_n33_ss_l2e-6_w2e-5_dc_iprobe_ss_off,1.760000,1.760000,0.000000,-100.0000,0.951269,iprobe
E_local_gate_n33_ss_l2e-6_w2e-5_dc_iprobe_ss_off,1.780000,1.780000,0.000000,-100.0000,0.951269,iprobe
E_local_gate_n33_ss_l2e-6_w2e-5_dc_iprobe_ss_off,1.800000,1.800000,0.000000,-100.0000,0.951269,iprobe
E_local_gate_n33_ss_l2e-6_w2e-5_dc_iprobe_ss_off,1.820000,1.820000,0.000000,-100.0000,0.951269,iprobe
E_local_gate_n33_ss_l2e-6_w2e-5_dc_iprobe_ss_off,1.840000,1.840000,0.000000,-100.0000,0.951269,iprobe
E_local_gate_n33_ss_l2e-6_w2e-5_dc_iprobe_ss_off,1.860000,1.860000,0.000000,-100.0000,0.951269,iprobe
E_local_gate_n33_ss_l2e-6_w2e-5_dc_iprobe_ss_off,1.880000,1.880000,0.000000,-100.0000,0.951269,iprobe
E_local_gate_n33_ss_l2e-6_w2e-5_dc_iprobe_ss_off,1.900000,1.900000,0.000000,-100.0000,0.951269,iprobe
E_local_gate_n33_ss_l2e-6_w2e-5_dc_iprobe_ss_off,1.920000,1.920000,0.000000,-100.0000,0.951269,iprobe
E_local_gate_n33_ss_l2e-6_w2e-5_dc_iprobe_ss_off,1.940000,1.940000,0.000000,-100.0000,0.951269,iprobe
E_local_gate_n33_ss_l2e-6_w2e-5_dc_iprobe_ss_off,1.960000,1.960000,0.000000,-100.0000,0.951269,iprobe
E_local_gate_n33_ss_l2e-6_w2e-5_dc_iprobe_ss_off,1.980000,1.980000,0.000000,-100.0000,0.951269,iprobe
E_local_gate_n33_ss_l2e-6_w2e-5_dc_iprobe_ss_off,2.000000,2.000000,0.000000,-100.0000,0.951269,iprobe
E_local_gate_n33_ss_l2e-6_w2e-5_dc_iprobe_ss_off,2.020000,2.020000,0.000000,-100.0000,0.951269,iprobe
E_local_gate_n33_ss_l2e-6_w2e-5_dc_iprobe_ss_off,2.040000,2.040000,0.000000,-100.0000,0.951269,iprobe
E_local_gate_n33_ss_l2e-6_w2e-5_dc_iprobe_ss_off,2.060000,2.060000,0.000000,-100.0000,0.951269,iprobe
E_local_gate_n33_ss_l2e-6_w2e-5_dc_iprobe_ss_off,2.080000,2.080000,0.000000,-100.0000,0.951269,iprobe
E_local_gate_n33_ss_l2e-6_w2e-5_dc_iprobe_ss_off,2.100000,2.100000,0.000000,-100.0000,0.951269,iprobe
E_local_gate_n33_ss_l2e-6_w2e-5_dc_iprobe_ss_off,2.120000,2.120000,0.000000,-100.0000,0.951269,iprobe
E_local_gate_n33_ss_l2e-6_w2e-5_dc_iprobe_ss_off,2.140000,2.140000,0.000000,-100.0000,0.951269,iprobe
E_local_gate_n33_ss_l2e-6_w2e-5_dc_iprobe_ss_off,2.160000,2.160000,0.000000,-100.0000,0.951269,iprobe
E_local_gate_n33_ss_l2e-6_w2e-5_dc_iprobe_ss_off,2.180000,2.180000,0.000000,-100.0000,0.951269,iprobe
E_local_gate_n33_ss_l2e-6_w2e-5_dc_iprobe_ss_off,2.200000,2.200000,0.000000,-100.0000,0.951269,iprobe
E_local_gate_n33_ss_l2e-6_w2e-5_dc_iprobe_ss_off,2.220000,2.220000,0.000000,-100.0000,0.951269,iprobe
E_local_gate_n33_ss_l2e-6_w2e-5_dc_iprobe_ss_off,2.240000,2.240000,0.000000,-100.0000,0.951269,iprobe
E_local_gate_n33_ss_l2e-6_w2e-5_dc_iprobe_ss_off,2.260000,2.260000,0.000000,-100.0000,0.951269,iprobe
E_local_gate_n33_ss_l2e-6_w2e-5_dc_iprobe_ss_off,2.280000,2.280000,0.000000,-100.0000,0.951269,iprobe
E_local_gate_n33_ss_l2e-6_w2e-5_dc_iprobe_ss_off,2.300000,2.300000,0.000000,-100.0000,0.951269,iprobe
E_local_gate_n33_ss_l2e-6_w2e-5_dc_iprobe_ss_off,2.320000,2.320000,0.000000,-100.0000,0.951269,iprobe
E_local_gate_n33_ss_l2e-6_w2e-5_dc_iprobe_ss_off,2.340000,2.340000,0.000000,-100.0000,0.951269,iprobe
E_local_gate_n33_ss_l2e-6_w2e-5_dc_iprobe_ss_off,2.360000,2.360000,0.000000,-100.0000,0.951269,iprobe
E_local_gate_n33_ss_l2e-6_w2e-5_dc_iprobe_ss_off,2.380000,2.380000,0.000000,-100.0000,0.951269,iprobe
E_local_gate_n33_ss_l2e-6_w2e-5_dc_iprobe_ss_off,2.400000,2.400000,0.000000,-100.0000,0.951269,iprobe
E_local_gate_n33_ss_l2e-6_w2e-5_dc_iprobe_ss_off,2.420000,2.420000,0.000000,-100.0000,0.951269,iprobe
E_local_gate_n33_ss_l2e-6_w2e-5_dc_iprobe_ss_off,2.440000,2.440000,0.000000,-100.0000,0.951269,iprobe
E_local_gate_n33_ss_l2e-6_w2e-5_dc_iprobe_ss_off,2.460000,2.460000,0.000000,-100.0000,0.951269,iprobe
E_local_gate_n33_ss_l2e-6_w2e-5_dc_iprobe_ss_off,2.480000,2.480000,0.000000,-100.0000,0.951269,iprobe
E_local_gate_n33_ss_l2e-6_w2e-5_dc_iprobe_ss_off,2.500000,2.500000,0.000000,-100.0000,0.951269,iprobe
E_local_gate_n33_ss_l2e-6_w2e-5_dc_iprobe_ss_off,2.520000,2.520000,0.000000,-100.0000,0.951269,iprobe
E_local_gate_n33_ss_l2e-6_w2e-5_dc_iprobe_ss_off,2.540000,2.540000,0.000000,-100.0000,0.951269,iprobe
E_local_gate_n33_ss_l2e-6_w2e-5_dc_iprobe_ss_off,2.560000,2.560000,0.000000,-100.0000,0.951269,iprobe
E_local_gate_n33_ss_l2e-6_w2e-5_dc_iprobe_ss_off,2.580000,2.580000,0.000000,-100.0000,0.951269,iprobe
E_local_gate_n33_ss_l2e-6_w2e-5_dc_iprobe_ss_off,2.600000,2.600000,0.000000,-100.0000,0.951269,iprobe
E_local_gate_n33_ss_l2e-6_w2e-5_dc_iprobe_ss_off,2.620000,2.620000,0.000000,-100.0000,0.951269,iprobe
E_local_gate_n33_ss_l2e-6_w2e-5_dc_iprobe_ss_off,2.640000,2.640000,0.000000,-100.0000,0.951269,iprobe
E_local_gate_n33_ss_l2e-6_w2e-5_dc_iprobe_ss_off,2.660000,2.660000,0.000000,-100.0000,0.951269,iprobe
E_local_gate_n33_ss_l2e-6_w2e-5_dc_iprobe_ss_off,2.680000,2.680000,0.000000,-100.0000,0.951269,iprobe
E_local_gate_n33_ss_l2e-6_w2e-5_dc_iprobe_ss_off,2.700000,2.700000,0.000000,-100.0000,0.951269,iprobe
E_local_gate_n33_ss_l2e-6_w2e-5_dc_iprobe_ss_off,2.720000,2.720000,0.000000,-100.0000,0.951269,iprobe
E_local_gate_n33_ss_l2e-6_w2e-5_dc_iprobe_ss_off,2.740000,2.740000,0.000000,-100.0000,0.951269,iprobe
E_local_gate_n33_ss_l2e-6_w2e-5_dc_iprobe_ss_off,2.760000,2.760000,0.000000,-100.0000,0.951269,iprobe
E_local_gate_n33_ss_l2e-6_w2e-5_dc_iprobe_ss_off,2.780000,2.780000,0.000000,-100.0000,0.951269,iprobe
E_local_gate_n33_ss_l2e-6_w2e-5_dc_iprobe_ss_off,2.800000,2.800000,0.000000,-100.0000,0.951269,iprobe
E_local_gate_n33_ss_l2e-6_w2e-5_dc_iprobe_ss_off,2.820000,2.820000,0.000000,-100.0000,0.951269,iprobe
E_local_gate_n33_ss_l2e-6_w2e-5_dc_iprobe_ss_off,2.840000,2.840000,0.000000,-100.0000,0.951269,iprobe
E_local_gate_n33_ss_l2e-6_w2e-5_dc_iprobe_ss_off,2.860000,2.860000,0.000000,-100.0000,0.951269,iprobe
E_local_gate_n33_ss_l2e-6_w2e-5_dc_iprobe_ss_off,2.880000,2.880000,0.000000,-100.0000,0.951269,iprobe
E_local_gate_n33_ss_l2e-6_w2e-5_dc_iprobe_ss_off,2.900000,2.900000,0.000000,-100.0000,0.951269,iprobe
E_local_gate_n33_ss_l2e-6_w2e-5_dc_iprobe_ss_off,2.920000,2.920000,0.000000,-100.0000,0.951269,iprobe
E_local_gate_n33_ss_l2e-6_w2e-5_dc_iprobe_ss_off,2.940000,2.940000,0.000000,-100.0000,0.951269,iprobe
E_local_gate_n33_ss_l2e-6_w2e-5_dc_iprobe_ss_off,2.960000,2.960000,0.000000,-100.0000,0.951269,iprobe
E_local_gate_n33_ss_l2e-6_w2e-5_dc_iprobe_ss_off,2.980000,2.980000,0.000000,-100.0000,0.951269,iprobe
E_local_gate_n33_ss_l2e-6_w2e-5_dc_iprobe_ss_off,3.000000,3.000000,0.000000,-100.0000,0.951269,iprobe
E_local_gate_n33_ss_l2e-6_w2e-5_dc_iprobe_ss_off,3.020000,3.020000,0.000000,-100.0000,0.951269,iprobe
E_local_gate_n33_ss_l2e-6_w2e-5_dc_iprobe_ss_off,3.040000,3.040000,0.000000,-100.0000,0.951269,iprobe
E_local_gate_n33_ss_l2e-6_w2e-5_dc_iprobe_ss_off,3.060000,3.060000,0.000000,-100.0000,0.951269,iprobe
E_local_gate_n33_ss_l2e-6_w2e-5_dc_iprobe_ss_off,3.080000,3.080000,0.000000,-100.0000,0.951269,iprobe
E_local_gate_n33_ss_l2e-6_w2e-5_dc_iprobe_ss_off,3.100000,3.100000,0.000000,-100.0000,0.951269,iprobe
E_local_gate_n33_ss_l2e-6_w2e-5_dc_iprobe_ss_off,3.120000,3.120000,0.000000,-100.0000,0.951269,iprobe
E_local_gate_n33_ss_l2e-6_w2e-5_dc_iprobe_ss_off,3.140000,3.140000,0.000000,-100.0000,0.951269,iprobe
E_local_gate_n33_ss_l2e-6_w2e-5_dc_iprobe_ss_off,3.160000,3.160000,0.000000,-100.0000,0.951269,iprobe
E_local_gate_n33_ss_l2e-6_w2e-5_dc_iprobe_ss_off,3.180000,3.180000,0.000000,-100.0000,0.951269,iprobe
E_local_gate_n33_ss_l2e-6_w2e-5_dc_iprobe_ss_off,3.200000,3.200000,0.000000,-100.0000,0.951269,iprobe
E_local_gate_n33_ss_l2e-6_w2e-5_dc_iprobe_ss_off,3.220000,3.220000,0.000000,-100.0000,0.951269,iprobe
E_local_gate_n33_ss_l2e-6_w2e-5_dc_iprobe_ss_off,3.240000,3.240000,0.000000,-100.0000,0.951269,iprobe
E_local_gate_n33_ss_l2e-6_w2e-5_dc_iprobe_ss_off,3.260000,3.260000,0.000000,-100.0000,0.951269,iprobe
E_local_gate_n33_ss_l2e-6_w2e-5_dc_iprobe_ss_off,3.280000,3.280000,0.000000,-100.0000,0.951269,iprobe
E_local_gate_n33_ss_l2e-6_w2e-5_dc_iprobe_ss_off,3.300000,3.300000,0.000000,-100.0000,0.951269,iprobe
Ednw_ss_off,0.000000,0.000000,-0.000000,-100.0000,0.951454,iprobe
Ednw_ss_off,0.020000,0.020000,0.000000,-100.0000,0.951269,iprobe
Ednw_ss_off,0.040000,0.040000,0.000000,-100.0000,0.951269,iprobe
Ednw_ss_off,0.060000,0.060000,0.000000,-100.0000,0.951269,iprobe
Ednw_ss_off,0.080000,0.080000,0.000000,-100.0000,0.951269,iprobe
Ednw_ss_off,0.100000,0.100000,0.000000,-100.0000,0.951269,iprobe
Ednw_ss_off,0.120000,0.120000,0.000000,-100.0000,0.951269,iprobe
Ednw_ss_off,0.140000,0.140000,0.000000,-100.0000,0.951269,iprobe
Ednw_ss_off,0.160000,0.160000,0.000000,-100.0000,0.951269,iprobe
Ednw_ss_off,0.180000,0.180000,0.000000,-100.0000,0.951269,iprobe
Ednw_ss_off,0.200000,0.200000,0.000000,-100.0000,0.951269,iprobe
Ednw_ss_off,0.220000,0.220000,0.000000,-100.0000,0.951269,iprobe
Ednw_ss_off,0.240000,0.240000,0.000000,-100.0000,0.951269,iprobe
Ednw_ss_off,0.260000,0.260000,0.000000,-100.0000,0.951269,iprobe
Ednw_ss_off,0.280000,0.280000,0.000000,-100.0000,0.951269,iprobe
Ednw_ss_off,0.300000,0.300000,0.000000,-100.0000,0.951269,iprobe
Ednw_ss_off,0.320000,0.320000,0.000000,-100.0000,0.951269,iprobe
Ednw_ss_off,0.340000,0.340000,0.000000,-100.0000,0.951269,iprobe
Ednw_ss_off,0.360000,0.360000,0.000000,-100.0000,0.951269,iprobe
Ednw_ss_off,0.380000,0.380000,0.000000,-100.0000,0.951269,iprobe
Ednw_ss_off,0.400000,0.400000,0.000000,-100.0000,0.951269,iprobe
Ednw_ss_off,0.420000,0.420000,0.000000,-100.0000,0.951269,iprobe
Ednw_ss_off,0.440000,0.440000,0.000000,-100.0000,0.951269,iprobe
Ednw_ss_off,0.460000,0.460000,0.000000,-100.0000,0.951269,iprobe
Ednw_ss_off,0.480000,0.480000,0.000000,-100.0000,0.951269,iprobe
Ednw_ss_off,0.500000,0.500000,0.000000,-100.0000,0.951269,iprobe
Ednw_ss_off,0.520000,0.520000,0.000000,-100.0000,0.951269,iprobe
Ednw_ss_off,0.540000,0.540000,0.000000,-100.0000,0.951269,iprobe
Ednw_ss_off,0.560000,0.560000,0.000000,-100.0000,0.951269,iprobe
Ednw_ss_off,0.580000,0.580000,0.000000,-100.0000,0.951269,iprobe
Ednw_ss_off,0.600000,0.600000,0.000000,-100.0000,0.951269,iprobe
Ednw_ss_off,0.620000,0.620000,0.000000,-100.0000,0.951269,iprobe
Ednw_ss_off,0.640000,0.640000,0.000000,-100.0000,0.951269,iprobe
Ednw_ss_off,0.660000,0.660000,0.000000,-100.0000,0.951269,iprobe
Ednw_ss_off,0.680000,0.680000,0.000000,-100.0000,0.951269,iprobe
Ednw_ss_off,0.700000,0.700000,0.000000,-100.0000,0.951269,iprobe
Ednw_ss_off,0.720000,0.720000,0.000000,-100.0000,0.951269,iprobe
Ednw_ss_off,0.740000,0.740000,0.000000,-100.0000,0.951269,iprobe
Ednw_ss_off,0.760000,0.760000,0.000000,-100.0000,0.951269,iprobe
Ednw_ss_off,0.780000,0.780000,0.000000,-100.0000,0.951269,iprobe
Ednw_ss_off,0.800000,0.800000,0.000000,-100.0000,0.951269,iprobe
Ednw_ss_off,0.820000,0.820000,0.000000,-100.0000,0.951269,iprobe
Ednw_ss_off,0.840000,0.840000,0.000000,-100.0000,0.951269,iprobe
Ednw_ss_off,0.860000,0.860000,0.000000,-100.0000,0.951269,iprobe
Ednw_ss_off,0.880000,0.880000,0.000000,-100.0000,0.951269,iprobe
Ednw_ss_off,0.900000,0.900000,0.000000,-100.0000,0.951269,iprobe
Ednw_ss_off,0.920000,0.920000,0.000000,-100.0000,0.951269,iprobe
Ednw_ss_off,0.940000,0.940000,0.000000,-100.0000,0.951269,iprobe
Ednw_ss_off,0.960000,0.960000,0.000000,-100.0000,0.951269,iprobe
Ednw_ss_off,0.980000,0.980000,0.000000,-100.0000,0.951269,iprobe
Ednw_ss_off,1.000000,1.000000,0.000000,-100.0000,0.951269,iprobe
Ednw_ss_off,1.020000,1.020000,0.000000,-100.0000,0.951269,iprobe
Ednw_ss_off,1.040000,1.040000,0.000000,-100.0000,0.951269,iprobe
Ednw_ss_off,1.060000,1.060000,0.000000,-100.0000,0.951269,iprobe
Ednw_ss_off,1.080000,1.080000,0.000000,-100.0000,0.951269,iprobe
Ednw_ss_off,1.100000,1.100000,0.000000,-100.0000,0.951269,iprobe
Ednw_ss_off,1.120000,1.120000,0.000000,-100.0000,0.951269,iprobe
Ednw_ss_off,1.140000,1.140000,0.000000,-100.0000,0.951269,iprobe
Ednw_ss_off,1.160000,1.160000,0.000000,-100.0000,0.951269,iprobe
Ednw_ss_off,1.180000,1.180000,0.000000,-100.0000,0.951269,iprobe
Ednw_ss_off,1.200000,1.200000,0.000000,-100.0000,0.951269,iprobe
Ednw_ss_off,1.220000,1.220000,0.000000,-100.0000,0.951269,iprobe
Ednw_ss_off,1.240000,1.240000,0.000000,-100.0000,0.951269,iprobe
Ednw_ss_off,1.260000,1.260000,0.000000,-100.0000,0.951269,iprobe
Ednw_ss_off,1.280000,1.280000,0.000000,-100.0000,0.951269,iprobe
Ednw_ss_off,1.300000,1.300000,0.000000,-100.0000,0.951269,iprobe
Ednw_ss_off,1.320000,1.320000,0.000000,-100.0000,0.951269,iprobe
Ednw_ss_off,1.340000,1.340000,0.000000,-100.0000,0.951269,iprobe
Ednw_ss_off,1.360000,1.360000,0.000000,-100.0000,0.951269,iprobe
Ednw_ss_off,1.380000,1.380000,0.000000,-100.0000,0.951269,iprobe
Ednw_ss_off,1.400000,1.400000,0.000000,-100.0000,0.951269,iprobe
Ednw_ss_off,1.420000,1.420000,0.000000,-100.0000,0.951269,iprobe
Ednw_ss_off,1.440000,1.440000,0.000000,-100.0000,0.951269,iprobe
Ednw_ss_off,1.460000,1.460000,0.000000,-100.0000,0.951269,iprobe
Ednw_ss_off,1.480000,1.480000,0.000000,-100.0000,0.951269,iprobe
Ednw_ss_off,1.500000,1.500000,0.000000,-100.0000,0.951269,iprobe
Ednw_ss_off,1.520000,1.520000,0.000000,-100.0000,0.951269,iprobe
Ednw_ss_off,1.540000,1.540000,0.000000,-100.0000,0.951269,iprobe
Ednw_ss_off,1.560000,1.560000,0.000000,-100.0000,0.951269,iprobe
Ednw_ss_off,1.580000,1.580000,0.000000,-100.0000,0.951269,iprobe
Ednw_ss_off,1.600000,1.600000,0.000000,-100.0000,0.951269,iprobe
Ednw_ss_off,1.620000,1.620000,0.000000,-100.0000,0.951269,iprobe
Ednw_ss_off,1.640000,1.640000,0.000000,-100.0000,0.951269,iprobe
Ednw_ss_off,1.660000,1.660000,0.000000,-100.0000,0.951269,iprobe
Ednw_ss_off,1.680000,1.680000,0.000000,-100.0000,0.951269,iprobe
Ednw_ss_off,1.700000,1.700000,0.000000,-100.0000,0.951269,iprobe
Ednw_ss_off,1.720000,1.720000,0.000000,-100.0000,0.951269,iprobe
Ednw_ss_off,1.740000,1.740000,0.000000,-100.0000,0.951269,iprobe
Ednw_ss_off,1.760000,1.760000,0.000000,-100.0000,0.951269,iprobe
Ednw_ss_off,1.780000,1.780000,0.000000,-100.0000,0.951269,iprobe
Ednw_ss_off,1.800000,1.800000,0.000000,-100.0000,0.951269,iprobe
Ednw_ss_off,1.820000,1.820000,0.000000,-100.0000,0.951269,iprobe
Ednw_ss_off,1.840000,1.840000,0.000000,-100.0000,0.951269,iprobe
Ednw_ss_off,1.860000,1.860000,0.000000,-100.0000,0.951269,iprobe
Ednw_ss_off,1.880000,1.880000,0.000000,-100.0000,0.951269,iprobe
Ednw_ss_off,1.900000,1.900000,0.000000,-100.0000,0.951269,iprobe
Ednw_ss_off,1.920000,1.920000,0.000000,-100.0000,0.951269,iprobe
Ednw_ss_off,1.940000,1.940000,0.000000,-100.0000,0.951269,iprobe
Ednw_ss_off,1.960000,1.960000,0.000000,-100.0000,0.951269,iprobe
Ednw_ss_off,1.980000,1.980000,0.000000,-100.0000,0.951269,iprobe
Ednw_ss_off,2.000000,2.000000,0.000000,-100.0000,0.951269,iprobe
Ednw_ss_off,2.020000,2.020000,0.000000,-100.0000,0.951269,iprobe
Ednw_ss_off,2.040000,2.040000,0.000000,-100.0000,0.951269,iprobe
Ednw_ss_off,2.060000,2.060000,0.000000,-100.0000,0.951269,iprobe
Ednw_ss_off,2.080000,2.080000,0.000000,-100.0000,0.951269,iprobe
Ednw_ss_off,2.100000,2.100000,0.000000,-100.0000,0.951269,iprobe
Ednw_ss_off,2.120000,2.120000,0.000000,-100.0000,0.951269,iprobe
Ednw_ss_off,2.140000,2.140000,0.000000,-100.0000,0.951269,iprobe
Ednw_ss_off,2.160000,2.160000,0.000000,-100.0000,0.951269,iprobe
Ednw_ss_off,2.180000,2.180000,0.000000,-100.0000,0.951269,iprobe
Ednw_ss_off,2.200000,2.200000,0.000000,-100.0000,0.951269,iprobe
Ednw_ss_off,2.220000,2.220000,0.000000,-100.0000,0.951269,iprobe
Ednw_ss_off,2.240000,2.240000,0.000000,-100.0000,0.951269,iprobe
Ednw_ss_off,2.260000,2.260000,0.000000,-100.0000,0.951269,iprobe
Ednw_ss_off,2.280000,2.280000,0.000000,-100.0000,0.951269,iprobe
Ednw_ss_off,2.300000,2.300000,0.000000,-100.0000,0.951269,iprobe
Ednw_ss_off,2.320000,2.320000,0.000000,-100.0000,0.951269,iprobe
Ednw_ss_off,2.340000,2.340000,0.000000,-100.0000,0.951269,iprobe
Ednw_ss_off,2.360000,2.360000,0.000000,-100.0000,0.951269,iprobe
Ednw_ss_off,2.380000,2.380000,0.000000,-100.0000,0.951269,iprobe
Ednw_ss_off,2.400000,2.400000,0.000000,-100.0000,0.951269,iprobe
Ednw_ss_off,2.420000,2.420000,0.000000,-100.0000,0.951269,iprobe
Ednw_ss_off,2.440000,2.440000,0.000000,-100.0000,0.951269,iprobe
Ednw_ss_off,2.460000,2.460000,0.000000,-100.0000,0.951269,iprobe
Ednw_ss_off,2.480000,2.480000,0.000000,-100.0000,0.951269,iprobe
Ednw_ss_off,2.500000,2.500000,0.000000,-100.0000,0.951269,iprobe
Ednw_ss_off,2.520000,2.520000,0.000000,-100.0000,0.951269,iprobe
Ednw_ss_off,2.540000,2.540000,0.000000,-100.0000,0.951269,iprobe
Ednw_ss_off,2.560000,2.560000,0.000000,-100.0000,0.951269,iprobe
Ednw_ss_off,2.580000,2.580000,0.000000,-100.0000,0.951269,iprobe
Ednw_ss_off,2.600000,2.600000,0.000000,-100.0000,0.951269,iprobe
Ednw_ss_off,2.620000,2.620000,0.000000,-100.0000,0.951269,iprobe
Ednw_ss_off,2.640000,2.640000,0.000000,-100.0000,0.951269,iprobe
Ednw_ss_off,2.660000,2.660000,0.000000,-100.0000,0.951269,iprobe
Ednw_ss_off,2.680000,2.680000,0.000000,-100.0000,0.951269,iprobe
Ednw_ss_off,2.700000,2.700000,0.000000,-100.0000,0.951269,iprobe
Ednw_ss_off,2.720000,2.720000,0.000000,-100.0000,0.951269,iprobe
Ednw_ss_off,2.740000,2.740000,0.000000,-100.0000,0.951269,iprobe
Ednw_ss_off,2.760000,2.760000,0.000000,-100.0000,0.951269,iprobe
Ednw_ss_off,2.780000,2.780000,0.000000,-100.0000,0.951269,iprobe
Ednw_ss_off,2.800000,2.800000,0.000000,-100.0000,0.951269,iprobe
Ednw_ss_off,2.820000,2.820000,0.000000,-100.0000,0.951269,iprobe
Ednw_ss_off,2.840000,2.840000,0.000000,-100.0000,0.951269,iprobe
Ednw_ss_off,2.860000,2.860000,0.000000,-100.0000,0.951269,iprobe
Ednw_ss_off,2.880000,2.880000,0.000000,-100.0000,0.951269,iprobe
Ednw_ss_off,2.900000,2.900000,0.000000,-100.0000,0.951269,iprobe
Ednw_ss_off,2.920000,2.920000,0.000000,-100.0000,0.951269,iprobe
Ednw_ss_off,2.940000,2.940000,0.000000,-100.0000,0.951269,iprobe
Ednw_ss_off,2.960000,2.960000,0.000000,-100.0000,0.951269,iprobe
Ednw_ss_off,2.980000,2.980000,0.000000,-100.0000,0.951269,iprobe
Ednw_ss_off,3.000000,3.000000,0.000000,-100.0000,0.951269,iprobe
Ednw_ss_off,3.020000,3.020000,0.000000,-100.0000,0.951269,iprobe
Ednw_ss_off,3.040000,3.040000,0.000000,-100.0000,0.951269,iprobe
Ednw_ss_off,3.060000,3.060000,0.000000,-100.0000,0.951269,iprobe
Ednw_ss_off,3.080000,3.080000,0.000000,-100.0000,0.951269,iprobe
Ednw_ss_off,3.100000,3.100000,0.000000,-100.0000,0.951269,iprobe
Ednw_ss_off,3.120000,3.120000,0.000000,-100.0000,0.951269,iprobe
Ednw_ss_off,3.140000,3.140000,0.000000,-100.0000,0.951269,iprobe
Ednw_ss_off,3.160000,3.160000,0.000000,-100.0000,0.951269,iprobe
Ednw_ss_off,3.180000,3.180000,0.000000,-100.0000,0.951269,iprobe
Ednw_ss_off,3.200000,3.200000,0.000000,-100.0000,0.951269,iprobe
Ednw_ss_off,3.220000,3.220000,0.000000,-100.0000,0.951269,iprobe
Ednw_ss_off,3.240000,3.240000,0.000000,-100.0000,0.951269,iprobe
Ednw_ss_off,3.260000,3.260000,0.000000,-100.0000,0.951269,iprobe
Ednw_ss_off,3.280000,3.280000,0.000000,-100.0000,0.951269,iprobe
Ednw_ss_off,3.300000,3.300000,0.000000,-100.0000,0.951269,iprobe
E_local_gate_n33_ff_l2e-6_w2e-5_dc_iprobe_ff_on,0.000000,0.000000,-0.000000,-100.0000,0.818122,iprobe
E_local_gate_n33_ff_l2e-6_w2e-5_dc_iprobe_ff_on,0.020000,0.020000,4.451443,-70.3237,0.818122,iprobe
E_local_gate_n33_ff_l2e-6_w2e-5_dc_iprobe_ff_on,0.040000,0.040000,8.113044,-45.9130,0.818122,iprobe
E_local_gate_n33_ff_l2e-6_w2e-5_dc_iprobe_ff_on,0.060000,0.060000,10.958490,-26.9434,0.818122,iprobe
E_local_gate_n33_ff_l2e-6_w2e-5_dc_iprobe_ff_on,0.080000,0.080000,12.958601,-13.6093,0.818122,iprobe
E_local_gate_n33_ff_l2e-6_w2e-5_dc_iprobe_ff_on,0.100000,0.100000,14.096379,-6.0241,0.818122,iprobe
E_local_gate_n33_ff_l2e-6_w2e-5_dc_iprobe_ff_on,0.120000,0.120000,14.499767,-3.3349,0.818122,iprobe
E_local_gate_n33_ff_l2e-6_w2e-5_dc_iprobe_ff_on,0.140000,0.140000,14.602120,-2.6525,0.818122,iprobe
E_local_gate_n33_ff_l2e-6_w2e-5_dc_iprobe_ff_on,0.160000,0.160000,14.648715,-2.3419,0.818122,iprobe
E_local_gate_n33_ff_l2e-6_w2e-5_dc_iprobe_ff_on,0.180000,0.180000,14.680651,-2.1290,0.818122,iprobe
E_local_gate_n33_ff_l2e-6_w2e-5_dc_iprobe_ff_on,0.200000,0.200000,14.705852,-1.9610,0.818122,iprobe
E_local_gate_n33_ff_l2e-6_w2e-5_dc_iprobe_ff_on,0.220000,0.220000,14.727013,-1.8199,0.818122,iprobe
E_local_gate_n33_ff_l2e-6_w2e-5_dc_iprobe_ff_on,0.240000,0.240000,14.745418,-1.6972,0.818122,iprobe
E_local_gate_n33_ff_l2e-6_w2e-5_dc_iprobe_ff_on,0.260000,0.260000,14.761798,-1.5880,0.818122,iprobe
E_local_gate_n33_ff_l2e-6_w2e-5_dc_iprobe_ff_on,0.280000,0.280000,14.776618,-1.4892,0.818122,iprobe
E_local_gate_n33_ff_l2e-6_w2e-5_dc_iprobe_ff_on,0.300000,0.300000,14.790196,-1.3987,0.818122,iprobe
E_local_gate_n33_ff_l2e-6_w2e-5_dc_iprobe_ff_on,0.320000,0.320000,14.802756,-1.3150,0.818122,iprobe
E_local_gate_n33_ff_l2e-6_w2e-5_dc_iprobe_ff_on,0.340000,0.340000,14.814467,-1.2369,0.818122,iprobe
E_local_gate_n33_ff_l2e-6_w2e-5_dc_iprobe_ff_on,0.360000,0.360000,14.825455,-1.1636,0.818122,iprobe
E_local_gate_n33_ff_l2e-6_w2e-5_dc_iprobe_ff_on,0.380000,0.380000,14.835821,-1.0945,0.818122,iprobe
E_local_gate_n33_ff_l2e-6_w2e-5_dc_iprobe_ff_on,0.400000,0.400000,14.845642,-1.0291,0.818122,iprobe
E_local_gate_n33_ff_l2e-6_w2e-5_dc_iprobe_ff_on,0.420000,0.420000,14.854981,-0.9668,0.818122,iprobe
E_local_gate_n33_ff_l2e-6_w2e-5_dc_iprobe_ff_on,0.440000,0.440000,14.863889,-0.9074,0.818122,iprobe
E_local_gate_n33_ff_l2e-6_w2e-5_dc_iprobe_ff_on,0.460000,0.460000,14.872406,-0.8506,0.818122,iprobe
E_local_gate_n33_ff_l2e-6_w2e-5_dc_iprobe_ff_on,0.480000,0.480000,14.880565,-0.7962,0.818122,iprobe
E_local_gate_n33_ff_l2e-6_w2e-5_dc_iprobe_ff_on,0.500000,0.500000,14.888393,-0.7440,0.818122,iprobe
E_local_gate_n33_ff_l2e-6_w2e-5_dc_iprobe_ff_on,0.520000,0.520000,14.895909,-0.6939,0.818122,iprobe
E_local_gate_n33_ff_l2e-6_w2e-5_dc_iprobe_ff_on,0.540000,0.540000,14.903128,-0.6458,0.818122,iprobe
E_local_gate_n33_ff_l2e-6_w2e-5_dc_iprobe_ff_on,0.560000,0.560000,14.910059,-0.5996,0.818122,iprobe
E_local_gate_n33_ff_l2e-6_w2e-5_dc_iprobe_ff_on,0.580000,0.580000,14.916704,-0.5553,0.818122,iprobe
E_local_gate_n33_ff_l2e-6_w2e-5_dc_iprobe_ff_on,0.600000,0.600000,14.923062,-0.5129,0.818122,iprobe
E_local_gate_n33_ff_l2e-6_w2e-5_dc_iprobe_ff_on,0.620000,0.620000,14.929123,-0.4725,0.818122,iprobe
E_local_gate_n33_ff_l2e-6_w2e-5_dc_iprobe_ff_on,0.640000,0.640000,14.934871,-0.4342,0.818122,iprobe
E_local_gate_n33_ff_l2e-6_w2e-5_dc_iprobe_ff_on,0.660000,0.660000,14.940281,-0.3981,0.818122,iprobe
E_local_gate_n33_ff_l2e-6_w2e-5_dc_iprobe_ff_on,0.680000,0.680000,14.945317,-0.3646,0.818122,iprobe
E_local_gate_n33_ff_l2e-6_w2e-5_dc_iprobe_ff_on,0.700000,0.700000,14.949931,-0.3338,0.818122,iprobe
E_local_gate_n33_ff_l2e-6_w2e-5_dc_iprobe_ff_on,0.720000,0.720000,14.954062,-0.3063,0.818122,iprobe
E_local_gate_n33_ff_l2e-6_w2e-5_dc_iprobe_ff_on,0.740000,0.740000,14.957631,-0.2825,0.818122,iprobe
E_local_gate_n33_ff_l2e-6_w2e-5_dc_iprobe_ff_on,0.760000,0.760000,14.960540,-0.2631,0.818122,iprobe
E_local_gate_n33_ff_l2e-6_w2e-5_dc_iprobe_ff_on,0.780000,0.780000,14.962672,-0.2489,0.818122,iprobe
E_local_gate_n33_ff_l2e-6_w2e-5_dc_iprobe_ff_on,0.800000,0.800000,14.963912,-0.2406,0.818122,iprobe
E_local_gate_n33_ff_l2e-6_w2e-5_dc_iprobe_ff_on,0.820000,0.820000,14.964356,-0.2376,0.818122,iprobe
E_local_gate_n33_ff_l2e-6_w2e-5_dc_iprobe_ff_on,0.840000,0.840000,14.964482,-0.2368,0.818122,iprobe
E_local_gate_n33_ff_l2e-6_w2e-5_dc_iprobe_ff_on,0.860000,0.860000,14.964544,-0.2364,0.818122,iprobe
E_local_gate_n33_ff_l2e-6_w2e-5_dc_iprobe_ff_on,0.880000,0.880000,14.964588,-0.2361,0.818122,iprobe
E_local_gate_n33_ff_l2e-6_w2e-5_dc_iprobe_ff_on,0.900000,0.900000,14.964623,-0.2358,0.818122,iprobe
E_local_gate_n33_ff_l2e-6_w2e-5_dc_iprobe_ff_on,0.920000,0.920000,14.964652,-0.2357,0.818122,iprobe
E_local_gate_n33_ff_l2e-6_w2e-5_dc_iprobe_ff_on,0.940000,0.940000,14.964678,-0.2355,0.818122,iprobe
E_local_gate_n33_ff_l2e-6_w2e-5_dc_iprobe_ff_on,0.960000,0.960000,14.964701,-0.2353,0.818122,iprobe
E_local_gate_n33_ff_l2e-6_w2e-5_dc_iprobe_ff_on,0.980000,0.980000,14.964721,-0.2352,0.818122,iprobe
E_local_gate_n33_ff_l2e-6_w2e-5_dc_iprobe_ff_on,1.000000,1.000000,14.964740,-0.2351,0.818122,iprobe
E_local_gate_n33_ff_l2e-6_w2e-5_dc_iprobe_ff_on,1.020000,1.020000,14.964758,-0.2349,0.818122,iprobe
E_local_gate_n33_ff_l2e-6_w2e-5_dc_iprobe_ff_on,1.040000,1.040000,14.964775,-0.2348,0.818122,iprobe
E_local_gate_n33_ff_l2e-6_w2e-5_dc_iprobe_ff_on,1.060000,1.060000,14.964790,-0.2347,0.818122,iprobe
E_local_gate_n33_ff_l2e-6_w2e-5_dc_iprobe_ff_on,1.080000,1.080000,14.964805,-0.2346,0.818122,iprobe
E_local_gate_n33_ff_l2e-6_w2e-5_dc_iprobe_ff_on,1.100000,1.100000,14.964819,-0.2345,0.818122,iprobe
E_local_gate_n33_ff_l2e-6_w2e-5_dc_iprobe_ff_on,1.120000,1.120000,14.964832,-0.2345,0.818122,iprobe
E_local_gate_n33_ff_l2e-6_w2e-5_dc_iprobe_ff_on,1.140000,1.140000,14.964845,-0.2344,0.818122,iprobe
E_local_gate_n33_ff_l2e-6_w2e-5_dc_iprobe_ff_on,1.160000,1.160000,14.964858,-0.2343,0.818122,iprobe
E_local_gate_n33_ff_l2e-6_w2e-5_dc_iprobe_ff_on,1.180000,1.180000,14.964869,-0.2342,0.818122,iprobe
E_local_gate_n33_ff_l2e-6_w2e-5_dc_iprobe_ff_on,1.200000,1.200000,14.964881,-0.2341,0.818122,iprobe
E_local_gate_n33_ff_l2e-6_w2e-5_dc_iprobe_ff_on,1.220000,1.220000,14.964892,-0.2341,0.818122,iprobe
E_local_gate_n33_ff_l2e-6_w2e-5_dc_iprobe_ff_on,1.240000,1.240000,14.964903,-0.2340,0.818122,iprobe
E_local_gate_n33_ff_l2e-6_w2e-5_dc_iprobe_ff_on,1.260000,1.260000,14.964913,-0.2339,0.818122,iprobe
E_local_gate_n33_ff_l2e-6_w2e-5_dc_iprobe_ff_on,1.280000,1.280000,14.964923,-0.2338,0.818122,iprobe
E_local_gate_n33_ff_l2e-6_w2e-5_dc_iprobe_ff_on,1.300000,1.300000,14.964933,-0.2338,0.818122,iprobe
E_local_gate_n33_ff_l2e-6_w2e-5_dc_iprobe_ff_on,1.320000,1.320000,14.964943,-0.2337,0.818122,iprobe
E_local_gate_n33_ff_l2e-6_w2e-5_dc_iprobe_ff_on,1.340000,1.340000,14.964952,-0.2337,0.818122,iprobe
E_local_gate_n33_ff_l2e-6_w2e-5_dc_iprobe_ff_on,1.360000,1.360000,14.964962,-0.2336,0.818122,iprobe
E_local_gate_n33_ff_l2e-6_w2e-5_dc_iprobe_ff_on,1.380000,1.380000,14.964971,-0.2335,0.818122,iprobe
E_local_gate_n33_ff_l2e-6_w2e-5_dc_iprobe_ff_on,1.400000,1.400000,14.964979,-0.2335,0.818122,iprobe
E_local_gate_n33_ff_l2e-6_w2e-5_dc_iprobe_ff_on,1.420000,1.420000,14.964988,-0.2334,0.818122,iprobe
E_local_gate_n33_ff_l2e-6_w2e-5_dc_iprobe_ff_on,1.440000,1.440000,14.964997,-0.2334,0.818122,iprobe
E_local_gate_n33_ff_l2e-6_w2e-5_dc_iprobe_ff_on,1.460000,1.460000,14.965005,-0.2333,0.818122,iprobe
E_local_gate_n33_ff_l2e-6_w2e-5_dc_iprobe_ff_on,1.480000,1.480000,14.965013,-0.2332,0.818122,iprobe
E_local_gate_n33_ff_l2e-6_w2e-5_dc_iprobe_ff_on,1.500000,1.500000,14.965022,-0.2332,0.818122,iprobe
E_local_gate_n33_ff_l2e-6_w2e-5_dc_iprobe_ff_on,1.520000,1.520000,14.965030,-0.2331,0.818122,iprobe
E_local_gate_n33_ff_l2e-6_w2e-5_dc_iprobe_ff_on,1.540000,1.540000,14.965037,-0.2331,0.818122,iprobe
E_local_gate_n33_ff_l2e-6_w2e-5_dc_iprobe_ff_on,1.560000,1.560000,14.965045,-0.2330,0.818122,iprobe
E_local_gate_n33_ff_l2e-6_w2e-5_dc_iprobe_ff_on,1.580000,1.580000,14.965053,-0.2330,0.818122,iprobe
E_local_gate_n33_ff_l2e-6_w2e-5_dc_iprobe_ff_on,1.600000,1.600000,14.965061,-0.2329,0.818122,iprobe
E_local_gate_n33_ff_l2e-6_w2e-5_dc_iprobe_ff_on,1.620000,1.620000,14.965068,-0.2329,0.818122,iprobe
E_local_gate_n33_ff_l2e-6_w2e-5_dc_iprobe_ff_on,1.640000,1.640000,14.965076,-0.2328,0.818122,iprobe
E_local_gate_n33_ff_l2e-6_w2e-5_dc_iprobe_ff_on,1.660000,1.660000,14.965083,-0.2328,0.818122,iprobe
E_local_gate_n33_ff_l2e-6_w2e-5_dc_iprobe_ff_on,1.680000,1.680000,14.965090,-0.2327,0.818122,iprobe
E_local_gate_n33_ff_l2e-6_w2e-5_dc_iprobe_ff_on,1.700000,1.700000,14.965097,-0.2327,0.818122,iprobe
E_local_gate_n33_ff_l2e-6_w2e-5_dc_iprobe_ff_on,1.720000,1.720000,14.965104,-0.2326,0.818122,iprobe
E_local_gate_n33_ff_l2e-6_w2e-5_dc_iprobe_ff_on,1.740000,1.740000,14.965111,-0.2326,0.818122,iprobe
E_local_gate_n33_ff_l2e-6_w2e-5_dc_iprobe_ff_on,1.760000,1.760000,14.965118,-0.2325,0.818122,iprobe
E_local_gate_n33_ff_l2e-6_w2e-5_dc_iprobe_ff_on,1.780000,1.780000,14.965125,-0.2325,0.818122,iprobe
E_local_gate_n33_ff_l2e-6_w2e-5_dc_iprobe_ff_on,1.800000,1.800000,14.965132,-0.2325,0.818122,iprobe
E_local_gate_n33_ff_l2e-6_w2e-5_dc_iprobe_ff_on,1.820000,1.820000,14.965139,-0.2324,0.818122,iprobe
E_local_gate_n33_ff_l2e-6_w2e-5_dc_iprobe_ff_on,1.840000,1.840000,14.965146,-0.2324,0.818122,iprobe
E_local_gate_n33_ff_l2e-6_w2e-5_dc_iprobe_ff_on,1.860000,1.860000,14.965152,-0.2323,0.818122,iprobe
E_local_gate_n33_ff_l2e-6_w2e-5_dc_iprobe_ff_on,1.880000,1.880000,14.965159,-0.2323,0.818122,iprobe
E_local_gate_n33_ff_l2e-6_w2e-5_dc_iprobe_ff_on,1.900000,1.900000,14.965166,-0.2322,0.818122,iprobe
E_local_gate_n33_ff_l2e-6_w2e-5_dc_iprobe_ff_on,1.920000,1.920000,14.965172,-0.2322,0.818122,iprobe
E_local_gate_n33_ff_l2e-6_w2e-5_dc_iprobe_ff_on,1.940000,1.940000,14.965179,-0.2321,0.818122,iprobe
E_local_gate_n33_ff_l2e-6_w2e-5_dc_iprobe_ff_on,1.960000,1.960000,14.965185,-0.2321,0.818122,iprobe
E_local_gate_n33_ff_l2e-6_w2e-5_dc_iprobe_ff_on,1.980000,1.980000,14.965191,-0.2321,0.818122,iprobe
E_local_gate_n33_ff_l2e-6_w2e-5_dc_iprobe_ff_on,2.000000,2.000000,14.965198,-0.2320,0.818122,iprobe
E_local_gate_n33_ff_l2e-6_w2e-5_dc_iprobe_ff_on,2.020000,2.020000,14.965204,-0.2320,0.818122,iprobe
E_local_gate_n33_ff_l2e-6_w2e-5_dc_iprobe_ff_on,2.040000,2.040000,14.965211,-0.2319,0.818122,iprobe
E_local_gate_n33_ff_l2e-6_w2e-5_dc_iprobe_ff_on,2.060000,2.060000,14.965217,-0.2319,0.818122,iprobe
E_local_gate_n33_ff_l2e-6_w2e-5_dc_iprobe_ff_on,2.080000,2.080000,14.965223,-0.2318,0.818122,iprobe
E_local_gate_n33_ff_l2e-6_w2e-5_dc_iprobe_ff_on,2.100000,2.100000,14.965230,-0.2318,0.818122,iprobe
E_local_gate_n33_ff_l2e-6_w2e-5_dc_iprobe_ff_on,2.120000,2.120000,14.965236,-0.2318,0.818122,iprobe
E_local_gate_n33_ff_l2e-6_w2e-5_dc_iprobe_ff_on,2.140000,2.140000,14.965242,-0.2317,0.818122,iprobe
E_local_gate_n33_ff_l2e-6_w2e-5_dc_iprobe_ff_on,2.160000,2.160000,14.965249,-0.2317,0.818122,iprobe
E_local_gate_n33_ff_l2e-6_w2e-5_dc_iprobe_ff_on,2.180000,2.180000,14.965256,-0.2316,0.818122,iprobe
E_local_gate_n33_ff_l2e-6_w2e-5_dc_iprobe_ff_on,2.200000,2.200000,14.965262,-0.2316,0.818122,iprobe
E_local_gate_n33_ff_l2e-6_w2e-5_dc_iprobe_ff_on,2.220000,2.220000,14.965269,-0.2315,0.818122,iprobe
E_local_gate_n33_ff_l2e-6_w2e-5_dc_iprobe_ff_on,2.240000,2.240000,14.965277,-0.2315,0.818122,iprobe
E_local_gate_n33_ff_l2e-6_w2e-5_dc_iprobe_ff_on,2.260000,2.260000,14.965284,-0.2314,0.818122,iprobe
E_local_gate_n33_ff_l2e-6_w2e-5_dc_iprobe_ff_on,2.280000,2.280000,14.965292,-0.2314,0.818122,iprobe
E_local_gate_n33_ff_l2e-6_w2e-5_dc_iprobe_ff_on,2.300000,2.300000,14.965301,-0.2313,0.818122,iprobe
E_local_gate_n33_ff_l2e-6_w2e-5_dc_iprobe_ff_on,2.320000,2.320000,14.965310,-0.2313,0.818122,iprobe
E_local_gate_n33_ff_l2e-6_w2e-5_dc_iprobe_ff_on,2.340000,2.340000,14.965320,-0.2312,0.818122,iprobe
E_local_gate_n33_ff_l2e-6_w2e-5_dc_iprobe_ff_on,2.360000,2.360000,14.965331,-0.2311,0.818122,iprobe
E_local_gate_n33_ff_l2e-6_w2e-5_dc_iprobe_ff_on,2.380000,2.380000,14.965343,-0.2310,0.818122,iprobe
E_local_gate_n33_ff_l2e-6_w2e-5_dc_iprobe_ff_on,2.400000,2.400000,14.965356,-0.2310,0.818122,iprobe
E_local_gate_n33_ff_l2e-6_w2e-5_dc_iprobe_ff_on,2.420000,2.420000,14.965371,-0.2309,0.818122,iprobe
E_local_gate_n33_ff_l2e-6_w2e-5_dc_iprobe_ff_on,2.440000,2.440000,14.965388,-0.2307,0.818122,iprobe
E_local_gate_n33_ff_l2e-6_w2e-5_dc_iprobe_ff_on,2.460000,2.460000,14.965407,-0.2306,0.818122,iprobe
E_local_gate_n33_ff_l2e-6_w2e-5_dc_iprobe_ff_on,2.480000,2.480000,14.965429,-0.2305,0.818122,iprobe
E_local_gate_n33_ff_l2e-6_w2e-5_dc_iprobe_ff_on,2.500000,2.500000,14.965454,-0.2303,0.818122,iprobe
E_local_gate_n33_ff_l2e-6_w2e-5_dc_iprobe_ff_on,2.520000,2.520000,14.965483,-0.2301,0.818122,iprobe
E_local_gate_n33_ff_l2e-6_w2e-5_dc_iprobe_ff_on,2.540000,2.540000,14.965515,-0.2299,0.818122,iprobe
E_local_gate_n33_ff_l2e-6_w2e-5_dc_iprobe_ff_on,2.560000,2.560000,14.965553,-0.2296,0.818122,iprobe
E_local_gate_n33_ff_l2e-6_w2e-5_dc_iprobe_ff_on,2.580000,2.580000,14.965596,-0.2294,0.818122,iprobe
E_local_gate_n33_ff_l2e-6_w2e-5_dc_iprobe_ff_on,2.600000,2.600000,14.965645,-0.2290,0.818122,iprobe
E_local_gate_n33_ff_l2e-6_w2e-5_dc_iprobe_ff_on,2.620000,2.620000,14.965702,-0.2287,0.818122,iprobe
E_local_gate_n33_ff_l2e-6_w2e-5_dc_iprobe_ff_on,2.640000,2.640000,14.965767,-0.2282,0.818122,iprobe
E_local_gate_n33_ff_l2e-6_w2e-5_dc_iprobe_ff_on,2.660000,2.660000,14.965841,-0.2277,0.818122,iprobe
E_local_gate_n33_ff_l2e-6_w2e-5_dc_iprobe_ff_on,2.680000,2.680000,14.965926,-0.2272,0.818122,iprobe
E_local_gate_n33_ff_l2e-6_w2e-5_dc_iprobe_ff_on,2.700000,2.700000,14.966023,-0.2265,0.818122,iprobe
E_local_gate_n33_ff_l2e-6_w2e-5_dc_iprobe_ff_on,2.720000,2.720000,14.966133,-0.2258,0.818122,iprobe
E_local_gate_n33_ff_l2e-6_w2e-5_dc_iprobe_ff_on,2.740000,2.740000,14.966258,-0.2249,0.818122,iprobe
E_local_gate_n33_ff_l2e-6_w2e-5_dc_iprobe_ff_on,2.760000,2.760000,14.966399,-0.2240,0.818122,iprobe
E_local_gate_n33_ff_l2e-6_w2e-5_dc_iprobe_ff_on,2.780000,2.780000,14.966560,-0.2229,0.818122,iprobe
E_local_gate_n33_ff_l2e-6_w2e-5_dc_iprobe_ff_on,2.800000,2.800000,14.966741,-0.2217,0.818122,iprobe
E_local_gate_n33_ff_l2e-6_w2e-5_dc_iprobe_ff_on,2.820000,2.820000,14.966944,-0.2204,0.818122,iprobe
E_local_gate_n33_ff_l2e-6_w2e-5_dc_iprobe_ff_on,2.840000,2.840000,14.967174,-0.2188,0.818122,iprobe
E_local_gate_n33_ff_l2e-6_w2e-5_dc_iprobe_ff_on,2.860000,2.860000,14.967431,-0.2171,0.818122,iprobe
E_local_gate_n33_ff_l2e-6_w2e-5_dc_iprobe_ff_on,2.880000,2.880000,14.967719,-0.2152,0.818122,iprobe
E_local_gate_n33_ff_l2e-6_w2e-5_dc_iprobe_ff_on,2.900000,2.900000,14.968041,-0.2131,0.818122,iprobe
E_local_gate_n33_ff_l2e-6_w2e-5_dc_iprobe_ff_on,2.920000,2.920000,14.968400,-0.2107,0.818122,iprobe
E_local_gate_n33_ff_l2e-6_w2e-5_dc_iprobe_ff_on,2.940000,2.940000,14.968800,-0.2080,0.818122,iprobe
E_local_gate_n33_ff_l2e-6_w2e-5_dc_iprobe_ff_on,2.960000,2.960000,14.969245,-0.2050,0.818122,iprobe
E_local_gate_n33_ff_l2e-6_w2e-5_dc_iprobe_ff_on,2.980000,2.980000,14.969737,-0.2018,0.818122,iprobe
E_local_gate_n33_ff_l2e-6_w2e-5_dc_iprobe_ff_on,3.000000,3.000000,14.970283,-0.1981,0.818122,iprobe
E_local_gate_n33_ff_l2e-6_w2e-5_dc_iprobe_ff_on,3.020000,3.020000,14.970885,-0.1941,0.818122,iprobe
E_local_gate_n33_ff_l2e-6_w2e-5_dc_iprobe_ff_on,3.040000,3.040000,14.971550,-0.1897,0.818122,iprobe
E_local_gate_n33_ff_l2e-6_w2e-5_dc_iprobe_ff_on,3.060000,3.060000,14.972282,-0.1848,0.818122,iprobe
E_local_gate_n33_ff_l2e-6_w2e-5_dc_iprobe_ff_on,3.080000,3.080000,14.973087,-0.1794,0.818122,iprobe
E_local_gate_n33_ff_l2e-6_w2e-5_dc_iprobe_ff_on,3.100000,3.100000,14.973969,-0.1735,0.818122,iprobe
E_local_gate_n33_ff_l2e-6_w2e-5_dc_iprobe_ff_on,3.120000,3.120000,14.974936,-0.1671,0.818122,iprobe
E_local_gate_n33_ff_l2e-6_w2e-5_dc_iprobe_ff_on,3.140000,3.140000,14.975994,-0.1600,0.818122,iprobe
E_local_gate_n33_ff_l2e-6_w2e-5_dc_iprobe_ff_on,3.160000,3.160000,14.977149,-0.1523,0.818122,iprobe
E_local_gate_n33_ff_l2e-6_w2e-5_dc_iprobe_ff_on,3.180000,3.180000,14.978409,-0.1439,0.818122,iprobe
E_local_gate_n33_ff_l2e-6_w2e-5_dc_iprobe_ff_on,3.200000,3.200000,14.979780,-0.1348,0.818122,iprobe
E_local_gate_n33_ff_l2e-6_w2e-5_dc_iprobe_ff_on,3.220000,3.220000,14.981271,-0.1249,0.818122,iprobe
E_local_gate_n33_ff_l2e-6_w2e-5_dc_iprobe_ff_on,3.240000,3.240000,14.982890,-0.1141,0.818122,iprobe
E_local_gate_n33_ff_l2e-6_w2e-5_dc_iprobe_ff_on,3.260000,3.260000,14.984645,-0.1024,0.818122,iprobe
E_local_gate_n33_ff_l2e-6_w2e-5_dc_iprobe_ff_on,3.280000,3.280000,14.986544,-0.0897,0.818122,iprobe
E_local_gate_n33_ff_l2e-6_w2e-5_dc_iprobe_ff_on,3.300000,3.300000,14.988599,-0.0760,0.818122,iprobe
Ednw_ff_on,0.000000,0.000000,-0.000000,-100.0000,0.818122,iprobe
Ednw_ff_on,0.020000,0.020000,4.451443,-70.3237,0.818122,iprobe
Ednw_ff_on,0.040000,0.040000,8.113044,-45.9130,0.818122,iprobe
Ednw_ff_on,0.060000,0.060000,10.958490,-26.9434,0.818122,iprobe
Ednw_ff_on,0.080000,0.080000,12.958601,-13.6093,0.818122,iprobe
Ednw_ff_on,0.100000,0.100000,14.096379,-6.0241,0.818122,iprobe
Ednw_ff_on,0.120000,0.120000,14.499767,-3.3349,0.818122,iprobe
Ednw_ff_on,0.140000,0.140000,14.602120,-2.6525,0.818122,iprobe
Ednw_ff_on,0.160000,0.160000,14.648715,-2.3419,0.818122,iprobe
Ednw_ff_on,0.180000,0.180000,14.680651,-2.1290,0.818122,iprobe
Ednw_ff_on,0.200000,0.200000,14.705852,-1.9610,0.818122,iprobe
Ednw_ff_on,0.220000,0.220000,14.727013,-1.8199,0.818122,iprobe
Ednw_ff_on,0.240000,0.240000,14.745418,-1.6972,0.818122,iprobe
Ednw_ff_on,0.260000,0.260000,14.761798,-1.5880,0.818122,iprobe
Ednw_ff_on,0.280000,0.280000,14.776618,-1.4892,0.818122,iprobe
Ednw_ff_on,0.300000,0.300000,14.790196,-1.3987,0.818122,iprobe
Ednw_ff_on,0.320000,0.320000,14.802756,-1.3150,0.818122,iprobe
Ednw_ff_on,0.340000,0.340000,14.814467,-1.2369,0.818122,iprobe
Ednw_ff_on,0.360000,0.360000,14.825455,-1.1636,0.818122,iprobe
Ednw_ff_on,0.380000,0.380000,14.835821,-1.0945,0.818122,iprobe
Ednw_ff_on,0.400000,0.400000,14.845642,-1.0291,0.818122,iprobe
Ednw_ff_on,0.420000,0.420000,14.854981,-0.9668,0.818122,iprobe
Ednw_ff_on,0.440000,0.440000,14.863889,-0.9074,0.818122,iprobe
Ednw_ff_on,0.460000,0.460000,14.872406,-0.8506,0.818122,iprobe
Ednw_ff_on,0.480000,0.480000,14.880565,-0.7962,0.818122,iprobe
Ednw_ff_on,0.500000,0.500000,14.888393,-0.7440,0.818122,iprobe
Ednw_ff_on,0.520000,0.520000,14.895909,-0.6939,0.818122,iprobe
Ednw_ff_on,0.540000,0.540000,14.903128,-0.6458,0.818122,iprobe
Ednw_ff_on,0.560000,0.560000,14.910059,-0.5996,0.818122,iprobe
Ednw_ff_on,0.580000,0.580000,14.916704,-0.5553,0.818122,iprobe
Ednw_ff_on,0.600000,0.600000,14.923062,-0.5129,0.818122,iprobe
Ednw_ff_on,0.620000,0.620000,14.929123,-0.4725,0.818122,iprobe
Ednw_ff_on,0.640000,0.640000,14.934871,-0.4342,0.818122,iprobe
Ednw_ff_on,0.660000,0.660000,14.940281,-0.3981,0.818122,iprobe
Ednw_ff_on,0.680000,0.680000,14.945317,-0.3646,0.818122,iprobe
Ednw_ff_on,0.700000,0.700000,14.949931,-0.3338,0.818122,iprobe
Ednw_ff_on,0.720000,0.720000,14.954062,-0.3063,0.818122,iprobe
Ednw_ff_on,0.740000,0.740000,14.957631,-0.2825,0.818122,iprobe
Ednw_ff_on,0.760000,0.760000,14.960540,-0.2631,0.818122,iprobe
Ednw_ff_on,0.780000,0.780000,14.962672,-0.2489,0.818122,iprobe
Ednw_ff_on,0.800000,0.800000,14.963912,-0.2406,0.818122,iprobe
Ednw_ff_on,0.820000,0.820000,14.964356,-0.2376,0.818122,iprobe
Ednw_ff_on,0.840000,0.840000,14.964482,-0.2368,0.818122,iprobe
Ednw_ff_on,0.860000,0.860000,14.964544,-0.2364,0.818122,iprobe
Ednw_ff_on,0.880000,0.880000,14.964588,-0.2361,0.818122,iprobe
Ednw_ff_on,0.900000,0.900000,14.964623,-0.2358,0.818122,iprobe
Ednw_ff_on,0.920000,0.920000,14.964652,-0.2357,0.818122,iprobe
Ednw_ff_on,0.940000,0.940000,14.964678,-0.2355,0.818122,iprobe
Ednw_ff_on,0.960000,0.960000,14.964701,-0.2353,0.818122,iprobe
Ednw_ff_on,0.980000,0.980000,14.964721,-0.2352,0.818122,iprobe
Ednw_ff_on,1.000000,1.000000,14.964740,-0.2351,0.818122,iprobe
Ednw_ff_on,1.020000,1.020000,14.964758,-0.2349,0.818122,iprobe
Ednw_ff_on,1.040000,1.040000,14.964775,-0.2348,0.818122,iprobe
Ednw_ff_on,1.060000,1.060000,14.964790,-0.2347,0.818122,iprobe
Ednw_ff_on,1.080000,1.080000,14.964805,-0.2346,0.818122,iprobe
Ednw_ff_on,1.100000,1.100000,14.964819,-0.2345,0.818122,iprobe
Ednw_ff_on,1.120000,1.120000,14.964832,-0.2345,0.818122,iprobe
Ednw_ff_on,1.140000,1.140000,14.964845,-0.2344,0.818122,iprobe
Ednw_ff_on,1.160000,1.160000,14.964858,-0.2343,0.818122,iprobe
Ednw_ff_on,1.180000,1.180000,14.964869,-0.2342,0.818122,iprobe
Ednw_ff_on,1.200000,1.200000,14.964881,-0.2341,0.818122,iprobe
Ednw_ff_on,1.220000,1.220000,14.964892,-0.2341,0.818122,iprobe
Ednw_ff_on,1.240000,1.240000,14.964903,-0.2340,0.818122,iprobe
Ednw_ff_on,1.260000,1.260000,14.964913,-0.2339,0.818122,iprobe
Ednw_ff_on,1.280000,1.280000,14.964923,-0.2338,0.818122,iprobe
Ednw_ff_on,1.300000,1.300000,14.964933,-0.2338,0.818122,iprobe
Ednw_ff_on,1.320000,1.320000,14.964943,-0.2337,0.818122,iprobe
Ednw_ff_on,1.340000,1.340000,14.964952,-0.2337,0.818122,iprobe
Ednw_ff_on,1.360000,1.360000,14.964962,-0.2336,0.818122,iprobe
Ednw_ff_on,1.380000,1.380000,14.964971,-0.2335,0.818122,iprobe
Ednw_ff_on,1.400000,1.400000,14.964979,-0.2335,0.818122,iprobe
Ednw_ff_on,1.420000,1.420000,14.964988,-0.2334,0.818122,iprobe
Ednw_ff_on,1.440000,1.440000,14.964997,-0.2334,0.818122,iprobe
Ednw_ff_on,1.460000,1.460000,14.965005,-0.2333,0.818122,iprobe
Ednw_ff_on,1.480000,1.480000,14.965013,-0.2332,0.818122,iprobe
Ednw_ff_on,1.500000,1.500000,14.965022,-0.2332,0.818122,iprobe
Ednw_ff_on,1.520000,1.520000,14.965030,-0.2331,0.818122,iprobe
Ednw_ff_on,1.540000,1.540000,14.965037,-0.2331,0.818122,iprobe
Ednw_ff_on,1.560000,1.560000,14.965045,-0.2330,0.818122,iprobe
Ednw_ff_on,1.580000,1.580000,14.965053,-0.2330,0.818122,iprobe
Ednw_ff_on,1.600000,1.600000,14.965061,-0.2329,0.818122,iprobe
Ednw_ff_on,1.620000,1.620000,14.965068,-0.2329,0.818122,iprobe
Ednw_ff_on,1.640000,1.640000,14.965076,-0.2328,0.818122,iprobe
Ednw_ff_on,1.660000,1.660000,14.965083,-0.2328,0.818122,iprobe
Ednw_ff_on,1.680000,1.680000,14.965090,-0.2327,0.818122,iprobe
Ednw_ff_on,1.700000,1.700000,14.965097,-0.2327,0.818122,iprobe
Ednw_ff_on,1.720000,1.720000,14.965104,-0.2326,0.818122,iprobe
Ednw_ff_on,1.740000,1.740000,14.965111,-0.2326,0.818122,iprobe
Ednw_ff_on,1.760000,1.760000,14.965118,-0.2325,0.818122,iprobe
Ednw_ff_on,1.780000,1.780000,14.965125,-0.2325,0.818122,iprobe
Ednw_ff_on,1.800000,1.800000,14.965132,-0.2325,0.818122,iprobe
Ednw_ff_on,1.820000,1.820000,14.965139,-0.2324,0.818122,iprobe
Ednw_ff_on,1.840000,1.840000,14.965146,-0.2324,0.818122,iprobe
Ednw_ff_on,1.860000,1.860000,14.965152,-0.2323,0.818122,iprobe
Ednw_ff_on,1.880000,1.880000,14.965159,-0.2323,0.818122,iprobe
Ednw_ff_on,1.900000,1.900000,14.965166,-0.2322,0.818122,iprobe
Ednw_ff_on,1.920000,1.920000,14.965172,-0.2322,0.818122,iprobe
Ednw_ff_on,1.940000,1.940000,14.965179,-0.2321,0.818122,iprobe
Ednw_ff_on,1.960000,1.960000,14.965185,-0.2321,0.818122,iprobe
Ednw_ff_on,1.980000,1.980000,14.965191,-0.2321,0.818122,iprobe
Ednw_ff_on,2.000000,2.000000,14.965198,-0.2320,0.818122,iprobe
Ednw_ff_on,2.020000,2.020000,14.965204,-0.2320,0.818122,iprobe
Ednw_ff_on,2.040000,2.040000,14.965211,-0.2319,0.818122,iprobe
Ednw_ff_on,2.060000,2.060000,14.965217,-0.2319,0.818122,iprobe
Ednw_ff_on,2.080000,2.080000,14.965223,-0.2318,0.818122,iprobe
Ednw_ff_on,2.100000,2.100000,14.965230,-0.2318,0.818122,iprobe
Ednw_ff_on,2.120000,2.120000,14.965236,-0.2318,0.818122,iprobe
Ednw_ff_on,2.140000,2.140000,14.965242,-0.2317,0.818122,iprobe
Ednw_ff_on,2.160000,2.160000,14.965249,-0.2317,0.818122,iprobe
Ednw_ff_on,2.180000,2.180000,14.965256,-0.2316,0.818122,iprobe
Ednw_ff_on,2.200000,2.200000,14.965262,-0.2316,0.818122,iprobe
Ednw_ff_on,2.220000,2.220000,14.965269,-0.2315,0.818122,iprobe
Ednw_ff_on,2.240000,2.240000,14.965277,-0.2315,0.818122,iprobe
Ednw_ff_on,2.260000,2.260000,14.965284,-0.2314,0.818122,iprobe
Ednw_ff_on,2.280000,2.280000,14.965292,-0.2314,0.818122,iprobe
Ednw_ff_on,2.300000,2.300000,14.965301,-0.2313,0.818122,iprobe
Ednw_ff_on,2.320000,2.320000,14.965310,-0.2313,0.818122,iprobe
Ednw_ff_on,2.340000,2.340000,14.965320,-0.2312,0.818122,iprobe
Ednw_ff_on,2.360000,2.360000,14.965331,-0.2311,0.818122,iprobe
Ednw_ff_on,2.380000,2.380000,14.965343,-0.2310,0.818122,iprobe
Ednw_ff_on,2.400000,2.400000,14.965356,-0.2310,0.818122,iprobe
Ednw_ff_on,2.420000,2.420000,14.965371,-0.2309,0.818122,iprobe
Ednw_ff_on,2.440000,2.440000,14.965388,-0.2307,0.818122,iprobe
Ednw_ff_on,2.460000,2.460000,14.965407,-0.2306,0.818122,iprobe
Ednw_ff_on,2.480000,2.480000,14.965429,-0.2305,0.818122,iprobe
Ednw_ff_on,2.500000,2.500000,14.965454,-0.2303,0.818122,iprobe
Ednw_ff_on,2.520000,2.520000,14.965483,-0.2301,0.818122,iprobe
Ednw_ff_on,2.540000,2.540000,14.965515,-0.2299,0.818122,iprobe
Ednw_ff_on,2.560000,2.560000,14.965553,-0.2296,0.818122,iprobe
Ednw_ff_on,2.580000,2.580000,14.965596,-0.2294,0.818122,iprobe
Ednw_ff_on,2.600000,2.600000,14.965645,-0.2290,0.818122,iprobe
Ednw_ff_on,2.620000,2.620000,14.965702,-0.2287,0.818122,iprobe
Ednw_ff_on,2.640000,2.640000,14.965767,-0.2282,0.818122,iprobe
Ednw_ff_on,2.660000,2.660000,14.965841,-0.2277,0.818122,iprobe
Ednw_ff_on,2.680000,2.680000,14.965926,-0.2272,0.818122,iprobe
Ednw_ff_on,2.700000,2.700000,14.966023,-0.2265,0.818122,iprobe
Ednw_ff_on,2.720000,2.720000,14.966133,-0.2258,0.818122,iprobe
Ednw_ff_on,2.740000,2.740000,14.966258,-0.2249,0.818122,iprobe
Ednw_ff_on,2.760000,2.760000,14.966399,-0.2240,0.818122,iprobe
Ednw_ff_on,2.780000,2.780000,14.966560,-0.2229,0.818122,iprobe
Ednw_ff_on,2.800000,2.800000,14.966741,-0.2217,0.818122,iprobe
Ednw_ff_on,2.820000,2.820000,14.966944,-0.2204,0.818122,iprobe
Ednw_ff_on,2.840000,2.840000,14.967174,-0.2188,0.818122,iprobe
Ednw_ff_on,2.860000,2.860000,14.967431,-0.2171,0.818122,iprobe
Ednw_ff_on,2.880000,2.880000,14.967719,-0.2152,0.818122,iprobe
Ednw_ff_on,2.900000,2.900000,14.968041,-0.2131,0.818122,iprobe
Ednw_ff_on,2.920000,2.920000,14.968400,-0.2107,0.818122,iprobe
Ednw_ff_on,2.940000,2.940000,14.968800,-0.2080,0.818122,iprobe
Ednw_ff_on,2.960000,2.960000,14.969245,-0.2050,0.818122,iprobe
Ednw_ff_on,2.980000,2.980000,14.969737,-0.2018,0.818122,iprobe
Ednw_ff_on,3.000000,3.000000,14.970283,-0.1981,0.818122,iprobe
Ednw_ff_on,3.020000,3.020000,14.970885,-0.1941,0.818122,iprobe
Ednw_ff_on,3.040000,3.040000,14.971550,-0.1897,0.818122,iprobe
Ednw_ff_on,3.060000,3.060000,14.972282,-0.1848,0.818122,iprobe
Ednw_ff_on,3.080000,3.080000,14.973087,-0.1794,0.818122,iprobe
Ednw_ff_on,3.100000,3.100000,14.973969,-0.1735,0.818122,iprobe
Ednw_ff_on,3.120000,3.120000,14.974936,-0.1671,0.818122,iprobe
Ednw_ff_on,3.140000,3.140000,14.975994,-0.1600,0.818122,iprobe
Ednw_ff_on,3.160000,3.160000,14.977149,-0.1523,0.818122,iprobe
Ednw_ff_on,3.180000,3.180000,14.978409,-0.1439,0.818122,iprobe
Ednw_ff_on,3.200000,3.200000,14.979780,-0.1348,0.818122,iprobe
Ednw_ff_on,3.220000,3.220000,14.981271,-0.1249,0.818122,iprobe
Ednw_ff_on,3.240000,3.240000,14.982890,-0.1141,0.818122,iprobe
Ednw_ff_on,3.260000,3.260000,14.984645,-0.1024,0.818122,iprobe
Ednw_ff_on,3.280000,3.280000,14.986544,-0.0897,0.818122,iprobe
Ednw_ff_on,3.300000,3.300000,14.988599,-0.0760,0.818122,iprobe
E_local_gate_n33_ff_l2e-6_w2e-5_dc_iprobe_ff_off,0.000000,0.000000,-0.000000,-100.0000,0.818129,iprobe
E_local_gate_n33_ff_l2e-6_w2e-5_dc_iprobe_ff_off,0.020000,0.020000,0.000000,-100.0000,0.818122,iprobe
E_local_gate_n33_ff_l2e-6_w2e-5_dc_iprobe_ff_off,0.040000,0.040000,0.000000,-100.0000,0.818122,iprobe
E_local_gate_n33_ff_l2e-6_w2e-5_dc_iprobe_ff_off,0.060000,0.060000,0.000000,-100.0000,0.818122,iprobe
E_local_gate_n33_ff_l2e-6_w2e-5_dc_iprobe_ff_off,0.080000,0.080000,0.000000,-100.0000,0.818122,iprobe
E_local_gate_n33_ff_l2e-6_w2e-5_dc_iprobe_ff_off,0.100000,0.100000,0.000000,-100.0000,0.818122,iprobe
E_local_gate_n33_ff_l2e-6_w2e-5_dc_iprobe_ff_off,0.120000,0.120000,0.000000,-100.0000,0.818122,iprobe
E_local_gate_n33_ff_l2e-6_w2e-5_dc_iprobe_ff_off,0.140000,0.140000,0.000000,-100.0000,0.818122,iprobe
E_local_gate_n33_ff_l2e-6_w2e-5_dc_iprobe_ff_off,0.160000,0.160000,0.000000,-100.0000,0.818122,iprobe
E_local_gate_n33_ff_l2e-6_w2e-5_dc_iprobe_ff_off,0.180000,0.180000,0.000000,-100.0000,0.818122,iprobe
E_local_gate_n33_ff_l2e-6_w2e-5_dc_iprobe_ff_off,0.200000,0.200000,0.000000,-100.0000,0.818122,iprobe
E_local_gate_n33_ff_l2e-6_w2e-5_dc_iprobe_ff_off,0.220000,0.220000,0.000000,-100.0000,0.818122,iprobe
E_local_gate_n33_ff_l2e-6_w2e-5_dc_iprobe_ff_off,0.240000,0.240000,0.000000,-100.0000,0.818122,iprobe
E_local_gate_n33_ff_l2e-6_w2e-5_dc_iprobe_ff_off,0.260000,0.260000,0.000000,-100.0000,0.818122,iprobe
E_local_gate_n33_ff_l2e-6_w2e-5_dc_iprobe_ff_off,0.280000,0.280000,0.000001,-100.0000,0.818122,iprobe
E_local_gate_n33_ff_l2e-6_w2e-5_dc_iprobe_ff_off,0.300000,0.300000,0.000001,-100.0000,0.818122,iprobe
E_local_gate_n33_ff_l2e-6_w2e-5_dc_iprobe_ff_off,0.320000,0.320000,0.000001,-100.0000,0.818122,iprobe
E_local_gate_n33_ff_l2e-6_w2e-5_dc_iprobe_ff_off,0.340000,0.340000,0.000001,-100.0000,0.818122,iprobe
E_local_gate_n33_ff_l2e-6_w2e-5_dc_iprobe_ff_off,0.360000,0.360000,0.000001,-100.0000,0.818122,iprobe
E_local_gate_n33_ff_l2e-6_w2e-5_dc_iprobe_ff_off,0.380000,0.380000,0.000001,-100.0000,0.818122,iprobe
E_local_gate_n33_ff_l2e-6_w2e-5_dc_iprobe_ff_off,0.400000,0.400000,0.000001,-100.0000,0.818122,iprobe
E_local_gate_n33_ff_l2e-6_w2e-5_dc_iprobe_ff_off,0.420000,0.420000,0.000001,-100.0000,0.818122,iprobe
E_local_gate_n33_ff_l2e-6_w2e-5_dc_iprobe_ff_off,0.440000,0.440000,0.000001,-100.0000,0.818122,iprobe
E_local_gate_n33_ff_l2e-6_w2e-5_dc_iprobe_ff_off,0.460000,0.460000,0.000001,-100.0000,0.818122,iprobe
E_local_gate_n33_ff_l2e-6_w2e-5_dc_iprobe_ff_off,0.480000,0.480000,0.000001,-100.0000,0.818122,iprobe
E_local_gate_n33_ff_l2e-6_w2e-5_dc_iprobe_ff_off,0.500000,0.500000,0.000001,-100.0000,0.818122,iprobe
E_local_gate_n33_ff_l2e-6_w2e-5_dc_iprobe_ff_off,0.520000,0.520000,0.000001,-100.0000,0.818122,iprobe
E_local_gate_n33_ff_l2e-6_w2e-5_dc_iprobe_ff_off,0.540000,0.540000,0.000001,-100.0000,0.818122,iprobe
E_local_gate_n33_ff_l2e-6_w2e-5_dc_iprobe_ff_off,0.560000,0.560000,0.000001,-100.0000,0.818122,iprobe
E_local_gate_n33_ff_l2e-6_w2e-5_dc_iprobe_ff_off,0.580000,0.580000,0.000001,-100.0000,0.818122,iprobe
E_local_gate_n33_ff_l2e-6_w2e-5_dc_iprobe_ff_off,0.600000,0.600000,0.000001,-100.0000,0.818122,iprobe
E_local_gate_n33_ff_l2e-6_w2e-5_dc_iprobe_ff_off,0.620000,0.620000,0.000001,-100.0000,0.818122,iprobe
E_local_gate_n33_ff_l2e-6_w2e-5_dc_iprobe_ff_off,0.640000,0.640000,0.000001,-100.0000,0.818122,iprobe
E_local_gate_n33_ff_l2e-6_w2e-5_dc_iprobe_ff_off,0.660000,0.660000,0.000002,-100.0000,0.818122,iprobe
E_local_gate_n33_ff_l2e-6_w2e-5_dc_iprobe_ff_off,0.680000,0.680000,0.000002,-100.0000,0.818122,iprobe
E_local_gate_n33_ff_l2e-6_w2e-5_dc_iprobe_ff_off,0.700000,0.700000,0.000002,-100.0000,0.818122,iprobe
E_local_gate_n33_ff_l2e-6_w2e-5_dc_iprobe_ff_off,0.720000,0.720000,0.000002,-100.0000,0.818122,iprobe
E_local_gate_n33_ff_l2e-6_w2e-5_dc_iprobe_ff_off,0.740000,0.740000,0.000002,-100.0000,0.818122,iprobe
E_local_gate_n33_ff_l2e-6_w2e-5_dc_iprobe_ff_off,0.760000,0.760000,0.000002,-100.0000,0.818122,iprobe
E_local_gate_n33_ff_l2e-6_w2e-5_dc_iprobe_ff_off,0.780000,0.780000,0.000002,-100.0000,0.818122,iprobe
E_local_gate_n33_ff_l2e-6_w2e-5_dc_iprobe_ff_off,0.800000,0.800000,0.000002,-100.0000,0.818122,iprobe
E_local_gate_n33_ff_l2e-6_w2e-5_dc_iprobe_ff_off,0.820000,0.820000,0.000002,-100.0000,0.818122,iprobe
E_local_gate_n33_ff_l2e-6_w2e-5_dc_iprobe_ff_off,0.840000,0.840000,0.000002,-100.0000,0.818122,iprobe
E_local_gate_n33_ff_l2e-6_w2e-5_dc_iprobe_ff_off,0.860000,0.860000,0.000002,-100.0000,0.818122,iprobe
E_local_gate_n33_ff_l2e-6_w2e-5_dc_iprobe_ff_off,0.880000,0.880000,0.000002,-100.0000,0.818122,iprobe
E_local_gate_n33_ff_l2e-6_w2e-5_dc_iprobe_ff_off,0.900000,0.900000,0.000003,-100.0000,0.818122,iprobe
E_local_gate_n33_ff_l2e-6_w2e-5_dc_iprobe_ff_off,0.920000,0.920000,0.000003,-100.0000,0.818122,iprobe
E_local_gate_n33_ff_l2e-6_w2e-5_dc_iprobe_ff_off,0.940000,0.940000,0.000003,-100.0000,0.818122,iprobe
E_local_gate_n33_ff_l2e-6_w2e-5_dc_iprobe_ff_off,0.960000,0.960000,0.000003,-100.0000,0.818122,iprobe
E_local_gate_n33_ff_l2e-6_w2e-5_dc_iprobe_ff_off,0.980000,0.980000,0.000003,-100.0000,0.818122,iprobe
E_local_gate_n33_ff_l2e-6_w2e-5_dc_iprobe_ff_off,1.000000,1.000000,0.000003,-100.0000,0.818122,iprobe
E_local_gate_n33_ff_l2e-6_w2e-5_dc_iprobe_ff_off,1.020000,1.020000,0.000003,-100.0000,0.818122,iprobe
E_local_gate_n33_ff_l2e-6_w2e-5_dc_iprobe_ff_off,1.040000,1.040000,0.000003,-100.0000,0.818122,iprobe
E_local_gate_n33_ff_l2e-6_w2e-5_dc_iprobe_ff_off,1.060000,1.060000,0.000003,-100.0000,0.818122,iprobe
E_local_gate_n33_ff_l2e-6_w2e-5_dc_iprobe_ff_off,1.080000,1.080000,0.000004,-100.0000,0.818122,iprobe
E_local_gate_n33_ff_l2e-6_w2e-5_dc_iprobe_ff_off,1.100000,1.100000,0.000004,-100.0000,0.818122,iprobe
E_local_gate_n33_ff_l2e-6_w2e-5_dc_iprobe_ff_off,1.120000,1.120000,0.000004,-100.0000,0.818122,iprobe
E_local_gate_n33_ff_l2e-6_w2e-5_dc_iprobe_ff_off,1.140000,1.140000,0.000004,-100.0000,0.818122,iprobe
E_local_gate_n33_ff_l2e-6_w2e-5_dc_iprobe_ff_off,1.160000,1.160000,0.000004,-100.0000,0.818122,iprobe
E_local_gate_n33_ff_l2e-6_w2e-5_dc_iprobe_ff_off,1.180000,1.180000,0.000004,-100.0000,0.818122,iprobe
E_local_gate_n33_ff_l2e-6_w2e-5_dc_iprobe_ff_off,1.200000,1.200000,0.000004,-100.0000,0.818122,iprobe
E_local_gate_n33_ff_l2e-6_w2e-5_dc_iprobe_ff_off,1.220000,1.220000,0.000004,-100.0000,0.818122,iprobe
E_local_gate_n33_ff_l2e-6_w2e-5_dc_iprobe_ff_off,1.240000,1.240000,0.000004,-100.0000,0.818122,iprobe
E_local_gate_n33_ff_l2e-6_w2e-5_dc_iprobe_ff_off,1.260000,1.260000,0.000004,-100.0000,0.818122,iprobe
E_local_gate_n33_ff_l2e-6_w2e-5_dc_iprobe_ff_off,1.280000,1.280000,0.000004,-100.0000,0.818122,iprobe
E_local_gate_n33_ff_l2e-6_w2e-5_dc_iprobe_ff_off,1.300000,1.300000,0.000004,-100.0000,0.818122,iprobe
E_local_gate_n33_ff_l2e-6_w2e-5_dc_iprobe_ff_off,1.320000,1.320000,0.000005,-100.0000,0.818122,iprobe
E_local_gate_n33_ff_l2e-6_w2e-5_dc_iprobe_ff_off,1.340000,1.340000,0.000005,-100.0000,0.818122,iprobe
E_local_gate_n33_ff_l2e-6_w2e-5_dc_iprobe_ff_off,1.360000,1.360000,0.000005,-100.0000,0.818122,iprobe
E_local_gate_n33_ff_l2e-6_w2e-5_dc_iprobe_ff_off,1.380000,1.380000,0.000005,-100.0000,0.818122,iprobe
E_local_gate_n33_ff_l2e-6_w2e-5_dc_iprobe_ff_off,1.400000,1.400000,0.000005,-100.0000,0.818122,iprobe
E_local_gate_n33_ff_l2e-6_w2e-5_dc_iprobe_ff_off,1.420000,1.420000,0.000005,-100.0000,0.818122,iprobe
E_local_gate_n33_ff_l2e-6_w2e-5_dc_iprobe_ff_off,1.440000,1.440000,0.000005,-100.0000,0.818122,iprobe
E_local_gate_n33_ff_l2e-6_w2e-5_dc_iprobe_ff_off,1.460000,1.460000,0.000005,-100.0000,0.818122,iprobe
E_local_gate_n33_ff_l2e-6_w2e-5_dc_iprobe_ff_off,1.480000,1.480000,0.000005,-100.0000,0.818122,iprobe
E_local_gate_n33_ff_l2e-6_w2e-5_dc_iprobe_ff_off,1.500000,1.500000,0.000005,-100.0000,0.818122,iprobe
E_local_gate_n33_ff_l2e-6_w2e-5_dc_iprobe_ff_off,1.520000,1.520000,0.000005,-100.0000,0.818122,iprobe
E_local_gate_n33_ff_l2e-6_w2e-5_dc_iprobe_ff_off,1.540000,1.540000,0.000005,-100.0000,0.818122,iprobe
E_local_gate_n33_ff_l2e-6_w2e-5_dc_iprobe_ff_off,1.560000,1.560000,0.000005,-100.0000,0.818122,iprobe
E_local_gate_n33_ff_l2e-6_w2e-5_dc_iprobe_ff_off,1.580000,1.580000,0.000005,-100.0000,0.818122,iprobe
E_local_gate_n33_ff_l2e-6_w2e-5_dc_iprobe_ff_off,1.600000,1.600000,0.000006,-100.0000,0.818122,iprobe
E_local_gate_n33_ff_l2e-6_w2e-5_dc_iprobe_ff_off,1.620000,1.620000,0.000006,-100.0000,0.818122,iprobe
E_local_gate_n33_ff_l2e-6_w2e-5_dc_iprobe_ff_off,1.640000,1.640000,0.000006,-100.0000,0.818122,iprobe
E_local_gate_n33_ff_l2e-6_w2e-5_dc_iprobe_ff_off,1.660000,1.660000,0.000006,-100.0000,0.818122,iprobe
E_local_gate_n33_ff_l2e-6_w2e-5_dc_iprobe_ff_off,1.680000,1.680000,0.000006,-100.0000,0.818122,iprobe
E_local_gate_n33_ff_l2e-6_w2e-5_dc_iprobe_ff_off,1.700000,1.700000,0.000006,-100.0000,0.818122,iprobe
E_local_gate_n33_ff_l2e-6_w2e-5_dc_iprobe_ff_off,1.720000,1.720000,0.000006,-100.0000,0.818122,iprobe
E_local_gate_n33_ff_l2e-6_w2e-5_dc_iprobe_ff_off,1.740000,1.740000,0.000006,-100.0000,0.818122,iprobe
E_local_gate_n33_ff_l2e-6_w2e-5_dc_iprobe_ff_off,1.760000,1.760000,0.000006,-100.0000,0.818122,iprobe
E_local_gate_n33_ff_l2e-6_w2e-5_dc_iprobe_ff_off,1.780000,1.780000,0.000006,-100.0000,0.818122,iprobe
E_local_gate_n33_ff_l2e-6_w2e-5_dc_iprobe_ff_off,1.800000,1.800000,0.000007,-100.0000,0.818122,iprobe
E_local_gate_n33_ff_l2e-6_w2e-5_dc_iprobe_ff_off,1.820000,1.820000,0.000007,-100.0000,0.818122,iprobe
E_local_gate_n33_ff_l2e-6_w2e-5_dc_iprobe_ff_off,1.840000,1.840000,0.000007,-100.0000,0.818122,iprobe
E_local_gate_n33_ff_l2e-6_w2e-5_dc_iprobe_ff_off,1.860000,1.860000,0.000007,-100.0000,0.818122,iprobe
E_local_gate_n33_ff_l2e-6_w2e-5_dc_iprobe_ff_off,1.880000,1.880000,0.000007,-100.0000,0.818122,iprobe
E_local_gate_n33_ff_l2e-6_w2e-5_dc_iprobe_ff_off,1.900000,1.900000,0.000007,-100.0000,0.818122,iprobe
E_local_gate_n33_ff_l2e-6_w2e-5_dc_iprobe_ff_off,1.920000,1.920000,0.000007,-100.0000,0.818122,iprobe
E_local_gate_n33_ff_l2e-6_w2e-5_dc_iprobe_ff_off,1.940000,1.940000,0.000007,-100.0000,0.818122,iprobe
E_local_gate_n33_ff_l2e-6_w2e-5_dc_iprobe_ff_off,1.960000,1.960000,0.000007,-100.0000,0.818122,iprobe
E_local_gate_n33_ff_l2e-6_w2e-5_dc_iprobe_ff_off,1.980000,1.980000,0.000008,-99.9999,0.818122,iprobe
E_local_gate_n33_ff_l2e-6_w2e-5_dc_iprobe_ff_off,2.000000,2.000000,0.000008,-99.9999,0.818122,iprobe
E_local_gate_n33_ff_l2e-6_w2e-5_dc_iprobe_ff_off,2.020000,2.020000,0.000008,-99.9999,0.818122,iprobe
E_local_gate_n33_ff_l2e-6_w2e-5_dc_iprobe_ff_off,2.040000,2.040000,0.000008,-99.9999,0.818122,iprobe
E_local_gate_n33_ff_l2e-6_w2e-5_dc_iprobe_ff_off,2.060000,2.060000,0.000008,-99.9999,0.818122,iprobe
E_local_gate_n33_ff_l2e-6_w2e-5_dc_iprobe_ff_off,2.080000,2.080000,0.000008,-99.9999,0.818122,iprobe
E_local_gate_n33_ff_l2e-6_w2e-5_dc_iprobe_ff_off,2.100000,2.100000,0.000008,-99.9999,0.818122,iprobe
E_local_gate_n33_ff_l2e-6_w2e-5_dc_iprobe_ff_off,2.120000,2.120000,0.000009,-99.9999,0.818122,iprobe
E_local_gate_n33_ff_l2e-6_w2e-5_dc_iprobe_ff_off,2.140000,2.140000,0.000009,-99.9999,0.818122,iprobe
E_local_gate_n33_ff_l2e-6_w2e-5_dc_iprobe_ff_off,2.160000,2.160000,0.000009,-99.9999,0.818122,iprobe
E_local_gate_n33_ff_l2e-6_w2e-5_dc_iprobe_ff_off,2.180000,2.180000,0.000009,-99.9999,0.818122,iprobe
E_local_gate_n33_ff_l2e-6_w2e-5_dc_iprobe_ff_off,2.200000,2.200000,0.000009,-99.9999,0.818122,iprobe
E_local_gate_n33_ff_l2e-6_w2e-5_dc_iprobe_ff_off,2.220000,2.220000,0.000009,-99.9999,0.818122,iprobe
E_local_gate_n33_ff_l2e-6_w2e-5_dc_iprobe_ff_off,2.240000,2.240000,0.000010,-99.9999,0.818122,iprobe
E_local_gate_n33_ff_l2e-6_w2e-5_dc_iprobe_ff_off,2.260000,2.260000,0.000010,-99.9999,0.818122,iprobe
E_local_gate_n33_ff_l2e-6_w2e-5_dc_iprobe_ff_off,2.280000,2.280000,0.000010,-99.9999,0.818122,iprobe
E_local_gate_n33_ff_l2e-6_w2e-5_dc_iprobe_ff_off,2.300000,2.300000,0.000010,-99.9999,0.818122,iprobe
E_local_gate_n33_ff_l2e-6_w2e-5_dc_iprobe_ff_off,2.320000,2.320000,0.000010,-99.9999,0.818122,iprobe
E_local_gate_n33_ff_l2e-6_w2e-5_dc_iprobe_ff_off,2.340000,2.340000,0.000011,-99.9999,0.818122,iprobe
E_local_gate_n33_ff_l2e-6_w2e-5_dc_iprobe_ff_off,2.360000,2.360000,0.000011,-99.9999,0.818122,iprobe
E_local_gate_n33_ff_l2e-6_w2e-5_dc_iprobe_ff_off,2.380000,2.380000,0.000011,-99.9999,0.818122,iprobe
E_local_gate_n33_ff_l2e-6_w2e-5_dc_iprobe_ff_off,2.400000,2.400000,0.000011,-99.9999,0.818122,iprobe
E_local_gate_n33_ff_l2e-6_w2e-5_dc_iprobe_ff_off,2.420000,2.420000,0.000011,-99.9999,0.818122,iprobe
E_local_gate_n33_ff_l2e-6_w2e-5_dc_iprobe_ff_off,2.440000,2.440000,0.000012,-99.9999,0.818122,iprobe
E_local_gate_n33_ff_l2e-6_w2e-5_dc_iprobe_ff_off,2.460000,2.460000,0.000012,-99.9999,0.818122,iprobe
E_local_gate_n33_ff_l2e-6_w2e-5_dc_iprobe_ff_off,2.480000,2.480000,0.000012,-99.9999,0.818122,iprobe
E_local_gate_n33_ff_l2e-6_w2e-5_dc_iprobe_ff_off,2.500000,2.500000,0.000012,-99.9999,0.818122,iprobe
E_local_gate_n33_ff_l2e-6_w2e-5_dc_iprobe_ff_off,2.520000,2.520000,0.000013,-99.9999,0.818122,iprobe
E_local_gate_n33_ff_l2e-6_w2e-5_dc_iprobe_ff_off,2.540000,2.540000,0.000013,-99.9999,0.818122,iprobe
E_local_gate_n33_ff_l2e-6_w2e-5_dc_iprobe_ff_off,2.560000,2.560000,0.000013,-99.9999,0.818122,iprobe
E_local_gate_n33_ff_l2e-6_w2e-5_dc_iprobe_ff_off,2.580000,2.580000,0.000013,-99.9999,0.818122,iprobe
E_local_gate_n33_ff_l2e-6_w2e-5_dc_iprobe_ff_off,2.600000,2.600000,0.000014,-99.9999,0.818122,iprobe
E_local_gate_n33_ff_l2e-6_w2e-5_dc_iprobe_ff_off,2.620000,2.620000,0.000014,-99.9999,0.818122,iprobe
E_local_gate_n33_ff_l2e-6_w2e-5_dc_iprobe_ff_off,2.640000,2.640000,0.000014,-99.9999,0.818122,iprobe
E_local_gate_n33_ff_l2e-6_w2e-5_dc_iprobe_ff_off,2.660000,2.660000,0.000014,-99.9999,0.818122,iprobe
E_local_gate_n33_ff_l2e-6_w2e-5_dc_iprobe_ff_off,2.680000,2.680000,0.000015,-99.9999,0.818122,iprobe
E_local_gate_n33_ff_l2e-6_w2e-5_dc_iprobe_ff_off,2.700000,2.700000,0.000015,-99.9999,0.818122,iprobe
E_local_gate_n33_ff_l2e-6_w2e-5_dc_iprobe_ff_off,2.720000,2.720000,0.000015,-99.9999,0.818122,iprobe
E_local_gate_n33_ff_l2e-6_w2e-5_dc_iprobe_ff_off,2.740000,2.740000,0.000016,-99.9999,0.818122,iprobe
E_local_gate_n33_ff_l2e-6_w2e-5_dc_iprobe_ff_off,2.760000,2.760000,0.000016,-99.9999,0.818122,iprobe
E_local_gate_n33_ff_l2e-6_w2e-5_dc_iprobe_ff_off,2.780000,2.780000,0.000016,-99.9999,0.818122,iprobe
E_local_gate_n33_ff_l2e-6_w2e-5_dc_iprobe_ff_off,2.800000,2.800000,0.000017,-99.9999,0.818122,iprobe
E_local_gate_n33_ff_l2e-6_w2e-5_dc_iprobe_ff_off,2.820000,2.820000,0.000017,-99.9999,0.818122,iprobe
E_local_gate_n33_ff_l2e-6_w2e-5_dc_iprobe_ff_off,2.840000,2.840000,0.000017,-99.9999,0.818122,iprobe
E_local_gate_n33_ff_l2e-6_w2e-5_dc_iprobe_ff_off,2.860000,2.860000,0.000018,-99.9999,0.818122,iprobe
E_local_gate_n33_ff_l2e-6_w2e-5_dc_iprobe_ff_off,2.880000,2.880000,0.000018,-99.9999,0.818122,iprobe
E_local_gate_n33_ff_l2e-6_w2e-5_dc_iprobe_ff_off,2.900000,2.900000,0.000018,-99.9999,0.818122,iprobe
E_local_gate_n33_ff_l2e-6_w2e-5_dc_iprobe_ff_off,2.920000,2.920000,0.000019,-99.9999,0.818122,iprobe
E_local_gate_n33_ff_l2e-6_w2e-5_dc_iprobe_ff_off,2.940000,2.940000,0.000019,-99.9999,0.818122,iprobe
E_local_gate_n33_ff_l2e-6_w2e-5_dc_iprobe_ff_off,2.960000,2.960000,0.000020,-99.9999,0.818122,iprobe
E_local_gate_n33_ff_l2e-6_w2e-5_dc_iprobe_ff_off,2.980000,2.980000,0.000020,-99.9999,0.818122,iprobe
E_local_gate_n33_ff_l2e-6_w2e-5_dc_iprobe_ff_off,3.000000,3.000000,0.000020,-99.9999,0.818122,iprobe
E_local_gate_n33_ff_l2e-6_w2e-5_dc_iprobe_ff_off,3.020000,3.020000,0.000021,-99.9999,0.818122,iprobe
E_local_gate_n33_ff_l2e-6_w2e-5_dc_iprobe_ff_off,3.040000,3.040000,0.000021,-99.9999,0.818122,iprobe
E_local_gate_n33_ff_l2e-6_w2e-5_dc_iprobe_ff_off,3.060000,3.060000,0.000022,-99.9999,0.818122,iprobe
E_local_gate_n33_ff_l2e-6_w2e-5_dc_iprobe_ff_off,3.080000,3.080000,0.000022,-99.9999,0.818122,iprobe
E_local_gate_n33_ff_l2e-6_w2e-5_dc_iprobe_ff_off,3.100000,3.100000,0.000022,-99.9999,0.818122,iprobe
E_local_gate_n33_ff_l2e-6_w2e-5_dc_iprobe_ff_off,3.120000,3.120000,0.000023,-99.9998,0.818122,iprobe
E_local_gate_n33_ff_l2e-6_w2e-5_dc_iprobe_ff_off,3.140000,3.140000,0.000023,-99.9998,0.818122,iprobe
E_local_gate_n33_ff_l2e-6_w2e-5_dc_iprobe_ff_off,3.160000,3.160000,0.000024,-99.9998,0.818122,iprobe
E_local_gate_n33_ff_l2e-6_w2e-5_dc_iprobe_ff_off,3.180000,3.180000,0.000024,-99.9998,0.818122,iprobe
E_local_gate_n33_ff_l2e-6_w2e-5_dc_iprobe_ff_off,3.200000,3.200000,0.000025,-99.9998,0.818122,iprobe
E_local_gate_n33_ff_l2e-6_w2e-5_dc_iprobe_ff_off,3.220000,3.220000,0.000025,-99.9998,0.818122,iprobe
E_local_gate_n33_ff_l2e-6_w2e-5_dc_iprobe_ff_off,3.240000,3.240000,0.000026,-99.9998,0.818122,iprobe
E_local_gate_n33_ff_l2e-6_w2e-5_dc_iprobe_ff_off,3.260000,3.260000,0.000026,-99.9998,0.818122,iprobe
E_local_gate_n33_ff_l2e-6_w2e-5_dc_iprobe_ff_off,3.280000,3.280000,0.000027,-99.9998,0.818122,iprobe
E_local_gate_n33_ff_l2e-6_w2e-5_dc_iprobe_ff_off,3.300000,3.300000,0.000027,-99.9998,0.818122,iprobe
Ednw_ff_off,0.000000,0.000000,-0.000000,-100.0000,0.818129,iprobe
Ednw_ff_off,0.020000,0.020000,0.000000,-100.0000,0.818122,iprobe
Ednw_ff_off,0.040000,0.040000,0.000000,-100.0000,0.818122,iprobe
Ednw_ff_off,0.060000,0.060000,0.000000,-100.0000,0.818122,iprobe
Ednw_ff_off,0.080000,0.080000,0.000000,-100.0000,0.818122,iprobe
Ednw_ff_off,0.100000,0.100000,0.000000,-100.0000,0.818122,iprobe
Ednw_ff_off,0.120000,0.120000,0.000000,-100.0000,0.818122,iprobe
Ednw_ff_off,0.140000,0.140000,0.000000,-100.0000,0.818122,iprobe
Ednw_ff_off,0.160000,0.160000,0.000000,-100.0000,0.818122,iprobe
Ednw_ff_off,0.180000,0.180000,0.000000,-100.0000,0.818122,iprobe
Ednw_ff_off,0.200000,0.200000,0.000000,-100.0000,0.818122,iprobe
Ednw_ff_off,0.220000,0.220000,0.000000,-100.0000,0.818122,iprobe
Ednw_ff_off,0.240000,0.240000,0.000000,-100.0000,0.818122,iprobe
Ednw_ff_off,0.260000,0.260000,0.000000,-100.0000,0.818122,iprobe
Ednw_ff_off,0.280000,0.280000,0.000001,-100.0000,0.818122,iprobe
Ednw_ff_off,0.300000,0.300000,0.000001,-100.0000,0.818122,iprobe
Ednw_ff_off,0.320000,0.320000,0.000001,-100.0000,0.818122,iprobe
Ednw_ff_off,0.340000,0.340000,0.000001,-100.0000,0.818122,iprobe
Ednw_ff_off,0.360000,0.360000,0.000001,-100.0000,0.818122,iprobe
Ednw_ff_off,0.380000,0.380000,0.000001,-100.0000,0.818122,iprobe
Ednw_ff_off,0.400000,0.400000,0.000001,-100.0000,0.818122,iprobe
Ednw_ff_off,0.420000,0.420000,0.000001,-100.0000,0.818122,iprobe
Ednw_ff_off,0.440000,0.440000,0.000001,-100.0000,0.818122,iprobe
Ednw_ff_off,0.460000,0.460000,0.000001,-100.0000,0.818122,iprobe
Ednw_ff_off,0.480000,0.480000,0.000001,-100.0000,0.818122,iprobe
Ednw_ff_off,0.500000,0.500000,0.000001,-100.0000,0.818122,iprobe
Ednw_ff_off,0.520000,0.520000,0.000001,-100.0000,0.818122,iprobe
Ednw_ff_off,0.540000,0.540000,0.000001,-100.0000,0.818122,iprobe
Ednw_ff_off,0.560000,0.560000,0.000001,-100.0000,0.818122,iprobe
Ednw_ff_off,0.580000,0.580000,0.000001,-100.0000,0.818122,iprobe
Ednw_ff_off,0.600000,0.600000,0.000001,-100.0000,0.818122,iprobe
Ednw_ff_off,0.620000,0.620000,0.000001,-100.0000,0.818122,iprobe
Ednw_ff_off,0.640000,0.640000,0.000001,-100.0000,0.818122,iprobe
Ednw_ff_off,0.660000,0.660000,0.000002,-100.0000,0.818122,iprobe
Ednw_ff_off,0.680000,0.680000,0.000002,-100.0000,0.818122,iprobe
Ednw_ff_off,0.700000,0.700000,0.000002,-100.0000,0.818122,iprobe
Ednw_ff_off,0.720000,0.720000,0.000002,-100.0000,0.818122,iprobe
Ednw_ff_off,0.740000,0.740000,0.000002,-100.0000,0.818122,iprobe
Ednw_ff_off,0.760000,0.760000,0.000002,-100.0000,0.818122,iprobe
Ednw_ff_off,0.780000,0.780000,0.000002,-100.0000,0.818122,iprobe
Ednw_ff_off,0.800000,0.800000,0.000002,-100.0000,0.818122,iprobe
Ednw_ff_off,0.820000,0.820000,0.000002,-100.0000,0.818122,iprobe
Ednw_ff_off,0.840000,0.840000,0.000002,-100.0000,0.818122,iprobe
Ednw_ff_off,0.860000,0.860000,0.000002,-100.0000,0.818122,iprobe
Ednw_ff_off,0.880000,0.880000,0.000002,-100.0000,0.818122,iprobe
Ednw_ff_off,0.900000,0.900000,0.000003,-100.0000,0.818122,iprobe
Ednw_ff_off,0.920000,0.920000,0.000003,-100.0000,0.818122,iprobe
Ednw_ff_off,0.940000,0.940000,0.000003,-100.0000,0.818122,iprobe
Ednw_ff_off,0.960000,0.960000,0.000003,-100.0000,0.818122,iprobe
Ednw_ff_off,0.980000,0.980000,0.000003,-100.0000,0.818122,iprobe
Ednw_ff_off,1.000000,1.000000,0.000003,-100.0000,0.818122,iprobe
Ednw_ff_off,1.020000,1.020000,0.000003,-100.0000,0.818122,iprobe
Ednw_ff_off,1.040000,1.040000,0.000003,-100.0000,0.818122,iprobe
Ednw_ff_off,1.060000,1.060000,0.000003,-100.0000,0.818122,iprobe
Ednw_ff_off,1.080000,1.080000,0.000004,-100.0000,0.818122,iprobe
Ednw_ff_off,1.100000,1.100000,0.000004,-100.0000,0.818122,iprobe
Ednw_ff_off,1.120000,1.120000,0.000004,-100.0000,0.818122,iprobe
Ednw_ff_off,1.140000,1.140000,0.000004,-100.0000,0.818122,iprobe
Ednw_ff_off,1.160000,1.160000,0.000004,-100.0000,0.818122,iprobe
Ednw_ff_off,1.180000,1.180000,0.000004,-100.0000,0.818122,iprobe
Ednw_ff_off,1.200000,1.200000,0.000004,-100.0000,0.818122,iprobe
Ednw_ff_off,1.220000,1.220000,0.000004,-100.0000,0.818122,iprobe
Ednw_ff_off,1.240000,1.240000,0.000004,-100.0000,0.818122,iprobe
Ednw_ff_off,1.260000,1.260000,0.000004,-100.0000,0.818122,iprobe
Ednw_ff_off,1.280000,1.280000,0.000004,-100.0000,0.818122,iprobe
Ednw_ff_off,1.300000,1.300000,0.000004,-100.0000,0.818122,iprobe
Ednw_ff_off,1.320000,1.320000,0.000005,-100.0000,0.818122,iprobe
Ednw_ff_off,1.340000,1.340000,0.000005,-100.0000,0.818122,iprobe
Ednw_ff_off,1.360000,1.360000,0.000005,-100.0000,0.818122,iprobe
Ednw_ff_off,1.380000,1.380000,0.000005,-100.0000,0.818122,iprobe
Ednw_ff_off,1.400000,1.400000,0.000005,-100.0000,0.818122,iprobe
Ednw_ff_off,1.420000,1.420000,0.000005,-100.0000,0.818122,iprobe
Ednw_ff_off,1.440000,1.440000,0.000005,-100.0000,0.818122,iprobe
Ednw_ff_off,1.460000,1.460000,0.000005,-100.0000,0.818122,iprobe
Ednw_ff_off,1.480000,1.480000,0.000005,-100.0000,0.818122,iprobe
Ednw_ff_off,1.500000,1.500000,0.000005,-100.0000,0.818122,iprobe
Ednw_ff_off,1.520000,1.520000,0.000005,-100.0000,0.818122,iprobe
Ednw_ff_off,1.540000,1.540000,0.000005,-100.0000,0.818122,iprobe
Ednw_ff_off,1.560000,1.560000,0.000005,-100.0000,0.818122,iprobe
Ednw_ff_off,1.580000,1.580000,0.000005,-100.0000,0.818122,iprobe
Ednw_ff_off,1.600000,1.600000,0.000006,-100.0000,0.818122,iprobe
Ednw_ff_off,1.620000,1.620000,0.000006,-100.0000,0.818122,iprobe
Ednw_ff_off,1.640000,1.640000,0.000006,-100.0000,0.818122,iprobe
Ednw_ff_off,1.660000,1.660000,0.000006,-100.0000,0.818122,iprobe
Ednw_ff_off,1.680000,1.680000,0.000006,-100.0000,0.818122,iprobe
Ednw_ff_off,1.700000,1.700000,0.000006,-100.0000,0.818122,iprobe
Ednw_ff_off,1.720000,1.720000,0.000006,-100.0000,0.818122,iprobe
Ednw_ff_off,1.740000,1.740000,0.000006,-100.0000,0.818122,iprobe
Ednw_ff_off,1.760000,1.760000,0.000006,-100.0000,0.818122,iprobe
Ednw_ff_off,1.780000,1.780000,0.000006,-100.0000,0.818122,iprobe
Ednw_ff_off,1.800000,1.800000,0.000007,-100.0000,0.818122,iprobe
Ednw_ff_off,1.820000,1.820000,0.000007,-100.0000,0.818122,iprobe
Ednw_ff_off,1.840000,1.840000,0.000007,-100.0000,0.818122,iprobe
Ednw_ff_off,1.860000,1.860000,0.000007,-100.0000,0.818122,iprobe
Ednw_ff_off,1.880000,1.880000,0.000007,-100.0000,0.818122,iprobe
Ednw_ff_off,1.900000,1.900000,0.000007,-100.0000,0.818122,iprobe
Ednw_ff_off,1.920000,1.920000,0.000007,-100.0000,0.818122,iprobe
Ednw_ff_off,1.940000,1.940000,0.000007,-100.0000,0.818122,iprobe
Ednw_ff_off,1.960000,1.960000,0.000007,-100.0000,0.818122,iprobe
Ednw_ff_off,1.980000,1.980000,0.000008,-99.9999,0.818122,iprobe
Ednw_ff_off,2.000000,2.000000,0.000008,-99.9999,0.818122,iprobe
Ednw_ff_off,2.020000,2.020000,0.000008,-99.9999,0.818122,iprobe
Ednw_ff_off,2.040000,2.040000,0.000008,-99.9999,0.818122,iprobe
Ednw_ff_off,2.060000,2.060000,0.000008,-99.9999,0.818122,iprobe
Ednw_ff_off,2.080000,2.080000,0.000008,-99.9999,0.818122,iprobe
Ednw_ff_off,2.100000,2.100000,0.000008,-99.9999,0.818122,iprobe
Ednw_ff_off,2.120000,2.120000,0.000009,-99.9999,0.818122,iprobe
Ednw_ff_off,2.140000,2.140000,0.000009,-99.9999,0.818122,iprobe
Ednw_ff_off,2.160000,2.160000,0.000009,-99.9999,0.818122,iprobe
Ednw_ff_off,2.180000,2.180000,0.000009,-99.9999,0.818122,iprobe
Ednw_ff_off,2.200000,2.200000,0.000009,-99.9999,0.818122,iprobe
Ednw_ff_off,2.220000,2.220000,0.000009,-99.9999,0.818122,iprobe
Ednw_ff_off,2.240000,2.240000,0.000010,-99.9999,0.818122,iprobe
Ednw_ff_off,2.260000,2.260000,0.000010,-99.9999,0.818122,iprobe
Ednw_ff_off,2.280000,2.280000,0.000010,-99.9999,0.818122,iprobe
Ednw_ff_off,2.300000,2.300000,0.000010,-99.9999,0.818122,iprobe
Ednw_ff_off,2.320000,2.320000,0.000010,-99.9999,0.818122,iprobe
Ednw_ff_off,2.340000,2.340000,0.000011,-99.9999,0.818122,iprobe
Ednw_ff_off,2.360000,2.360000,0.000011,-99.9999,0.818122,iprobe
Ednw_ff_off,2.380000,2.380000,0.000011,-99.9999,0.818122,iprobe
Ednw_ff_off,2.400000,2.400000,0.000011,-99.9999,0.818122,iprobe
Ednw_ff_off,2.420000,2.420000,0.000011,-99.9999,0.818122,iprobe
Ednw_ff_off,2.440000,2.440000,0.000012,-99.9999,0.818122,iprobe
Ednw_ff_off,2.460000,2.460000,0.000012,-99.9999,0.818122,iprobe
Ednw_ff_off,2.480000,2.480000,0.000012,-99.9999,0.818122,iprobe
Ednw_ff_off,2.500000,2.500000,0.000012,-99.9999,0.818122,iprobe
Ednw_ff_off,2.520000,2.520000,0.000013,-99.9999,0.818122,iprobe
Ednw_ff_off,2.540000,2.540000,0.000013,-99.9999,0.818122,iprobe
Ednw_ff_off,2.560000,2.560000,0.000013,-99.9999,0.818122,iprobe
Ednw_ff_off,2.580000,2.580000,0.000013,-99.9999,0.818122,iprobe
Ednw_ff_off,2.600000,2.600000,0.000014,-99.9999,0.818122,iprobe
Ednw_ff_off,2.620000,2.620000,0.000014,-99.9999,0.818122,iprobe
Ednw_ff_off,2.640000,2.640000,0.000014,-99.9999,0.818122,iprobe
Ednw_ff_off,2.660000,2.660000,0.000014,-99.9999,0.818122,iprobe
Ednw_ff_off,2.680000,2.680000,0.000015,-99.9999,0.818122,iprobe
Ednw_ff_off,2.700000,2.700000,0.000015,-99.9999,0.818122,iprobe
Ednw_ff_off,2.720000,2.720000,0.000015,-99.9999,0.818122,iprobe
Ednw_ff_off,2.740000,2.740000,0.000016,-99.9999,0.818122,iprobe
Ednw_ff_off,2.760000,2.760000,0.000016,-99.9999,0.818122,iprobe
Ednw_ff_off,2.780000,2.780000,0.000016,-99.9999,0.818122,iprobe
Ednw_ff_off,2.800000,2.800000,0.000017,-99.9999,0.818122,iprobe
Ednw_ff_off,2.820000,2.820000,0.000017,-99.9999,0.818122,iprobe
Ednw_ff_off,2.840000,2.840000,0.000017,-99.9999,0.818122,iprobe
Ednw_ff_off,2.860000,2.860000,0.000018,-99.9999,0.818122,iprobe
Ednw_ff_off,2.880000,2.880000,0.000018,-99.9999,0.818122,iprobe
Ednw_ff_off,2.900000,2.900000,0.000018,-99.9999,0.818122,iprobe
Ednw_ff_off,2.920000,2.920000,0.000019,-99.9999,0.818122,iprobe
Ednw_ff_off,2.940000,2.940000,0.000019,-99.9999,0.818122,iprobe
Ednw_ff_off,2.960000,2.960000,0.000020,-99.9999,0.818122,iprobe
Ednw_ff_off,2.980000,2.980000,0.000020,-99.9999,0.818122,iprobe
Ednw_ff_off,3.000000,3.000000,0.000020,-99.9999,0.818122,iprobe
Ednw_ff_off,3.020000,3.020000,0.000021,-99.9999,0.818122,iprobe
Ednw_ff_off,3.040000,3.040000,0.000021,-99.9999,0.818122,iprobe
Ednw_ff_off,3.060000,3.060000,0.000022,-99.9999,0.818122,iprobe
Ednw_ff_off,3.080000,3.080000,0.000022,-99.9999,0.818122,iprobe
Ednw_ff_off,3.100000,3.100000,0.000022,-99.9999,0.818122,iprobe
Ednw_ff_off,3.120000,3.120000,0.000023,-99.9998,0.818122,iprobe
Ednw_ff_off,3.140000,3.140000,0.000023,-99.9998,0.818122,iprobe
Ednw_ff_off,3.160000,3.160000,0.000024,-99.9998,0.818122,iprobe
Ednw_ff_off,3.180000,3.180000,0.000024,-99.9998,0.818122,iprobe
Ednw_ff_off,3.200000,3.200000,0.000025,-99.9998,0.818122,iprobe
Ednw_ff_off,3.220000,3.220000,0.000025,-99.9998,0.818122,iprobe
Ednw_ff_off,3.240000,3.240000,0.000026,-99.9998,0.818122,iprobe
Ednw_ff_off,3.260000,3.260000,0.000026,-99.9998,0.818122,iprobe
Ednw_ff_off,3.280000,3.280000,0.000027,-99.9998,0.818122,iprobe
Ednw_ff_off,3.300000,3.300000,0.000027,-99.9998,0.818122,iprobe
