dataset,group,column,accepted,oa_run,delta,tolerance,verdict
dc,ff|off,iout_uA,-0.000000,-0.000000,0,0.0015,OK
dc,ff|off,err_pct,-100.0000,-100.0000,0,0.0015,OK
dc,ff|off,vbias_V,0.818129,0.818129,0,1e-06,OK
dc,ff|off,iout_uA,0.000000,0.000000,0,0.0015,OK
dc,ff|off,err_pct,-100.0000,-100.0000,0,0.0015,OK
dc,ff|off,vbias_V,0.818122,0.818122,0,1e-06,OK
dc,ff|off,iout_uA,0.000000,0.000000,0,0.0015,OK
dc,ff|off,err_pct,-100.0000,-100.0000,0,0.0015,OK
dc,ff|off,vbias_V,0.818122,0.818122,0,1e-06,OK
dc,ff|off,iout_uA,0.000000,0.000000,0,0.0015,OK
dc,ff|off,err_pct,-100.0000,-100.0000,0,0.0015,OK
dc,ff|off,vbias_V,0.818122,0.818122,0,1e-06,OK
dc,ff|off,iout_uA,0.000000,0.000000,0,0.0015,OK
dc,ff|off,err_pct,-100.0000,-100.0000,0,0.0015,OK
dc,ff|off,vbias_V,0.818122,0.818122,0,1e-06,OK
dc,ff|off,iout_uA,0.000000,0.000000,0,0.0015,OK
dc,ff|off,err_pct,-100.0000,-100.0000,0,0.0015,OK
dc,ff|off,vbias_V,0.818122,0.818122,0,1e-06,OK
dc,ff|off,iout_uA,0.000000,0.000000,0,0.0015,OK
dc,ff|off,err_pct,-100.0000,-100.0000,0,0.0015,OK
dc,ff|off,vbias_V,0.818122,0.818122,0,1e-06,OK
dc,ff|off,iout_uA,0.000000,0.000000,0,0.0015,OK
dc,ff|off,err_pct,-100.0000,-100.0000,0,0.0015,OK
dc,ff|off,vbias_V,0.818122,0.818122,0,1e-06,OK
dc,ff|off,iout_uA,0.000000,0.000000,0,0.0015,OK
dc,ff|off,err_pct,-100.0000,-100.0000,0,0.0015,OK
dc,ff|off,vbias_V,0.818122,0.818122,0,1e-06,OK
dc,ff|off,iout_uA,0.000000,0.000000,0,0.0015,OK
dc,ff|off,err_pct,-100.0000,-100.0000,0,0.0015,OK
dc,ff|off,vbias_V,0.818122,0.818122,0,1e-06,OK
dc,ff|off,iout_uA,0.000000,0.000000,0,0.0015,OK
dc,ff|off,err_pct,-100.0000,-100.0000,0,0.0015,OK
dc,ff|off,vbias_V,0.818122,0.818122,0,1e-06,OK
dc,ff|off,iout_uA,0.000000,0.000000,0,0.0015,OK
dc,ff|off,err_pct,-100.0000,-100.0000,0,0.0015,OK
dc,ff|off,vbias_V,0.818122,0.818122,0,1e-06,OK
dc,ff|off,iout_uA,0.000000,0.000000,0,0.0015,OK
dc,ff|off,err_pct,-100.0000,-100.0000,0,0.0015,OK
dc,ff|off,vbias_V,0.818122,0.818122,0,1e-06,OK
dc,ff|off,iout_uA,0.000000,0.000000,0,0.0015,OK
dc,ff|off,err_pct,-100.0000,-100.0000,0,0.0015,OK
dc,ff|off,vbias_V,0.818122,0.818122,0,1e-06,OK
dc,ff|off,iout_uA,0.000001,0.000001,0,0.0015,OK
dc,ff|off,err_pct,-100.0000,-100.0000,0,0.0015,OK
dc,ff|off,vbias_V,0.818122,0.818122,0,1e-06,OK
dc,ff|off,iout_uA,0.000001,0.000001,0,0.0015,OK
dc,ff|off,err_pct,-100.0000,-100.0000,0,0.0015,OK
dc,ff|off,vbias_V,0.818122,0.818122,0,1e-06,OK
dc,ff|off,iout_uA,0.000001,0.000001,0,0.0015,OK
dc,ff|off,err_pct,-100.0000,-100.0000,0,0.0015,OK
dc,ff|off,vbias_V,0.818122,0.818122,0,1e-06,OK
dc,ff|off,iout_uA,0.000001,0.000001,0,0.0015,OK
dc,ff|off,err_pct,-100.0000,-100.0000,0,0.0015,OK
dc,ff|off,vbias_V,0.818122,0.818122,0,1e-06,OK
dc,ff|off,iout_uA,0.000001,0.000001,0,0.0015,OK
dc,ff|off,err_pct,-100.0000,-100.0000,0,0.0015,OK
dc,ff|off,vbias_V,0.818122,0.818122,0,1e-06,OK
dc,ff|off,iout_uA,0.000001,0.000001,0,0.0015,OK
dc,ff|off,err_pct,-100.0000,-100.0000,0,0.0015,OK
dc,ff|off,vbias_V,0.818122,0.818122,0,1e-06,OK
dc,ff|off,iout_uA,0.000001,0.000001,0,0.0015,OK
dc,ff|off,err_pct,-100.0000,-100.0000,0,0.0015,OK
dc,ff|off,vbias_V,0.818122,0.818122,0,1e-06,OK
dc,ff|off,iout_uA,0.000001,0.000001,0,0.0015,OK
dc,ff|off,err_pct,-100.0000,-100.0000,0,0.0015,OK
dc,ff|off,vbias_V,0.818122,0.818122,0,1e-06,OK
dc,ff|off,iout_uA,0.000001,0.000001,0,0.0015,OK
dc,ff|off,err_pct,-100.0000,-100.0000,0,0.0015,OK
dc,ff|off,vbias_V,0.818122,0.818122,0,1e-06,OK
dc,ff|off,iout_uA,0.000001,0.000001,0,0.0015,OK
dc,ff|off,err_pct,-100.0000,-100.0000,0,0.0015,OK
dc,ff|off,vbias_V,0.818122,0.818122,0,1e-06,OK
dc,ff|off,iout_uA,0.000001,0.000001,0,0.0015,OK
dc,ff|off,err_pct,-100.0000,-100.0000,0,0.0015,OK
dc,ff|off,vbias_V,0.818122,0.818122,0,1e-06,OK
dc,ff|off,iout_uA,0.000001,0.000001,0,0.0015,OK
dc,ff|off,err_pct,-100.0000,-100.0000,0,0.0015,OK
dc,ff|off,vbias_V,0.818122,0.818122,0,1e-06,OK
dc,ff|off,iout_uA,0.000001,0.000001,0,0.0015,OK
dc,ff|off,err_pct,-100.0000,-100.0000,0,0.0015,OK
dc,ff|off,vbias_V,0.818122,0.818122,0,1e-06,OK
dc,ff|off,iout_uA,0.000001,0.000001,0,0.0015,OK
dc,ff|off,err_pct,-100.0000,-100.0000,0,0.0015,OK
dc,ff|off,vbias_V,0.818122,0.818122,0,1e-06,OK
dc,ff|off,iout_uA,0.000001,0.000001,0,0.0015,OK
dc,ff|off,err_pct,-100.0000,-100.0000,0,0.0015,OK
dc,ff|off,vbias_V,0.818122,0.818122,0,1e-06,OK
dc,ff|off,iout_uA,0.000001,0.000001,0,0.0015,OK
dc,ff|off,err_pct,-100.0000,-100.0000,0,0.0015,OK
dc,ff|off,vbias_V,0.818122,0.818122,0,1e-06,OK
dc,ff|off,iout_uA,0.000001,0.000001,0,0.0015,OK
dc,ff|off,err_pct,-100.0000,-100.0000,0,0.0015,OK
dc,ff|off,vbias_V,0.818122,0.818122,0,1e-06,OK
dc,ff|off,iout_uA,0.000001,0.000001,0,0.0015,OK
dc,ff|off,err_pct,-100.0000,-100.0000,0,0.0015,OK
dc,ff|off,vbias_V,0.818122,0.818122,0,1e-06,OK
dc,ff|off,iout_uA,0.000001,0.000001,0,0.0015,OK
dc,ff|off,err_pct,-100.0000,-100.0000,0,0.0015,OK
dc,ff|off,vbias_V,0.818122,0.818122,0,1e-06,OK
dc,ff|off,iout_uA,0.000002,0.000002,0,0.0015,OK
dc,ff|off,err_pct,-100.0000,-100.0000,0,0.0015,OK
dc,ff|off,vbias_V,0.818122,0.818122,0,1e-06,OK
dc,ff|off,iout_uA,0.000002,0.000002,0,0.0015,OK
dc,ff|off,err_pct,-100.0000,-100.0000,0,0.0015,OK
dc,ff|off,vbias_V,0.818122,0.818122,0,1e-06,OK
dc,ff|off,iout_uA,0.000002,0.000002,0,0.0015,OK
dc,ff|off,err_pct,-100.0000,-100.0000,0,0.0015,OK
dc,ff|off,vbias_V,0.818122,0.818122,0,1e-06,OK
dc,ff|off,iout_uA,0.000002,0.000002,0,0.0015,OK
dc,ff|off,err_pct,-100.0000,-100.0000,0,0.0015,OK
dc,ff|off,vbias_V,0.818122,0.818122,0,1e-06,OK
dc,ff|off,iout_uA,0.000002,0.000002,0,0.0015,OK
dc,ff|off,err_pct,-100.0000,-100.0000,0,0.0015,OK
dc,ff|off,vbias_V,0.818122,0.818122,0,1e-06,OK
dc,ff|off,iout_uA,0.000002,0.000002,0,0.0015,OK
dc,ff|off,err_pct,-100.0000,-100.0000,0,0.0015,OK
dc,ff|off,vbias_V,0.818122,0.818122,0,1e-06,OK
dc,ff|off,iout_uA,0.000002,0.000002,0,0.0015,OK
dc,ff|off,err_pct,-100.0000,-100.0000,0,0.0015,OK
dc,ff|off,vbias_V,0.818122,0.818122,0,1e-06,OK
dc,ff|off,iout_uA,0.000002,0.000002,0,0.0015,OK
dc,ff|off,err_pct,-100.0000,-100.0000,0,0.0015,OK
dc,ff|off,vbias_V,0.818122,0.818122,0,1e-06,OK
dc,ff|off,iout_uA,0.000002,0.000002,0,0.0015,OK
dc,ff|off,err_pct,-100.0000,-100.0000,0,0.0015,OK
dc,ff|off,vbias_V,0.818122,0.818122,0,1e-06,OK
dc,ff|off,iout_uA,0.000002,0.000002,0,0.0015,OK
dc,ff|off,err_pct,-100.0000,-100.0000,0,0.0015,OK
dc,ff|off,vbias_V,0.818122,0.818122,0,1e-06,OK
dc,ff|off,iout_uA,0.000002,0.000002,0,0.0015,OK
dc,ff|off,err_pct,-100.0000,-100.0000,0,0.0015,OK
dc,ff|off,vbias_V,0.818122,0.818122,0,1e-06,OK
dc,ff|off,iout_uA,0.000002,0.000002,0,0.0015,OK
dc,ff|off,err_pct,-100.0000,-100.0000,0,0.0015,OK
dc,ff|off,vbias_V,0.818122,0.818122,0,1e-06,OK
dc,ff|off,iout_uA,0.000003,0.000003,0,0.0015,OK
dc,ff|off,err_pct,-100.0000,-100.0000,0,0.0015,OK
dc,ff|off,vbias_V,0.818122,0.818122,0,1e-06,OK
dc,ff|off,iout_uA,0.000003,0.000003,0,0.0015,OK
dc,ff|off,err_pct,-100.0000,-100.0000,0,0.0015,OK
dc,ff|off,vbias_V,0.818122,0.818122,0,1e-06,OK
dc,ff|off,iout_uA,0.000003,0.000003,0,0.0015,OK
dc,ff|off,err_pct,-100.0000,-100.0000,0,0.0015,OK
dc,ff|off,vbias_V,0.818122,0.818122,0,1e-06,OK
dc,ff|off,iout_uA,0.000003,0.000003,0,0.0015,OK
dc,ff|off,err_pct,-100.0000,-100.0000,0,0.0015,OK
dc,ff|off,vbias_V,0.818122,0.818122,0,1e-06,OK
dc,ff|off,iout_uA,0.000003,0.000003,0,0.0015,OK
dc,ff|off,err_pct,-100.0000,-100.0000,0,0.0015,OK
dc,ff|off,vbias_V,0.818122,0.818122,0,1e-06,OK
dc,ff|off,iout_uA,0.000003,0.000003,0,0.0015,OK
dc,ff|off,err_pct,-100.0000,-100.0000,0,0.0015,OK
dc,ff|off,vbias_V,0.818122,0.818122,0,1e-06,OK
dc,ff|off,iout_uA,0.000003,0.000003,0,0.0015,OK
dc,ff|off,err_pct,-100.0000,-100.0000,0,0.0015,OK
dc,ff|off,vbias_V,0.818122,0.818122,0,1e-06,OK
dc,ff|off,iout_uA,0.000003,0.000003,0,0.0015,OK
dc,ff|off,err_pct,-100.0000,-100.0000,0,0.0015,OK
dc,ff|off,vbias_V,0.818122,0.818122,0,1e-06,OK
dc,ff|off,iout_uA,0.000003,0.000003,0,0.0015,OK
dc,ff|off,err_pct,-100.0000,-100.0000,0,0.0015,OK
dc,ff|off,vbias_V,0.818122,0.818122,0,1e-06,OK
dc,ff|off,iout_uA,0.000004,0.000004,0,0.0015,OK
dc,ff|off,err_pct,-100.0000,-100.0000,0,0.0015,OK
dc,ff|off,vbias_V,0.818122,0.818122,0,1e-06,OK
dc,ff|off,iout_uA,0.000004,0.000004,0,0.0015,OK
dc,ff|off,err_pct,-100.0000,-100.0000,0,0.0015,OK
dc,ff|off,vbias_V,0.818122,0.818122,0,1e-06,OK
dc,ff|off,iout_uA,0.000004,0.000004,0,0.0015,OK
dc,ff|off,err_pct,-100.0000,-100.0000,0,0.0015,OK
dc,ff|off,vbias_V,0.818122,0.818122,0,1e-06,OK
dc,ff|off,iout_uA,0.000004,0.000004,0,0.0015,OK
dc,ff|off,err_pct,-100.0000,-100.0000,0,0.0015,OK
dc,ff|off,vbias_V,0.818122,0.818122,0,1e-06,OK
dc,ff|off,iout_uA,0.000004,0.000004,0,0.0015,OK
dc,ff|off,err_pct,-100.0000,-100.0000,0,0.0015,OK
dc,ff|off,vbias_V,0.818122,0.818122,0,1e-06,OK
dc,ff|off,iout_uA,0.000004,0.000004,0,0.0015,OK
dc,ff|off,err_pct,-100.0000,-100.0000,0,0.0015,OK
dc,ff|off,vbias_V,0.818122,0.818122,0,1e-06,OK
dc,ff|off,iout_uA,0.000004,0.000004,0,0.0015,OK
dc,ff|off,err_pct,-100.0000,-100.0000,0,0.0015,OK
dc,ff|off,vbias_V,0.818122,0.818122,0,1e-06,OK
dc,ff|off,iout_uA,0.000004,0.000004,0,0.0015,OK
dc,ff|off,err_pct,-100.0000,-100.0000,0,0.0015,OK
dc,ff|off,vbias_V,0.818122,0.818122,0,1e-06,OK
dc,ff|off,iout_uA,0.000004,0.000004,0,0.0015,OK
dc,ff|off,err_pct,-100.0000,-100.0000,0,0.0015,OK
dc,ff|off,vbias_V,0.818122,0.818122,0,1e-06,OK
dc,ff|off,iout_uA,0.000004,0.000004,0,0.0015,OK
dc,ff|off,err_pct,-100.0000,-100.0000,0,0.0015,OK
dc,ff|off,vbias_V,0.818122,0.818122,0,1e-06,OK
dc,ff|off,iout_uA,0.000004,0.000004,0,0.0015,OK
dc,ff|off,err_pct,-100.0000,-100.0000,0,0.0015,OK
dc,ff|off,vbias_V,0.818122,0.818122,0,1e-06,OK
dc,ff|off,iout_uA,0.000004,0.000004,0,0.0015,OK
dc,ff|off,err_pct,-100.0000,-100.0000,0,0.0015,OK
dc,ff|off,vbias_V,0.818122,0.818122,0,1e-06,OK
dc,ff|off,iout_uA,0.000005,0.000005,0,0.0015,OK
dc,ff|off,err_pct,-100.0000,-100.0000,0,0.0015,OK
dc,ff|off,vbias_V,0.818122,0.818122,0,1e-06,OK
dc,ff|off,iout_uA,0.000005,0.000005,0,0.0015,OK
dc,ff|off,err_pct,-100.0000,-100.0000,0,0.0015,OK
dc,ff|off,vbias_V,0.818122,0.818122,0,1e-06,OK
dc,ff|off,iout_uA,0.000005,0.000005,0,0.0015,OK
dc,ff|off,err_pct,-100.0000,-100.0000,0,0.0015,OK
dc,ff|off,vbias_V,0.818122,0.818122,0,1e-06,OK
dc,ff|off,iout_uA,0.000005,0.000005,0,0.0015,OK
dc,ff|off,err_pct,-100.0000,-100.0000,0,0.0015,OK
dc,ff|off,vbias_V,0.818122,0.818122,0,1e-06,OK
dc,ff|off,iout_uA,0.000005,0.000005,0,0.0015,OK
dc,ff|off,err_pct,-100.0000,-100.0000,0,0.0015,OK
dc,ff|off,vbias_V,0.818122,0.818122,0,1e-06,OK
dc,ff|off,iout_uA,0.000005,0.000005,0,0.0015,OK
dc,ff|off,err_pct,-100.0000,-100.0000,0,0.0015,OK
dc,ff|off,vbias_V,0.818122,0.818122,0,1e-06,OK
dc,ff|off,iout_uA,0.000005,0.000005,0,0.0015,OK
dc,ff|off,err_pct,-100.0000,-100.0000,0,0.0015,OK
dc,ff|off,vbias_V,0.818122,0.818122,0,1e-06,OK
dc,ff|off,iout_uA,0.000005,0.000005,0,0.0015,OK
dc,ff|off,err_pct,-100.0000,-100.0000,0,0.0015,OK
dc,ff|off,vbias_V,0.818122,0.818122,0,1e-06,OK
dc,ff|off,iout_uA,0.000005,0.000005,0,0.0015,OK
dc,ff|off,err_pct,-100.0000,-100.0000,0,0.0015,OK
dc,ff|off,vbias_V,0.818122,0.818122,0,1e-06,OK
dc,ff|off,iout_uA,0.000005,0.000005,0,0.0015,OK
dc,ff|off,err_pct,-100.0000,-100.0000,0,0.0015,OK
dc,ff|off,vbias_V,0.818122,0.818122,0,1e-06,OK
dc,ff|off,iout_uA,0.000005,0.000005,0,0.0015,OK
dc,ff|off,err_pct,-100.0000,-100.0000,0,0.0015,OK
dc,ff|off,vbias_V,0.818122,0.818122,0,1e-06,OK
dc,ff|off,iout_uA,0.000005,0.000005,0,0.0015,OK
dc,ff|off,err_pct,-100.0000,-100.0000,0,0.0015,OK
dc,ff|off,vbias_V,0.818122,0.818122,0,1e-06,OK
dc,ff|off,iout_uA,0.000005,0.000005,0,0.0015,OK
dc,ff|off,err_pct,-100.0000,-100.0000,0,0.0015,OK
dc,ff|off,vbias_V,0.818122,0.818122,0,1e-06,OK
dc,ff|off,iout_uA,0.000005,0.000005,0,0.0015,OK
dc,ff|off,err_pct,-100.0000,-100.0000,0,0.0015,OK
dc,ff|off,vbias_V,0.818122,0.818122,0,1e-06,OK
dc,ff|off,iout_uA,0.000006,0.000006,0,0.0015,OK
dc,ff|off,err_pct,-100.0000,-100.0000,0,0.0015,OK
dc,ff|off,vbias_V,0.818122,0.818122,0,1e-06,OK
dc,ff|off,iout_uA,0.000006,0.000006,0,0.0015,OK
dc,ff|off,err_pct,-100.0000,-100.0000,0,0.0015,OK
dc,ff|off,vbias_V,0.818122,0.818122,0,1e-06,OK
dc,ff|off,iout_uA,0.000006,0.000006,0,0.0015,OK
dc,ff|off,err_pct,-100.0000,-100.0000,0,0.0015,OK
dc,ff|off,vbias_V,0.818122,0.818122,0,1e-06,OK
dc,ff|off,iout_uA,0.000006,0.000006,0,0.0015,OK
dc,ff|off,err_pct,-100.0000,-100.0000,0,0.0015,OK
dc,ff|off,vbias_V,0.818122,0.818122,0,1e-06,OK
dc,ff|off,iout_uA,0.000006,0.000006,0,0.0015,OK
dc,ff|off,err_pct,-100.0000,-100.0000,0,0.0015,OK
dc,ff|off,vbias_V,0.818122,0.818122,0,1e-06,OK
dc,ff|off,iout_uA,0.000006,0.000006,0,0.0015,OK
dc,ff|off,err_pct,-100.0000,-100.0000,0,0.0015,OK
dc,ff|off,vbias_V,0.818122,0.818122,0,1e-06,OK
dc,ff|off,iout_uA,0.000006,0.000006,0,0.0015,OK
dc,ff|off,err_pct,-100.0000,-100.0000,0,0.0015,OK
dc,ff|off,vbias_V,0.818122,0.818122,0,1e-06,OK
dc,ff|off,iout_uA,0.000006,0.000006,0,0.0015,OK
dc,ff|off,err_pct,-100.0000,-100.0000,0,0.0015,OK
dc,ff|off,vbias_V,0.818122,0.818122,0,1e-06,OK
dc,ff|off,iout_uA,0.000006,0.000006,0,0.0015,OK
dc,ff|off,err_pct,-100.0000,-100.0000,0,0.0015,OK
dc,ff|off,vbias_V,0.818122,0.818122,0,1e-06,OK
dc,ff|off,iout_uA,0.000006,0.000006,0,0.0015,OK
dc,ff|off,err_pct,-100.0000,-100.0000,0,0.0015,OK
dc,ff|off,vbias_V,0.818122,0.818122,0,1e-06,OK
dc,ff|off,iout_uA,0.000007,0.000007,0,0.0015,OK
dc,ff|off,err_pct,-100.0000,-100.0000,0,0.0015,OK
dc,ff|off,vbias_V,0.818122,0.818122,0,1e-06,OK
dc,ff|off,iout_uA,0.000007,0.000007,0,0.0015,OK
dc,ff|off,err_pct,-100.0000,-100.0000,0,0.0015,OK
dc,ff|off,vbias_V,0.818122,0.818122,0,1e-06,OK
dc,ff|off,iout_uA,0.000007,0.000007,0,0.0015,OK
dc,ff|off,err_pct,-100.0000,-100.0000,0,0.0015,OK
dc,ff|off,vbias_V,0.818122,0.818122,0,1e-06,OK
dc,ff|off,iout_uA,0.000007,0.000007,0,0.0015,OK
dc,ff|off,err_pct,-100.0000,-100.0000,0,0.0015,OK
dc,ff|off,vbias_V,0.818122,0.818122,0,1e-06,OK
dc,ff|off,iout_uA,0.000007,0.000007,0,0.0015,OK
dc,ff|off,err_pct,-100.0000,-100.0000,0,0.0015,OK
dc,ff|off,vbias_V,0.818122,0.818122,0,1e-06,OK
dc,ff|off,iout_uA,0.000007,0.000007,0,0.0015,OK
dc,ff|off,err_pct,-100.0000,-100.0000,0,0.0015,OK
dc,ff|off,vbias_V,0.818122,0.818122,0,1e-06,OK
dc,ff|off,iout_uA,0.000007,0.000007,0,0.0015,OK
dc,ff|off,err_pct,-100.0000,-100.0000,0,0.0015,OK
dc,ff|off,vbias_V,0.818122,0.818122,0,1e-06,OK
dc,ff|off,iout_uA,0.000007,0.000007,0,0.0015,OK
dc,ff|off,err_pct,-100.0000,-100.0000,0,0.0015,OK
dc,ff|off,vbias_V,0.818122,0.818122,0,1e-06,OK
dc,ff|off,iout_uA,0.000007,0.000007,0,0.0015,OK
dc,ff|off,err_pct,-100.0000,-100.0000,0,0.0015,OK
dc,ff|off,vbias_V,0.818122,0.818122,0,1e-06,OK
dc,ff|off,iout_uA,0.000008,0.000008,0,0.0015,OK
dc,ff|off,err_pct,-99.9999,-99.9999,0,0.0015,OK
dc,ff|off,vbias_V,0.818122,0.818122,0,1e-06,OK
dc,ff|off,iout_uA,0.000008,0.000008,0,0.0015,OK
dc,ff|off,err_pct,-99.9999,-99.9999,0,0.0015,OK
dc,ff|off,vbias_V,0.818122,0.818122,0,1e-06,OK
dc,ff|off,iout_uA,0.000008,0.000008,0,0.0015,OK
dc,ff|off,err_pct,-99.9999,-99.9999,0,0.0015,OK
dc,ff|off,vbias_V,0.818122,0.818122,0,1e-06,OK
dc,ff|off,iout_uA,0.000008,0.000008,0,0.0015,OK
dc,ff|off,err_pct,-99.9999,-99.9999,0,0.0015,OK
dc,ff|off,vbias_V,0.818122,0.818122,0,1e-06,OK
dc,ff|off,iout_uA,0.000008,0.000008,0,0.0015,OK
dc,ff|off,err_pct,-99.9999,-99.9999,0,0.0015,OK
dc,ff|off,vbias_V,0.818122,0.818122,0,1e-06,OK
dc,ff|off,iout_uA,0.000008,0.000008,0,0.0015,OK
dc,ff|off,err_pct,-99.9999,-99.9999,0,0.0015,OK
dc,ff|off,vbias_V,0.818122,0.818122,0,1e-06,OK
dc,ff|off,iout_uA,0.000008,0.000008,0,0.0015,OK
dc,ff|off,err_pct,-99.9999,-99.9999,0,0.0015,OK
dc,ff|off,vbias_V,0.818122,0.818122,0,1e-06,OK
dc,ff|off,iout_uA,0.000009,0.000009,0,0.0015,OK
dc,ff|off,err_pct,-99.9999,-99.9999,0,0.0015,OK
dc,ff|off,vbias_V,0.818122,0.818122,0,1e-06,OK
dc,ff|off,iout_uA,0.000009,0.000009,0,0.0015,OK
dc,ff|off,err_pct,-99.9999,-99.9999,0,0.0015,OK
dc,ff|off,vbias_V,0.818122,0.818122,0,1e-06,OK
dc,ff|off,iout_uA,0.000009,0.000009,0,0.0015,OK
dc,ff|off,err_pct,-99.9999,-99.9999,0,0.0015,OK
dc,ff|off,vbias_V,0.818122,0.818122,0,1e-06,OK
dc,ff|off,iout_uA,0.000009,0.000009,0,0.0015,OK
dc,ff|off,err_pct,-99.9999,-99.9999,0,0.0015,OK
dc,ff|off,vbias_V,0.818122,0.818122,0,1e-06,OK
dc,ff|off,iout_uA,0.000009,0.000009,0,0.0015,OK
dc,ff|off,err_pct,-99.9999,-99.9999,0,0.0015,OK
dc,ff|off,vbias_V,0.818122,0.818122,0,1e-06,OK
dc,ff|off,iout_uA,0.000009,0.000009,0,0.0015,OK
dc,ff|off,err_pct,-99.9999,-99.9999,0,0.0015,OK
dc,ff|off,vbias_V,0.818122,0.818122,0,1e-06,OK
dc,ff|off,iout_uA,0.000010,0.000010,0,0.0015,OK
dc,ff|off,err_pct,-99.9999,-99.9999,0,0.0015,OK
dc,ff|off,vbias_V,0.818122,0.818122,0,1e-06,OK
dc,ff|off,iout_uA,0.000010,0.000010,0,0.0015,OK
dc,ff|off,err_pct,-99.9999,-99.9999,0,0.0015,OK
dc,ff|off,vbias_V,0.818122,0.818122,0,1e-06,OK
dc,ff|off,iout_uA,0.000010,0.000010,0,0.0015,OK
dc,ff|off,err_pct,-99.9999,-99.9999,0,0.0015,OK
dc,ff|off,vbias_V,0.818122,0.818122,0,1e-06,OK
dc,ff|off,iout_uA,0.000010,0.000010,0,0.0015,OK
dc,ff|off,err_pct,-99.9999,-99.9999,0,0.0015,OK
dc,ff|off,vbias_V,0.818122,0.818122,0,1e-06,OK
dc,ff|off,iout_uA,0.000010,0.000010,0,0.0015,OK
dc,ff|off,err_pct,-99.9999,-99.9999,0,0.0015,OK
dc,ff|off,vbias_V,0.818122,0.818122,0,1e-06,OK
dc,ff|off,iout_uA,0.000011,0.000011,0,0.0015,OK
dc,ff|off,err_pct,-99.9999,-99.9999,0,0.0015,OK
dc,ff|off,vbias_V,0.818122,0.818122,0,1e-06,OK
dc,ff|off,iout_uA,0.000011,0.000011,0,0.0015,OK
dc,ff|off,err_pct,-99.9999,-99.9999,0,0.0015,OK
dc,ff|off,vbias_V,0.818122,0.818122,0,1e-06,OK
dc,ff|off,iout_uA,0.000011,0.000011,0,0.0015,OK
dc,ff|off,err_pct,-99.9999,-99.9999,0,0.0015,OK
dc,ff|off,vbias_V,0.818122,0.818122,0,1e-06,OK
dc,ff|off,iout_uA,0.000011,0.000011,0,0.0015,OK
dc,ff|off,err_pct,-99.9999,-99.9999,0,0.0015,OK
dc,ff|off,vbias_V,0.818122,0.818122,0,1e-06,OK
dc,ff|off,iout_uA,0.000011,0.000011,0,0.0015,OK
dc,ff|off,err_pct,-99.9999,-99.9999,0,0.0015,OK
dc,ff|off,vbias_V,0.818122,0.818122,0,1e-06,OK
dc,ff|off,iout_uA,0.000012,0.000012,0,0.0015,OK
dc,ff|off,err_pct,-99.9999,-99.9999,0,0.0015,OK
dc,ff|off,vbias_V,0.818122,0.818122,0,1e-06,OK
dc,ff|off,iout_uA,0.000012,0.000012,0,0.0015,OK
dc,ff|off,err_pct,-99.9999,-99.9999,0,0.0015,OK
dc,ff|off,vbias_V,0.818122,0.818122,0,1e-06,OK
dc,ff|off,iout_uA,0.000012,0.000012,0,0.0015,OK
dc,ff|off,err_pct,-99.9999,-99.9999,0,0.0015,OK
dc,ff|off,vbias_V,0.818122,0.818122,0,1e-06,OK
dc,ff|off,iout_uA,0.000012,0.000012,0,0.0015,OK
dc,ff|off,err_pct,-99.9999,-99.9999,0,0.0015,OK
dc,ff|off,vbias_V,0.818122,0.818122,0,1e-06,OK
dc,ff|off,iout_uA,0.000013,0.000013,0,0.0015,OK
dc,ff|off,err_pct,-99.9999,-99.9999,0,0.0015,OK
dc,ff|off,vbias_V,0.818122,0.818122,0,1e-06,OK
dc,ff|off,iout_uA,0.000013,0.000013,0,0.0015,OK
dc,ff|off,err_pct,-99.9999,-99.9999,0,0.0015,OK
dc,ff|off,vbias_V,0.818122,0.818122,0,1e-06,OK
dc,ff|off,iout_uA,0.000013,0.000013,0,0.0015,OK
dc,ff|off,err_pct,-99.9999,-99.9999,0,0.0015,OK
dc,ff|off,vbias_V,0.818122,0.818122,0,1e-06,OK
dc,ff|off,iout_uA,0.000013,0.000013,0,0.0015,OK
dc,ff|off,err_pct,-99.9999,-99.9999,0,0.0015,OK
dc,ff|off,vbias_V,0.818122,0.818122,0,1e-06,OK
dc,ff|off,iout_uA,0.000014,0.000014,0,0.0015,OK
dc,ff|off,err_pct,-99.9999,-99.9999,0,0.0015,OK
dc,ff|off,vbias_V,0.818122,0.818122,0,1e-06,OK
dc,ff|off,iout_uA,0.000014,0.000014,0,0.0015,OK
dc,ff|off,err_pct,-99.9999,-99.9999,0,0.0015,OK
dc,ff|off,vbias_V,0.818122,0.818122,0,1e-06,OK
dc,ff|off,iout_uA,0.000014,0.000014,0,0.0015,OK
dc,ff|off,err_pct,-99.9999,-99.9999,0,0.0015,OK
dc,ff|off,vbias_V,0.818122,0.818122,0,1e-06,OK
dc,ff|off,iout_uA,0.000014,0.000014,0,0.0015,OK
dc,ff|off,err_pct,-99.9999,-99.9999,0,0.0015,OK
dc,ff|off,vbias_V,0.818122,0.818122,0,1e-06,OK
dc,ff|off,iout_uA,0.000015,0.000015,0,0.0015,OK
dc,ff|off,err_pct,-99.9999,-99.9999,0,0.0015,OK
dc,ff|off,vbias_V,0.818122,0.818122,0,1e-06,OK
dc,ff|off,iout_uA,0.000015,0.000015,0,0.0015,OK
dc,ff|off,err_pct,-99.9999,-99.9999,0,0.0015,OK
dc,ff|off,vbias_V,0.818122,0.818122,0,1e-06,OK
dc,ff|off,iout_uA,0.000015,0.000015,0,0.0015,OK
dc,ff|off,err_pct,-99.9999,-99.9999,0,0.0015,OK
dc,ff|off,vbias_V,0.818122,0.818122,0,1e-06,OK
dc,ff|off,iout_uA,0.000016,0.000016,0,0.0015,OK
dc,ff|off,err_pct,-99.9999,-99.9999,0,0.0015,OK
dc,ff|off,vbias_V,0.818122,0.818122,0,1e-06,OK
dc,ff|off,iout_uA,0.000016,0.000016,0,0.0015,OK
dc,ff|off,err_pct,-99.9999,-99.9999,0,0.0015,OK
dc,ff|off,vbias_V,0.818122,0.818122,0,1e-06,OK
dc,ff|off,iout_uA,0.000016,0.000016,0,0.0015,OK
dc,ff|off,err_pct,-99.9999,-99.9999,0,0.0015,OK
dc,ff|off,vbias_V,0.818122,0.818122,0,1e-06,OK
dc,ff|off,iout_uA,0.000017,0.000017,0,0.0015,OK
dc,ff|off,err_pct,-99.9999,-99.9999,0,0.0015,OK
dc,ff|off,vbias_V,0.818122,0.818122,0,1e-06,OK
dc,ff|off,iout_uA,0.000017,0.000017,0,0.0015,OK
dc,ff|off,err_pct,-99.9999,-99.9999,0,0.0015,OK
dc,ff|off,vbias_V,0.818122,0.818122,0,1e-06,OK
dc,ff|off,iout_uA,0.000017,0.000017,0,0.0015,OK
dc,ff|off,err_pct,-99.9999,-99.9999,0,0.0015,OK
dc,ff|off,vbias_V,0.818122,0.818122,0,1e-06,OK
dc,ff|off,iout_uA,0.000018,0.000018,0,0.0015,OK
dc,ff|off,err_pct,-99.9999,-99.9999,0,0.0015,OK
dc,ff|off,vbias_V,0.818122,0.818122,0,1e-06,OK
dc,ff|off,iout_uA,0.000018,0.000018,0,0.0015,OK
dc,ff|off,err_pct,-99.9999,-99.9999,0,0.0015,OK
dc,ff|off,vbias_V,0.818122,0.818122,0,1e-06,OK
dc,ff|off,iout_uA,0.000018,0.000018,0,0.0015,OK
dc,ff|off,err_pct,-99.9999,-99.9999,0,0.0015,OK
dc,ff|off,vbias_V,0.818122,0.818122,0,1e-06,OK
dc,ff|off,iout_uA,0.000019,0.000019,0,0.0015,OK
dc,ff|off,err_pct,-99.9999,-99.9999,0,0.0015,OK
dc,ff|off,vbias_V,0.818122,0.818122,0,1e-06,OK
dc,ff|off,iout_uA,0.000019,0.000019,0,0.0015,OK
dc,ff|off,err_pct,-99.9999,-99.9999,0,0.0015,OK
dc,ff|off,vbias_V,0.818122,0.818122,0,1e-06,OK
dc,ff|off,iout_uA,0.000020,0.000020,0,0.0015,OK
dc,ff|off,err_pct,-99.9999,-99.9999,0,0.0015,OK
dc,ff|off,vbias_V,0.818122,0.818122,0,1e-06,OK
dc,ff|off,iout_uA,0.000020,0.000020,0,0.0015,OK
dc,ff|off,err_pct,-99.9999,-99.9999,0,0.0015,OK
dc,ff|off,vbias_V,0.818122,0.818122,0,1e-06,OK
dc,ff|off,iout_uA,0.000020,0.000020,0,0.0015,OK
dc,ff|off,err_pct,-99.9999,-99.9999,0,0.0015,OK
dc,ff|off,vbias_V,0.818122,0.818122,0,1e-06,OK
dc,ff|off,iout_uA,0.000021,0.000021,0,0.0015,OK
dc,ff|off,err_pct,-99.9999,-99.9999,0,0.0015,OK
dc,ff|off,vbias_V,0.818122,0.818122,0,1e-06,OK
dc,ff|off,iout_uA,0.000021,0.000021,0,0.0015,OK
dc,ff|off,err_pct,-99.9999,-99.9999,0,0.0015,OK
dc,ff|off,vbias_V,0.818122,0.818122,0,1e-06,OK
dc,ff|off,iout_uA,0.000022,0.000022,0,0.0015,OK
dc,ff|off,err_pct,-99.9999,-99.9999,0,0.0015,OK
dc,ff|off,vbias_V,0.818122,0.818122,0,1e-06,OK
dc,ff|off,iout_uA,0.000022,0.000022,0,0.0015,OK
dc,ff|off,err_pct,-99.9999,-99.9999,0,0.0015,OK
dc,ff|off,vbias_V,0.818122,0.818122,0,1e-06,OK
dc,ff|off,iout_uA,0.000022,0.000022,0,0.0015,OK
dc,ff|off,err_pct,-99.9999,-99.9999,0,0.0015,OK
dc,ff|off,vbias_V,0.818122,0.818122,0,1e-06,OK
dc,ff|off,iout_uA,0.000023,0.000023,0,0.0015,OK
dc,ff|off,err_pct,-99.9998,-99.9998,0,0.0015,OK
dc,ff|off,vbias_V,0.818122,0.818122,0,1e-06,OK
dc,ff|off,iout_uA,0.000023,0.000023,0,0.0015,OK
dc,ff|off,err_pct,-99.9998,-99.9998,0,0.0015,OK
dc,ff|off,vbias_V,0.818122,0.818122,0,1e-06,OK
dc,ff|off,iout_uA,0.000024,0.000024,0,0.0015,OK
dc,ff|off,err_pct,-99.9998,-99.9998,0,0.0015,OK
dc,ff|off,vbias_V,0.818122,0.818122,0,1e-06,OK
dc,ff|off,iout_uA,0.000024,0.000024,0,0.0015,OK
dc,ff|off,err_pct,-99.9998,-99.9998,0,0.0015,OK
dc,ff|off,vbias_V,0.818122,0.818122,0,1e-06,OK
dc,ff|off,iout_uA,0.000025,0.000025,0,0.0015,OK
dc,ff|off,err_pct,-99.9998,-99.9998,0,0.0015,OK
dc,ff|off,vbias_V,0.818122,0.818122,0,1e-06,OK
dc,ff|off,iout_uA,0.000025,0.000025,0,0.0015,OK
dc,ff|off,err_pct,-99.9998,-99.9998,0,0.0015,OK
dc,ff|off,vbias_V,0.818122,0.818122,0,1e-06,OK
dc,ff|off,iout_uA,0.000026,0.000026,0,0.0015,OK
dc,ff|off,err_pct,-99.9998,-99.9998,0,0.0015,OK
dc,ff|off,vbias_V,0.818122,0.818122,0,1e-06,OK
dc,ff|off,iout_uA,0.000026,0.000026,0,0.0015,OK
dc,ff|off,err_pct,-99.9998,-99.9998,0,0.0015,OK
dc,ff|off,vbias_V,0.818122,0.818122,0,1e-06,OK
dc,ff|off,iout_uA,0.000027,0.000027,0,0.0015,OK
dc,ff|off,err_pct,-99.9998,-99.9998,0,0.0015,OK
dc,ff|off,vbias_V,0.818122,0.818122,0,1e-06,OK
dc,ff|off,iout_uA,0.000027,0.000027,0,0.0015,OK
dc,ff|off,err_pct,-99.9998,-99.9998,0,0.0015,OK
dc,ff|off,vbias_V,0.818122,0.818122,0,1e-06,OK
dc,ff|on,iout_uA,-0.000000,-0.000000,0,0.0015,OK
dc,ff|on,err_pct,-100.0000,-100.0000,0,0.0015,OK
dc,ff|on,vbias_V,0.818122,0.818122,0,1e-06,OK
dc,ff|on,iout_uA,4.451443,4.451443,0,0.0015,OK
dc,ff|on,err_pct,-70.3237,-70.3237,0,0.0015,OK
dc,ff|on,vbias_V,0.818122,0.818122,0,1e-06,OK
dc,ff|on,iout_uA,8.113044,8.113044,0,0.0015,OK
dc,ff|on,err_pct,-45.9130,-45.9130,0,0.0015,OK
dc,ff|on,vbias_V,0.818122,0.818122,0,1e-06,OK
dc,ff|on,iout_uA,10.958490,10.958490,0,0.0015,OK
dc,ff|on,err_pct,-26.9434,-26.9434,0,0.0015,OK
dc,ff|on,vbias_V,0.818122,0.818122,0,1e-06,OK
dc,ff|on,iout_uA,12.958601,12.958601,0,0.0015,OK
dc,ff|on,err_pct,-13.6093,-13.6093,0,0.0015,OK
dc,ff|on,vbias_V,0.818122,0.818122,0,1e-06,OK
dc,ff|on,iout_uA,14.096379,14.096379,0,0.0015,OK
dc,ff|on,err_pct,-6.0241,-6.0241,0,0.0015,OK
dc,ff|on,vbias_V,0.818122,0.818122,0,1e-06,OK
dc,ff|on,iout_uA,14.499767,14.499767,0,0.0015,OK
dc,ff|on,err_pct,-3.3349,-3.3349,0,0.0015,OK
dc,ff|on,vbias_V,0.818122,0.818122,0,1e-06,OK
dc,ff|on,iout_uA,14.602120,14.602120,0,0.0015,OK
dc,ff|on,err_pct,-2.6525,-2.6525,0,0.0015,OK
dc,ff|on,vbias_V,0.818122,0.818122,0,1e-06,OK
dc,ff|on,iout_uA,14.648715,14.648715,0,0.0015,OK
dc,ff|on,err_pct,-2.3419,-2.3419,0,0.0015,OK
dc,ff|on,vbias_V,0.818122,0.818122,0,1e-06,OK
dc,ff|on,iout_uA,14.680651,14.680651,0,0.0015,OK
dc,ff|on,err_pct,-2.1290,-2.1290,0,0.0015,OK
dc,ff|on,vbias_V,0.818122,0.818122,0,1e-06,OK
dc,ff|on,iout_uA,14.705852,14.705852,0,0.0015,OK
dc,ff|on,err_pct,-1.9610,-1.9610,0,0.0015,OK
dc,ff|on,vbias_V,0.818122,0.818122,0,1e-06,OK
dc,ff|on,iout_uA,14.727013,14.727013,0,0.0015,OK
dc,ff|on,err_pct,-1.8199,-1.8199,0,0.0015,OK
dc,ff|on,vbias_V,0.818122,0.818122,0,1e-06,OK
dc,ff|on,iout_uA,14.745418,14.745418,0,0.0015,OK
dc,ff|on,err_pct,-1.6972,-1.6972,0,0.0015,OK
dc,ff|on,vbias_V,0.818122,0.818122,0,1e-06,OK
dc,ff|on,iout_uA,14.761798,14.761798,0,0.0015,OK
dc,ff|on,err_pct,-1.5880,-1.5880,0,0.0015,OK
dc,ff|on,vbias_V,0.818122,0.818122,0,1e-06,OK
dc,ff|on,iout_uA,14.776618,14.776618,0,0.0015,OK
dc,ff|on,err_pct,-1.4892,-1.4892,0,0.0015,OK
dc,ff|on,vbias_V,0.818122,0.818122,0,1e-06,OK
dc,ff|on,iout_uA,14.790196,14.790196,0,0.0015,OK
dc,ff|on,err_pct,-1.3987,-1.3987,0,0.0015,OK
dc,ff|on,vbias_V,0.818122,0.818122,0,1e-06,OK
dc,ff|on,iout_uA,14.802756,14.802756,0,0.0015,OK
dc,ff|on,err_pct,-1.3150,-1.3150,0,0.0015,OK
dc,ff|on,vbias_V,0.818122,0.818122,0,1e-06,OK
dc,ff|on,iout_uA,14.814467,14.814467,0,0.0015,OK
dc,ff|on,err_pct,-1.2369,-1.2369,0,0.0015,OK
dc,ff|on,vbias_V,0.818122,0.818122,0,1e-06,OK
dc,ff|on,iout_uA,14.825455,14.825455,0,0.0015,OK
dc,ff|on,err_pct,-1.1636,-1.1636,0,0.0015,OK
dc,ff|on,vbias_V,0.818122,0.818122,0,1e-06,OK
dc,ff|on,iout_uA,14.835821,14.835821,0,0.0015,OK
dc,ff|on,err_pct,-1.0945,-1.0945,0,0.0015,OK
dc,ff|on,vbias_V,0.818122,0.818122,0,1e-06,OK
dc,ff|on,iout_uA,14.845642,14.845642,0,0.0015,OK
dc,ff|on,err_pct,-1.0291,-1.0291,0,0.0015,OK
dc,ff|on,vbias_V,0.818122,0.818122,0,1e-06,OK
dc,ff|on,iout_uA,14.854981,14.854981,0,0.0015,OK
dc,ff|on,err_pct,-0.9668,-0.9668,0,0.0015,OK
dc,ff|on,vbias_V,0.818122,0.818122,0,1e-06,OK
dc,ff|on,iout_uA,14.863889,14.863889,0,0.0015,OK
dc,ff|on,err_pct,-0.9074,-0.9074,0,0.0015,OK
dc,ff|on,vbias_V,0.818122,0.818122,0,1e-06,OK
dc,ff|on,iout_uA,14.872406,14.872406,0,0.0015,OK
dc,ff|on,err_pct,-0.8506,-0.8506,0,0.0015,OK
dc,ff|on,vbias_V,0.818122,0.818122,0,1e-06,OK
dc,ff|on,iout_uA,14.880565,14.880565,0,0.0015,OK
dc,ff|on,err_pct,-0.7962,-0.7962,0,0.0015,OK
dc,ff|on,vbias_V,0.818122,0.818122,0,1e-06,OK
dc,ff|on,iout_uA,14.888393,14.888393,0,0.0015,OK
dc,ff|on,err_pct,-0.7440,-0.7440,0,0.0015,OK
dc,ff|on,vbias_V,0.818122,0.818122,0,1e-06,OK
dc,ff|on,iout_uA,14.895909,14.895909,0,0.0015,OK
dc,ff|on,err_pct,-0.6939,-0.6939,0,0.0015,OK
dc,ff|on,vbias_V,0.818122,0.818122,0,1e-06,OK
dc,ff|on,iout_uA,14.903128,14.903128,0,0.0015,OK
dc,ff|on,err_pct,-0.6458,-0.6458,0,0.0015,OK
dc,ff|on,vbias_V,0.818122,0.818122,0,1e-06,OK
dc,ff|on,iout_uA,14.910059,14.910059,0,0.0015,OK
dc,ff|on,err_pct,-0.5996,-0.5996,0,0.0015,OK
dc,ff|on,vbias_V,0.818122,0.818122,0,1e-06,OK
dc,ff|on,iout_uA,14.916704,14.916704,0,0.0015,OK
dc,ff|on,err_pct,-0.5553,-0.5553,0,0.0015,OK
dc,ff|on,vbias_V,0.818122,0.818122,0,1e-06,OK
dc,ff|on,iout_uA,14.923062,14.923062,0,0.0015,OK
dc,ff|on,err_pct,-0.5129,-0.5129,0,0.0015,OK
dc,ff|on,vbias_V,0.818122,0.818122,0,1e-06,OK
dc,ff|on,iout_uA,14.929123,14.929123,0,0.0015,OK
dc,ff|on,err_pct,-0.4725,-0.4725,0,0.0015,OK
dc,ff|on,vbias_V,0.818122,0.818122,0,1e-06,OK
dc,ff|on,iout_uA,14.934871,14.934871,0,0.0015,OK
dc,ff|on,err_pct,-0.4342,-0.4342,0,0.0015,OK
dc,ff|on,vbias_V,0.818122,0.818122,0,1e-06,OK
dc,ff|on,iout_uA,14.940281,14.940281,0,0.0015,OK
dc,ff|on,err_pct,-0.3981,-0.3981,0,0.0015,OK
dc,ff|on,vbias_V,0.818122,0.818122,0,1e-06,OK
dc,ff|on,iout_uA,14.945317,14.945317,0,0.0015,OK
dc,ff|on,err_pct,-0.3646,-0.3646,0,0.0015,OK
dc,ff|on,vbias_V,0.818122,0.818122,0,1e-06,OK
dc,ff|on,iout_uA,14.949931,14.949931,0,0.0015,OK
dc,ff|on,err_pct,-0.3338,-0.3338,0,0.0015,OK
dc,ff|on,vbias_V,0.818122,0.818122,0,1e-06,OK
dc,ff|on,iout_uA,14.954062,14.954062,0,0.0015,OK
dc,ff|on,err_pct,-0.3063,-0.3063,0,0.0015,OK
dc,ff|on,vbias_V,0.818122,0.818122,0,1e-06,OK
dc,ff|on,iout_uA,14.957631,14.957631,0,0.0015,OK
dc,ff|on,err_pct,-0.2825,-0.2825,0,0.0015,OK
dc,ff|on,vbias_V,0.818122,0.818122,0,1e-06,OK
dc,ff|on,iout_uA,14.960540,14.960540,0,0.0015,OK
dc,ff|on,err_pct,-0.2631,-0.2631,0,0.0015,OK
dc,ff|on,vbias_V,0.818122,0.818122,0,1e-06,OK
dc,ff|on,iout_uA,14.962672,14.962672,0,0.0015,OK
dc,ff|on,err_pct,-0.2489,-0.2489,0,0.0015,OK
dc,ff|on,vbias_V,0.818122,0.818122,0,1e-06,OK
dc,ff|on,iout_uA,14.963912,14.963912,0,0.0015,OK
dc,ff|on,err_pct,-0.2406,-0.2406,0,0.0015,OK
dc,ff|on,vbias_V,0.818122,0.818122,0,1e-06,OK
dc,ff|on,iout_uA,14.964356,14.964356,0,0.0015,OK
dc,ff|on,err_pct,-0.2376,-0.2376,0,0.0015,OK
dc,ff|on,vbias_V,0.818122,0.818122,0,1e-06,OK
dc,ff|on,iout_uA,14.964482,14.964482,0,0.0015,OK
dc,ff|on,err_pct,-0.2368,-0.2368,0,0.0015,OK
dc,ff|on,vbias_V,0.818122,0.818122,0,1e-06,OK
dc,ff|on,iout_uA,14.964544,14.964544,0,0.0015,OK
dc,ff|on,err_pct,-0.2364,-0.2364,0,0.0015,OK
dc,ff|on,vbias_V,0.818122,0.818122,0,1e-06,OK
dc,ff|on,iout_uA,14.964588,14.964588,0,0.0015,OK
dc,ff|on,err_pct,-0.2361,-0.2361,0,0.0015,OK
dc,ff|on,vbias_V,0.818122,0.818122,0,1e-06,OK
dc,ff|on,iout_uA,14.964623,14.964623,0,0.0015,OK
dc,ff|on,err_pct,-0.2358,-0.2358,0,0.0015,OK
dc,ff|on,vbias_V,0.818122,0.818122,0,1e-06,OK
dc,ff|on,iout_uA,14.964652,14.964652,0,0.0015,OK
dc,ff|on,err_pct,-0.2357,-0.2357,0,0.0015,OK
dc,ff|on,vbias_V,0.818122,0.818122,0,1e-06,OK
dc,ff|on,iout_uA,14.964678,14.964678,0,0.0015,OK
dc,ff|on,err_pct,-0.2355,-0.2355,0,0.0015,OK
dc,ff|on,vbias_V,0.818122,0.818122,0,1e-06,OK
dc,ff|on,iout_uA,14.964701,14.964701,0,0.0015,OK
dc,ff|on,err_pct,-0.2353,-0.2353,0,0.0015,OK
dc,ff|on,vbias_V,0.818122,0.818122,0,1e-06,OK
dc,ff|on,iout_uA,14.964721,14.964721,0,0.0015,OK
dc,ff|on,err_pct,-0.2352,-0.2352,0,0.0015,OK
dc,ff|on,vbias_V,0.818122,0.818122,0,1e-06,OK
dc,ff|on,iout_uA,14.964740,14.964740,0,0.0015,OK
dc,ff|on,err_pct,-0.2351,-0.2351,0,0.0015,OK
dc,ff|on,vbias_V,0.818122,0.818122,0,1e-06,OK
dc,ff|on,iout_uA,14.964758,14.964758,0,0.0015,OK
dc,ff|on,err_pct,-0.2349,-0.2349,0,0.0015,OK
dc,ff|on,vbias_V,0.818122,0.818122,0,1e-06,OK
dc,ff|on,iout_uA,14.964775,14.964775,0,0.0015,OK
dc,ff|on,err_pct,-0.2348,-0.2348,0,0.0015,OK
dc,ff|on,vbias_V,0.818122,0.818122,0,1e-06,OK
dc,ff|on,iout_uA,14.964790,14.964790,0,0.0015,OK
dc,ff|on,err_pct,-0.2347,-0.2347,0,0.0015,OK
dc,ff|on,vbias_V,0.818122,0.818122,0,1e-06,OK
dc,ff|on,iout_uA,14.964805,14.964805,0,0.0015,OK
dc,ff|on,err_pct,-0.2346,-0.2346,0,0.0015,OK
dc,ff|on,vbias_V,0.818122,0.818122,0,1e-06,OK
dc,ff|on,iout_uA,14.964819,14.964819,0,0.0015,OK
dc,ff|on,err_pct,-0.2345,-0.2345,0,0.0015,OK
dc,ff|on,vbias_V,0.818122,0.818122,0,1e-06,OK
dc,ff|on,iout_uA,14.964832,14.964832,0,0.0015,OK
dc,ff|on,err_pct,-0.2345,-0.2345,0,0.0015,OK
dc,ff|on,vbias_V,0.818122,0.818122,0,1e-06,OK
dc,ff|on,iout_uA,14.964845,14.964845,0,0.0015,OK
dc,ff|on,err_pct,-0.2344,-0.2344,0,0.0015,OK
dc,ff|on,vbias_V,0.818122,0.818122,0,1e-06,OK
dc,ff|on,iout_uA,14.964858,14.964858,0,0.0015,OK
dc,ff|on,err_pct,-0.2343,-0.2343,0,0.0015,OK
dc,ff|on,vbias_V,0.818122,0.818122,0,1e-06,OK
dc,ff|on,iout_uA,14.964869,14.964869,0,0.0015,OK
dc,ff|on,err_pct,-0.2342,-0.2342,0,0.0015,OK
dc,ff|on,vbias_V,0.818122,0.818122,0,1e-06,OK
dc,ff|on,iout_uA,14.964881,14.964881,0,0.0015,OK
dc,ff|on,err_pct,-0.2341,-0.2341,0,0.0015,OK
dc,ff|on,vbias_V,0.818122,0.818122,0,1e-06,OK
dc,ff|on,iout_uA,14.964892,14.964892,0,0.0015,OK
dc,ff|on,err_pct,-0.2341,-0.2341,0,0.0015,OK
dc,ff|on,vbias_V,0.818122,0.818122,0,1e-06,OK
dc,ff|on,iout_uA,14.964903,14.964903,0,0.0015,OK
dc,ff|on,err_pct,-0.2340,-0.2340,0,0.0015,OK
dc,ff|on,vbias_V,0.818122,0.818122,0,1e-06,OK
dc,ff|on,iout_uA,14.964913,14.964913,0,0.0015,OK
dc,ff|on,err_pct,-0.2339,-0.2339,0,0.0015,OK
dc,ff|on,vbias_V,0.818122,0.818122,0,1e-06,OK
dc,ff|on,iout_uA,14.964923,14.964923,0,0.0015,OK
dc,ff|on,err_pct,-0.2338,-0.2338,0,0.0015,OK
dc,ff|on,vbias_V,0.818122,0.818122,0,1e-06,OK
dc,ff|on,iout_uA,14.964933,14.964933,0,0.0015,OK
dc,ff|on,err_pct,-0.2338,-0.2338,0,0.0015,OK
dc,ff|on,vbias_V,0.818122,0.818122,0,1e-06,OK
dc,ff|on,iout_uA,14.964943,14.964943,0,0.0015,OK
dc,ff|on,err_pct,-0.2337,-0.2337,0,0.0015,OK
dc,ff|on,vbias_V,0.818122,0.818122,0,1e-06,OK
dc,ff|on,iout_uA,14.964952,14.964952,0,0.0015,OK
dc,ff|on,err_pct,-0.2337,-0.2337,0,0.0015,OK
dc,ff|on,vbias_V,0.818122,0.818122,0,1e-06,OK
dc,ff|on,iout_uA,14.964962,14.964962,0,0.0015,OK
dc,ff|on,err_pct,-0.2336,-0.2336,0,0.0015,OK
dc,ff|on,vbias_V,0.818122,0.818122,0,1e-06,OK
dc,ff|on,iout_uA,14.964971,14.964971,0,0.0015,OK
dc,ff|on,err_pct,-0.2335,-0.2335,0,0.0015,OK
dc,ff|on,vbias_V,0.818122,0.818122,0,1e-06,OK
dc,ff|on,iout_uA,14.964979,14.964979,0,0.0015,OK
dc,ff|on,err_pct,-0.2335,-0.2335,0,0.0015,OK
dc,ff|on,vbias_V,0.818122,0.818122,0,1e-06,OK
dc,ff|on,iout_uA,14.964988,14.964988,0,0.0015,OK
dc,ff|on,err_pct,-0.2334,-0.2334,0,0.0015,OK
dc,ff|on,vbias_V,0.818122,0.818122,0,1e-06,OK
dc,ff|on,iout_uA,14.964997,14.964997,0,0.0015,OK
dc,ff|on,err_pct,-0.2334,-0.2334,0,0.0015,OK
dc,ff|on,vbias_V,0.818122,0.818122,0,1e-06,OK
dc,ff|on,iout_uA,14.965005,14.965005,0,0.0015,OK
dc,ff|on,err_pct,-0.2333,-0.2333,0,0.0015,OK
dc,ff|on,vbias_V,0.818122,0.818122,0,1e-06,OK
dc,ff|on,iout_uA,14.965013,14.965013,0,0.0015,OK
dc,ff|on,err_pct,-0.2332,-0.2332,0,0.0015,OK
dc,ff|on,vbias_V,0.818122,0.818122,0,1e-06,OK
dc,ff|on,iout_uA,14.965022,14.965022,0,0.0015,OK
dc,ff|on,err_pct,-0.2332,-0.2332,0,0.0015,OK
dc,ff|on,vbias_V,0.818122,0.818122,0,1e-06,OK
dc,ff|on,iout_uA,14.965030,14.965030,0,0.0015,OK
dc,ff|on,err_pct,-0.2331,-0.2331,0,0.0015,OK
dc,ff|on,vbias_V,0.818122,0.818122,0,1e-06,OK
dc,ff|on,iout_uA,14.965037,14.965037,0,0.0015,OK
dc,ff|on,err_pct,-0.2331,-0.2331,0,0.0015,OK
dc,ff|on,vbias_V,0.818122,0.818122,0,1e-06,OK
dc,ff|on,iout_uA,14.965045,14.965045,0,0.0015,OK
dc,ff|on,err_pct,-0.2330,-0.2330,0,0.0015,OK
dc,ff|on,vbias_V,0.818122,0.818122,0,1e-06,OK
dc,ff|on,iout_uA,14.965053,14.965053,0,0.0015,OK
dc,ff|on,err_pct,-0.2330,-0.2330,0,0.0015,OK
dc,ff|on,vbias_V,0.818122,0.818122,0,1e-06,OK
dc,ff|on,iout_uA,14.965061,14.965061,0,0.0015,OK
dc,ff|on,err_pct,-0.2329,-0.2329,0,0.0015,OK
dc,ff|on,vbias_V,0.818122,0.818122,0,1e-06,OK
dc,ff|on,iout_uA,14.965068,14.965068,0,0.0015,OK
dc,ff|on,err_pct,-0.2329,-0.2329,0,0.0015,OK
dc,ff|on,vbias_V,0.818122,0.818122,0,1e-06,OK
dc,ff|on,iout_uA,14.965076,14.965076,0,0.0015,OK
dc,ff|on,err_pct,-0.2328,-0.2328,0,0.0015,OK
dc,ff|on,vbias_V,0.818122,0.818122,0,1e-06,OK
dc,ff|on,iout_uA,14.965083,14.965083,0,0.0015,OK
dc,ff|on,err_pct,-0.2328,-0.2328,0,0.0015,OK
dc,ff|on,vbias_V,0.818122,0.818122,0,1e-06,OK
dc,ff|on,iout_uA,14.965090,14.965090,0,0.0015,OK
dc,ff|on,err_pct,-0.2327,-0.2327,0,0.0015,OK
dc,ff|on,vbias_V,0.818122,0.818122,0,1e-06,OK
dc,ff|on,iout_uA,14.965097,14.965097,0,0.0015,OK
dc,ff|on,err_pct,-0.2327,-0.2327,0,0.0015,OK
dc,ff|on,vbias_V,0.818122,0.818122,0,1e-06,OK
dc,ff|on,iout_uA,14.965104,14.965104,0,0.0015,OK
dc,ff|on,err_pct,-0.2326,-0.2326,0,0.0015,OK
dc,ff|on,vbias_V,0.818122,0.818122,0,1e-06,OK
dc,ff|on,iout_uA,14.965111,14.965111,0,0.0015,OK
dc,ff|on,err_pct,-0.2326,-0.2326,0,0.0015,OK
dc,ff|on,vbias_V,0.818122,0.818122,0,1e-06,OK
dc,ff|on,iout_uA,14.965118,14.965118,0,0.0015,OK
dc,ff|on,err_pct,-0.2325,-0.2325,0,0.0015,OK
dc,ff|on,vbias_V,0.818122,0.818122,0,1e-06,OK
dc,ff|on,iout_uA,14.965125,14.965125,0,0.0015,OK
dc,ff|on,err_pct,-0.2325,-0.2325,0,0.0015,OK
dc,ff|on,vbias_V,0.818122,0.818122,0,1e-06,OK
dc,ff|on,iout_uA,14.965132,14.965132,0,0.0015,OK
dc,ff|on,err_pct,-0.2325,-0.2325,0,0.0015,OK
dc,ff|on,vbias_V,0.818122,0.818122,0,1e-06,OK
dc,ff|on,iout_uA,14.965139,14.965139,0,0.0015,OK
dc,ff|on,err_pct,-0.2324,-0.2324,0,0.0015,OK
dc,ff|on,vbias_V,0.818122,0.818122,0,1e-06,OK
dc,ff|on,iout_uA,14.965146,14.965146,0,0.0015,OK
dc,ff|on,err_pct,-0.2324,-0.2324,0,0.0015,OK
dc,ff|on,vbias_V,0.818122,0.818122,0,1e-06,OK
dc,ff|on,iout_uA,14.965152,14.965152,0,0.0015,OK
dc,ff|on,err_pct,-0.2323,-0.2323,0,0.0015,OK
dc,ff|on,vbias_V,0.818122,0.818122,0,1e-06,OK
dc,ff|on,iout_uA,14.965159,14.965159,0,0.0015,OK
dc,ff|on,err_pct,-0.2323,-0.2323,0,0.0015,OK
dc,ff|on,vbias_V,0.818122,0.818122,0,1e-06,OK
dc,ff|on,iout_uA,14.965166,14.965166,0,0.0015,OK
dc,ff|on,err_pct,-0.2322,-0.2322,0,0.0015,OK
dc,ff|on,vbias_V,0.818122,0.818122,0,1e-06,OK
dc,ff|on,iout_uA,14.965172,14.965172,0,0.0015,OK
dc,ff|on,err_pct,-0.2322,-0.2322,0,0.0015,OK
dc,ff|on,vbias_V,0.818122,0.818122,0,1e-06,OK
dc,ff|on,iout_uA,14.965179,14.965179,0,0.0015,OK
dc,ff|on,err_pct,-0.2321,-0.2321,0,0.0015,OK
dc,ff|on,vbias_V,0.818122,0.818122,0,1e-06,OK
dc,ff|on,iout_uA,14.965185,14.965185,0,0.0015,OK
dc,ff|on,err_pct,-0.2321,-0.2321,0,0.0015,OK
dc,ff|on,vbias_V,0.818122,0.818122,0,1e-06,OK
dc,ff|on,iout_uA,14.965191,14.965191,0,0.0015,OK
dc,ff|on,err_pct,-0.2321,-0.2321,0,0.0015,OK
dc,ff|on,vbias_V,0.818122,0.818122,0,1e-06,OK
dc,ff|on,iout_uA,14.965198,14.965198,0,0.0015,OK
dc,ff|on,err_pct,-0.2320,-0.2320,0,0.0015,OK
dc,ff|on,vbias_V,0.818122,0.818122,0,1e-06,OK
dc,ff|on,iout_uA,14.965204,14.965204,0,0.0015,OK
dc,ff|on,err_pct,-0.2320,-0.2320,0,0.0015,OK
dc,ff|on,vbias_V,0.818122,0.818122,0,1e-06,OK
dc,ff|on,iout_uA,14.965211,14.965211,0,0.0015,OK
dc,ff|on,err_pct,-0.2319,-0.2319,0,0.0015,OK
dc,ff|on,vbias_V,0.818122,0.818122,0,1e-06,OK
dc,ff|on,iout_uA,14.965217,14.965217,0,0.0015,OK
dc,ff|on,err_pct,-0.2319,-0.2319,0,0.0015,OK
dc,ff|on,vbias_V,0.818122,0.818122,0,1e-06,OK
dc,ff|on,iout_uA,14.965223,14.965223,0,0.0015,OK
dc,ff|on,err_pct,-0.2318,-0.2318,0,0.0015,OK
dc,ff|on,vbias_V,0.818122,0.818122,0,1e-06,OK
dc,ff|on,iout_uA,14.965230,14.965230,0,0.0015,OK
dc,ff|on,err_pct,-0.2318,-0.2318,0,0.0015,OK
dc,ff|on,vbias_V,0.818122,0.818122,0,1e-06,OK
dc,ff|on,iout_uA,14.965236,14.965236,0,0.0015,OK
dc,ff|on,err_pct,-0.2318,-0.2318,0,0.0015,OK
dc,ff|on,vbias_V,0.818122,0.818122,0,1e-06,OK
dc,ff|on,iout_uA,14.965242,14.965242,0,0.0015,OK
dc,ff|on,err_pct,-0.2317,-0.2317,0,0.0015,OK
dc,ff|on,vbias_V,0.818122,0.818122,0,1e-06,OK
dc,ff|on,iout_uA,14.965249,14.965249,0,0.0015,OK
dc,ff|on,err_pct,-0.2317,-0.2317,0,0.0015,OK
dc,ff|on,vbias_V,0.818122,0.818122,0,1e-06,OK
dc,ff|on,iout_uA,14.965256,14.965256,0,0.0015,OK
dc,ff|on,err_pct,-0.2316,-0.2316,0,0.0015,OK
dc,ff|on,vbias_V,0.818122,0.818122,0,1e-06,OK
dc,ff|on,iout_uA,14.965262,14.965262,0,0.0015,OK
dc,ff|on,err_pct,-0.2316,-0.2316,0,0.0015,OK
dc,ff|on,vbias_V,0.818122,0.818122,0,1e-06,OK
dc,ff|on,iout_uA,14.965269,14.965269,0,0.0015,OK
dc,ff|on,err_pct,-0.2315,-0.2315,0,0.0015,OK
dc,ff|on,vbias_V,0.818122,0.818122,0,1e-06,OK
dc,ff|on,iout_uA,14.965277,14.965277,0,0.0015,OK
dc,ff|on,err_pct,-0.2315,-0.2315,0,0.0015,OK
dc,ff|on,vbias_V,0.818122,0.818122,0,1e-06,OK
dc,ff|on,iout_uA,14.965284,14.965284,0,0.0015,OK
dc,ff|on,err_pct,-0.2314,-0.2314,0,0.0015,OK
dc,ff|on,vbias_V,0.818122,0.818122,0,1e-06,OK
dc,ff|on,iout_uA,14.965292,14.965292,0,0.0015,OK
dc,ff|on,err_pct,-0.2314,-0.2314,0,0.0015,OK
dc,ff|on,vbias_V,0.818122,0.818122,0,1e-06,OK
dc,ff|on,iout_uA,14.965301,14.965301,0,0.0015,OK
dc,ff|on,err_pct,-0.2313,-0.2313,0,0.0015,OK
dc,ff|on,vbias_V,0.818122,0.818122,0,1e-06,OK
dc,ff|on,iout_uA,14.965310,14.965310,0,0.0015,OK
dc,ff|on,err_pct,-0.2313,-0.2313,0,0.0015,OK
dc,ff|on,vbias_V,0.818122,0.818122,0,1e-06,OK
dc,ff|on,iout_uA,14.965320,14.965320,0,0.0015,OK
dc,ff|on,err_pct,-0.2312,-0.2312,0,0.0015,OK
dc,ff|on,vbias_V,0.818122,0.818122,0,1e-06,OK
dc,ff|on,iout_uA,14.965331,14.965331,0,0.0015,OK
dc,ff|on,err_pct,-0.2311,-0.2311,0,0.0015,OK
dc,ff|on,vbias_V,0.818122,0.818122,0,1e-06,OK
dc,ff|on,iout_uA,14.965343,14.965343,0,0.0015,OK
dc,ff|on,err_pct,-0.2310,-0.2310,0,0.0015,OK
dc,ff|on,vbias_V,0.818122,0.818122,0,1e-06,OK
dc,ff|on,iout_uA,14.965356,14.965356,0,0.0015,OK
dc,ff|on,err_pct,-0.2310,-0.2310,0,0.0015,OK
dc,ff|on,vbias_V,0.818122,0.818122,0,1e-06,OK
dc,ff|on,iout_uA,14.965371,14.965371,0,0.0015,OK
dc,ff|on,err_pct,-0.2309,-0.2309,0,0.0015,OK
dc,ff|on,vbias_V,0.818122,0.818122,0,1e-06,OK
dc,ff|on,iout_uA,14.965388,14.965388,0,0.0015,OK
dc,ff|on,err_pct,-0.2307,-0.2307,0,0.0015,OK
dc,ff|on,vbias_V,0.818122,0.818122,0,1e-06,OK
dc,ff|on,iout_uA,14.965407,14.965407,0,0.0015,OK
dc,ff|on,err_pct,-0.2306,-0.2306,0,0.0015,OK
dc,ff|on,vbias_V,0.818122,0.818122,0,1e-06,OK
dc,ff|on,iout_uA,14.965429,14.965429,0,0.0015,OK
dc,ff|on,err_pct,-0.2305,-0.2305,0,0.0015,OK
dc,ff|on,vbias_V,0.818122,0.818122,0,1e-06,OK
dc,ff|on,iout_uA,14.965454,14.965454,0,0.0015,OK
dc,ff|on,err_pct,-0.2303,-0.2303,0,0.0015,OK
dc,ff|on,vbias_V,0.818122,0.818122,0,1e-06,OK
dc,ff|on,iout_uA,14.965483,14.965483,0,0.0015,OK
dc,ff|on,err_pct,-0.2301,-0.2301,0,0.0015,OK
dc,ff|on,vbias_V,0.818122,0.818122,0,1e-06,OK
dc,ff|on,iout_uA,14.965515,14.965515,0,0.0015,OK
dc,ff|on,err_pct,-0.2299,-0.2299,0,0.0015,OK
dc,ff|on,vbias_V,0.818122,0.818122,0,1e-06,OK
dc,ff|on,iout_uA,14.965553,14.965553,0,0.0015,OK
dc,ff|on,err_pct,-0.2296,-0.2296,0,0.0015,OK
dc,ff|on,vbias_V,0.818122,0.818122,0,1e-06,OK
dc,ff|on,iout_uA,14.965596,14.965596,0,0.0015,OK
dc,ff|on,err_pct,-0.2294,-0.2294,0,0.0015,OK
dc,ff|on,vbias_V,0.818122,0.818122,0,1e-06,OK
dc,ff|on,iout_uA,14.965645,14.965645,0,0.0015,OK
dc,ff|on,err_pct,-0.2290,-0.2290,0,0.0015,OK
dc,ff|on,vbias_V,0.818122,0.818122,0,1e-06,OK
dc,ff|on,iout_uA,14.965702,14.965702,0,0.0015,OK
dc,ff|on,err_pct,-0.2287,-0.2287,0,0.0015,OK
dc,ff|on,vbias_V,0.818122,0.818122,0,1e-06,OK
dc,ff|on,iout_uA,14.965767,14.965767,0,0.0015,OK
dc,ff|on,err_pct,-0.2282,-0.2282,0,0.0015,OK
dc,ff|on,vbias_V,0.818122,0.818122,0,1e-06,OK
dc,ff|on,iout_uA,14.965841,14.965841,0,0.0015,OK
dc,ff|on,err_pct,-0.2277,-0.2277,0,0.0015,OK
dc,ff|on,vbias_V,0.818122,0.818122,0,1e-06,OK
dc,ff|on,iout_uA,14.965926,14.965926,0,0.0015,OK
dc,ff|on,err_pct,-0.2272,-0.2272,0,0.0015,OK
dc,ff|on,vbias_V,0.818122,0.818122,0,1e-06,OK
dc,ff|on,iout_uA,14.966023,14.966023,0,0.0015,OK
dc,ff|on,err_pct,-0.2265,-0.2265,0,0.0015,OK
dc,ff|on,vbias_V,0.818122,0.818122,0,1e-06,OK
dc,ff|on,iout_uA,14.966133,14.966133,0,0.0015,OK
dc,ff|on,err_pct,-0.2258,-0.2258,0,0.0015,OK
dc,ff|on,vbias_V,0.818122,0.818122,0,1e-06,OK
dc,ff|on,iout_uA,14.966258,14.966258,0,0.0015,OK
dc,ff|on,err_pct,-0.2249,-0.2249,0,0.0015,OK
dc,ff|on,vbias_V,0.818122,0.818122,0,1e-06,OK
dc,ff|on,iout_uA,14.966399,14.966399,0,0.0015,OK
dc,ff|on,err_pct,-0.2240,-0.2240,0,0.0015,OK
dc,ff|on,vbias_V,0.818122,0.818122,0,1e-06,OK
dc,ff|on,iout_uA,14.966560,14.966560,0,0.0015,OK
dc,ff|on,err_pct,-0.2229,-0.2229,0,0.0015,OK
dc,ff|on,vbias_V,0.818122,0.818122,0,1e-06,OK
dc,ff|on,iout_uA,14.966741,14.966741,0,0.0015,OK
dc,ff|on,err_pct,-0.2217,-0.2217,0,0.0015,OK
dc,ff|on,vbias_V,0.818122,0.818122,0,1e-06,OK
dc,ff|on,iout_uA,14.966944,14.966944,0,0.0015,OK
dc,ff|on,err_pct,-0.2204,-0.2204,0,0.0015,OK
dc,ff|on,vbias_V,0.818122,0.818122,0,1e-06,OK
dc,ff|on,iout_uA,14.967174,14.967174,0,0.0015,OK
dc,ff|on,err_pct,-0.2188,-0.2188,0,0.0015,OK
dc,ff|on,vbias_V,0.818122,0.818122,0,1e-06,OK
dc,ff|on,iout_uA,14.967431,14.967431,0,0.0015,OK
dc,ff|on,err_pct,-0.2171,-0.2171,0,0.0015,OK
dc,ff|on,vbias_V,0.818122,0.818122,0,1e-06,OK
dc,ff|on,iout_uA,14.967719,14.967719,0,0.0015,OK
dc,ff|on,err_pct,-0.2152,-0.2152,0,0.0015,OK
dc,ff|on,vbias_V,0.818122,0.818122,0,1e-06,OK
dc,ff|on,iout_uA,14.968041,14.968041,0,0.0015,OK
dc,ff|on,err_pct,-0.2131,-0.2131,0,0.0015,OK
dc,ff|on,vbias_V,0.818122,0.818122,0,1e-06,OK
dc,ff|on,iout_uA,14.968400,14.968400,0,0.0015,OK
dc,ff|on,err_pct,-0.2107,-0.2107,0,0.0015,OK
dc,ff|on,vbias_V,0.818122,0.818122,0,1e-06,OK
dc,ff|on,iout_uA,14.968800,14.968800,0,0.0015,OK
dc,ff|on,err_pct,-0.2080,-0.2080,0,0.0015,OK
dc,ff|on,vbias_V,0.818122,0.818122,0,1e-06,OK
dc,ff|on,iout_uA,14.969245,14.969245,0,0.0015,OK
dc,ff|on,err_pct,-0.2050,-0.2050,0,0.0015,OK
dc,ff|on,vbias_V,0.818122,0.818122,0,1e-06,OK
dc,ff|on,iout_uA,14.969737,14.969737,0,0.0015,OK
dc,ff|on,err_pct,-0.2018,-0.2018,0,0.0015,OK
dc,ff|on,vbias_V,0.818122,0.818122,0,1e-06,OK
dc,ff|on,iout_uA,14.970283,14.970283,0,0.0015,OK
dc,ff|on,err_pct,-0.1981,-0.1981,0,0.0015,OK
dc,ff|on,vbias_V,0.818122,0.818122,0,1e-06,OK
dc,ff|on,iout_uA,14.970885,14.970885,0,0.0015,OK
dc,ff|on,err_pct,-0.1941,-0.1941,0,0.0015,OK
dc,ff|on,vbias_V,0.818122,0.818122,0,1e-06,OK
dc,ff|on,iout_uA,14.971550,14.971550,0,0.0015,OK
dc,ff|on,err_pct,-0.1897,-0.1897,0,0.0015,OK
dc,ff|on,vbias_V,0.818122,0.818122,0,1e-06,OK
dc,ff|on,iout_uA,14.972282,14.972282,0,0.0015,OK
dc,ff|on,err_pct,-0.1848,-0.1848,0,0.0015,OK
dc,ff|on,vbias_V,0.818122,0.818122,0,1e-06,OK
dc,ff|on,iout_uA,14.973087,14.973087,0,0.0015,OK
dc,ff|on,err_pct,-0.1794,-0.1794,0,0.0015,OK
dc,ff|on,vbias_V,0.818122,0.818122,0,1e-06,OK
dc,ff|on,iout_uA,14.973969,14.973969,0,0.0015,OK
dc,ff|on,err_pct,-0.1735,-0.1735,0,0.0015,OK
dc,ff|on,vbias_V,0.818122,0.818122,0,1e-06,OK
dc,ff|on,iout_uA,14.974936,14.974936,0,0.0015,OK
dc,ff|on,err_pct,-0.1671,-0.1671,0,0.0015,OK
dc,ff|on,vbias_V,0.818122,0.818122,0,1e-06,OK
dc,ff|on,iout_uA,14.975994,14.975994,0,0.0015,OK
dc,ff|on,err_pct,-0.1600,-0.1600,0,0.0015,OK
dc,ff|on,vbias_V,0.818122,0.818122,0,1e-06,OK
dc,ff|on,iout_uA,14.977149,14.977149,0,0.0015,OK
dc,ff|on,err_pct,-0.1523,-0.1523,0,0.0015,OK
dc,ff|on,vbias_V,0.818122,0.818122,0,1e-06,OK
dc,ff|on,iout_uA,14.978409,14.978409,0,0.0015,OK
dc,ff|on,err_pct,-0.1439,-0.1439,0,0.0015,OK
dc,ff|on,vbias_V,0.818122,0.818122,0,1e-06,OK
dc,ff|on,iout_uA,14.979780,14.979780,0,0.0015,OK
dc,ff|on,err_pct,-0.1348,-0.1348,0,0.0015,OK
dc,ff|on,vbias_V,0.818122,0.818122,0,1e-06,OK
dc,ff|on,iout_uA,14.981271,14.981271,0,0.0015,OK
dc,ff|on,err_pct,-0.1249,-0.1249,0,0.0015,OK
dc,ff|on,vbias_V,0.818122,0.818122,0,1e-06,OK
dc,ff|on,iout_uA,14.982890,14.982890,0,0.0015,OK
dc,ff|on,err_pct,-0.1141,-0.1141,0,0.0015,OK
dc,ff|on,vbias_V,0.818122,0.818122,0,1e-06,OK
dc,ff|on,iout_uA,14.984645,14.984645,0,0.0015,OK
dc,ff|on,err_pct,-0.1024,-0.1024,0,0.0015,OK
dc,ff|on,vbias_V,0.818122,0.818122,0,1e-06,OK
dc,ff|on,iout_uA,14.986544,14.986544,0,0.0015,OK
dc,ff|on,err_pct,-0.0897,-0.0897,0,0.0015,OK
dc,ff|on,vbias_V,0.818122,0.818122,0,1e-06,OK
dc,ff|on,iout_uA,14.988599,14.988599,0,0.0015,OK
dc,ff|on,err_pct,-0.0760,-0.0760,0,0.0015,OK
dc,ff|on,vbias_V,0.818122,0.818122,0,1e-06,OK
dc,ss|off,iout_uA,-0.000000,-0.000000,0,0.0015,OK
dc,ss|off,err_pct,-100.0000,-100.0000,0,0.0015,OK
dc,ss|off,vbias_V,0.951454,0.951454,0,1e-06,OK
dc,ss|off,iout_uA,0.000000,0.000000,0,0.0015,OK
dc,ss|off,err_pct,-100.0000,-100.0000,0,0.0015,OK
dc,ss|off,vbias_V,0.951269,0.951269,0,1e-06,OK
dc,ss|off,iout_uA,0.000000,0.000000,0,0.0015,OK
dc,ss|off,err_pct,-100.0000,-100.0000,0,0.0015,OK
dc,ss|off,vbias_V,0.951269,0.951269,0,1e-06,OK
dc,ss|off,iout_uA,0.000000,0.000000,0,0.0015,OK
dc,ss|off,err_pct,-100.0000,-100.0000,0,0.0015,OK
dc,ss|off,vbias_V,0.951269,0.951269,0,1e-06,OK
dc,ss|off,iout_uA,0.000000,0.000000,0,0.0015,OK
dc,ss|off,err_pct,-100.0000,-100.0000,0,0.0015,OK
dc,ss|off,vbias_V,0.951269,0.951269,0,1e-06,OK
dc,ss|off,iout_uA,0.000000,0.000000,0,0.0015,OK
dc,ss|off,err_pct,-100.0000,-100.0000,0,0.0015,OK
dc,ss|off,vbias_V,0.951269,0.951269,0,1e-06,OK
dc,ss|off,iout_uA,0.000000,0.000000,0,0.0015,OK
dc,ss|off,err_pct,-100.0000,-100.0000,0,0.0015,OK
dc,ss|off,vbias_V,0.951269,0.951269,0,1e-06,OK
dc,ss|off,iout_uA,0.000000,0.000000,0,0.0015,OK
dc,ss|off,err_pct,-100.0000,-100.0000,0,0.0015,OK
dc,ss|off,vbias_V,0.951269,0.951269,0,1e-06,OK
dc,ss|off,iout_uA,0.000000,0.000000,0,0.0015,OK
dc,ss|off,err_pct,-100.0000,-100.0000,0,0.0015,OK
dc,ss|off,vbias_V,0.951269,0.951269,0,1e-06,OK
dc,ss|off,iout_uA,0.000000,0.000000,0,0.0015,OK
dc,ss|off,err_pct,-100.0000,-100.0000,0,0.0015,OK
dc,ss|off,vbias_V,0.951269,0.951269,0,1e-06,OK
dc,ss|off,iout_uA,0.000000,0.000000,0,0.0015,OK
dc,ss|off,err_pct,-100.0000,-100.0000,0,0.0015,OK
dc,ss|off,vbias_V,0.951269,0.951269,0,1e-06,OK
dc,ss|off,iout_uA,0.000000,0.000000,0,0.0015,OK
dc,ss|off,err_pct,-100.0000,-100.0000,0,0.0015,OK
dc,ss|off,vbias_V,0.951269,0.951269,0,1e-06,OK
dc,ss|off,iout_uA,0.000000,0.000000,0,0.0015,OK
dc,ss|off,err_pct,-100.0000,-100.0000,0,0.0015,OK
dc,ss|off,vbias_V,0.951269,0.951269,0,1e-06,OK
dc,ss|off,iout_uA,0.000000,0.000000,0,0.0015,OK
dc,ss|off,err_pct,-100.0000,-100.0000,0,0.0015,OK
dc,ss|off,vbias_V,0.951269,0.951269,0,1e-06,OK
dc,ss|off,iout_uA,0.000000,0.000000,0,0.0015,OK
dc,ss|off,err_pct,-100.0000,-100.0000,0,0.0015,OK
dc,ss|off,vbias_V,0.951269,0.951269,0,1e-06,OK
dc,ss|off,iout_uA,0.000000,0.000000,0,0.0015,OK
dc,ss|off,err_pct,-100.0000,-100.0000,0,0.0015,OK
dc,ss|off,vbias_V,0.951269,0.951269,0,1e-06,OK
dc,ss|off,iout_uA,0.000000,0.000000,0,0.0015,OK
dc,ss|off,err_pct,-100.0000,-100.0000,0,0.0015,OK
dc,ss|off,vbias_V,0.951269,0.951269,0,1e-06,OK
dc,ss|off,iout_uA,0.000000,0.000000,0,0.0015,OK
dc,ss|off,err_pct,-100.0000,-100.0000,0,0.0015,OK
dc,ss|off,vbias_V,0.951269,0.951269,0,1e-06,OK
dc,ss|off,iout_uA,0.000000,0.000000,0,0.0015,OK
dc,ss|off,err_pct,-100.0000,-100.0000,0,0.0015,OK
dc,ss|off,vbias_V,0.951269,0.951269,0,1e-06,OK
dc,ss|off,iout_uA,0.000000,0.000000,0,0.0015,OK
dc,ss|off,err_pct,-100.0000,-100.0000,0,0.0015,OK
dc,ss|off,vbias_V,0.951269,0.951269,0,1e-06,OK
dc,ss|off,iout_uA,0.000000,0.000000,0,0.0015,OK
dc,ss|off,err_pct,-100.0000,-100.0000,0,0.0015,OK
dc,ss|off,vbias_V,0.951269,0.951269,0,1e-06,OK
dc,ss|off,iout_uA,0.000000,0.000000,0,0.0015,OK
dc,ss|off,err_pct,-100.0000,-100.0000,0,0.0015,OK
dc,ss|off,vbias_V,0.951269,0.951269,0,1e-06,OK
dc,ss|off,iout_uA,0.000000,0.000000,0,0.0015,OK
dc,ss|off,err_pct,-100.0000,-100.0000,0,0.0015,OK
dc,ss|off,vbias_V,0.951269,0.951269,0,1e-06,OK
dc,ss|off,iout_uA,0.000000,0.000000,0,0.0015,OK
dc,ss|off,err_pct,-100.0000,-100.0000,0,0.0015,OK
dc,ss|off,vbias_V,0.951269,0.951269,0,1e-06,OK
dc,ss|off,iout_uA,0.000000,0.000000,0,0.0015,OK
dc,ss|off,err_pct,-100.0000,-100.0000,0,0.0015,OK
dc,ss|off,vbias_V,0.951269,0.951269,0,1e-06,OK
dc,ss|off,iout_uA,0.000000,0.000000,0,0.0015,OK
dc,ss|off,err_pct,-100.0000,-100.0000,0,0.0015,OK
dc,ss|off,vbias_V,0.951269,0.951269,0,1e-06,OK
dc,ss|off,iout_uA,0.000000,0.000000,0,0.0015,OK
dc,ss|off,err_pct,-100.0000,-100.0000,0,0.0015,OK
dc,ss|off,vbias_V,0.951269,0.951269,0,1e-06,OK
dc,ss|off,iout_uA,0.000000,0.000000,0,0.0015,OK
dc,ss|off,err_pct,-100.0000,-100.0000,0,0.0015,OK
dc,ss|off,vbias_V,0.951269,0.951269,0,1e-06,OK
dc,ss|off,iout_uA,0.000000,0.000000,0,0.0015,OK
dc,ss|off,err_pct,-100.0000,-100.0000,0,0.0015,OK
dc,ss|off,vbias_V,0.951269,0.951269,0,1e-06,OK
dc,ss|off,iout_uA,0.000000,0.000000,0,0.0015,OK
dc,ss|off,err_pct,-100.0000,-100.0000,0,0.0015,OK
dc,ss|off,vbias_V,0.951269,0.951269,0,1e-06,OK
dc,ss|off,iout_uA,0.000000,0.000000,0,0.0015,OK
dc,ss|off,err_pct,-100.0000,-100.0000,0,0.0015,OK
dc,ss|off,vbias_V,0.951269,0.951269,0,1e-06,OK
dc,ss|off,iout_uA,0.000000,0.000000,0,0.0015,OK
dc,ss|off,err_pct,-100.0000,-100.0000,0,0.0015,OK
dc,ss|off,vbias_V,0.951269,0.951269,0,1e-06,OK
dc,ss|off,iout_uA,0.000000,0.000000,0,0.0015,OK
dc,ss|off,err_pct,-100.0000,-100.0000,0,0.0015,OK
dc,ss|off,vbias_V,0.951269,0.951269,0,1e-06,OK
dc,ss|off,iout_uA,0.000000,0.000000,0,0.0015,OK
dc,ss|off,err_pct,-100.0000,-100.0000,0,0.0015,OK
dc,ss|off,vbias_V,0.951269,0.951269,0,1e-06,OK
dc,ss|off,iout_uA,0.000000,0.000000,0,0.0015,OK
dc,ss|off,err_pct,-100.0000,-100.0000,0,0.0015,OK
dc,ss|off,vbias_V,0.951269,0.951269,0,1e-06,OK
dc,ss|off,iout_uA,0.000000,0.000000,0,0.0015,OK
dc,ss|off,err_pct,-100.0000,-100.0000,0,0.0015,OK
dc,ss|off,vbias_V,0.951269,0.951269,0,1e-06,OK
dc,ss|off,iout_uA,0.000000,0.000000,0,0.0015,OK
dc,ss|off,err_pct,-100.0000,-100.0000,0,0.0015,OK
dc,ss|off,vbias_V,0.951269,0.951269,0,1e-06,OK
dc,ss|off,iout_uA,0.000000,0.000000,0,0.0015,OK
dc,ss|off,err_pct,-100.0000,-100.0000,0,0.0015,OK
dc,ss|off,vbias_V,0.951269,0.951269,0,1e-06,OK
dc,ss|off,iout_uA,0.000000,0.000000,0,0.0015,OK
dc,ss|off,err_pct,-100.0000,-100.0000,0,0.0015,OK
dc,ss|off,vbias_V,0.951269,0.951269,0,1e-06,OK
dc,ss|off,iout_uA,0.000000,0.000000,0,0.0015,OK
dc,ss|off,err_pct,-100.0000,-100.0000,0,0.0015,OK
dc,ss|off,vbias_V,0.951269,0.951269,0,1e-06,OK
dc,ss|off,iout_uA,0.000000,0.000000,0,0.0015,OK
dc,ss|off,err_pct,-100.0000,-100.0000,0,0.0015,OK
dc,ss|off,vbias_V,0.951269,0.951269,0,1e-06,OK
dc,ss|off,iout_uA,0.000000,0.000000,0,0.0015,OK
dc,ss|off,err_pct,-100.0000,-100.0000,0,0.0015,OK
dc,ss|off,vbias_V,0.951269,0.951269,0,1e-06,OK
dc,ss|off,iout_uA,0.000000,0.000000,0,0.0015,OK
dc,ss|off,err_pct,-100.0000,-100.0000,0,0.0015,OK
dc,ss|off,vbias_V,0.951269,0.951269,0,1e-06,OK
dc,ss|off,iout_uA,0.000000,0.000000,0,0.0015,OK
dc,ss|off,err_pct,-100.0000,-100.0000,0,0.0015,OK
dc,ss|off,vbias_V,0.951269,0.951269,0,1e-06,OK
dc,ss|off,iout_uA,0.000000,0.000000,0,0.0015,OK
dc,ss|off,err_pct,-100.0000,-100.0000,0,0.0015,OK
dc,ss|off,vbias_V,0.951269,0.951269,0,1e-06,OK
dc,ss|off,iout_uA,0.000000,0.000000,0,0.0015,OK
dc,ss|off,err_pct,-100.0000,-100.0000,0,0.0015,OK
dc,ss|off,vbias_V,0.951269,0.951269,0,1e-06,OK
dc,ss|off,iout_uA,0.000000,0.000000,0,0.0015,OK
dc,ss|off,err_pct,-100.0000,-100.0000,0,0.0015,OK
dc,ss|off,vbias_V,0.951269,0.951269,0,1e-06,OK
dc,ss|off,iout_uA,0.000000,0.000000,0,0.0015,OK
dc,ss|off,err_pct,-100.0000,-100.0000,0,0.0015,OK
dc,ss|off,vbias_V,0.951269,0.951269,0,1e-06,OK
dc,ss|off,iout_uA,0.000000,0.000000,0,0.0015,OK
dc,ss|off,err_pct,-100.0000,-100.0000,0,0.0015,OK
dc,ss|off,vbias_V,0.951269,0.951269,0,1e-06,OK
dc,ss|off,iout_uA,0.000000,0.000000,0,0.0015,OK
dc,ss|off,err_pct,-100.0000,-100.0000,0,0.0015,OK
dc,ss|off,vbias_V,0.951269,0.951269,0,1e-06,OK
dc,ss|off,iout_uA,0.000000,0.000000,0,0.0015,OK
dc,ss|off,err_pct,-100.0000,-100.0000,0,0.0015,OK
dc,ss|off,vbias_V,0.951269,0.951269,0,1e-06,OK
dc,ss|off,iout_uA,0.000000,0.000000,0,0.0015,OK
dc,ss|off,err_pct,-100.0000,-100.0000,0,0.0015,OK
dc,ss|off,vbias_V,0.951269,0.951269,0,1e-06,OK
dc,ss|off,iout_uA,0.000000,0.000000,0,0.0015,OK
dc,ss|off,err_pct,-100.0000,-100.0000,0,0.0015,OK
dc,ss|off,vbias_V,0.951269,0.951269,0,1e-06,OK
dc,ss|off,iout_uA,0.000000,0.000000,0,0.0015,OK
dc,ss|off,err_pct,-100.0000,-100.0000,0,0.0015,OK
dc,ss|off,vbias_V,0.951269,0.951269,0,1e-06,OK
dc,ss|off,iout_uA,0.000000,0.000000,0,0.0015,OK
dc,ss|off,err_pct,-100.0000,-100.0000,0,0.0015,OK
dc,ss|off,vbias_V,0.951269,0.951269,0,1e-06,OK
dc,ss|off,iout_uA,0.000000,0.000000,0,0.0015,OK
dc,ss|off,err_pct,-100.0000,-100.0000,0,0.0015,OK
dc,ss|off,vbias_V,0.951269,0.951269,0,1e-06,OK
dc,ss|off,iout_uA,0.000000,0.000000,0,0.0015,OK
dc,ss|off,err_pct,-100.0000,-100.0000,0,0.0015,OK
dc,ss|off,vbias_V,0.951269,0.951269,0,1e-06,OK
dc,ss|off,iout_uA,0.000000,0.000000,0,0.0015,OK
dc,ss|off,err_pct,-100.0000,-100.0000,0,0.0015,OK
dc,ss|off,vbias_V,0.951269,0.951269,0,1e-06,OK
dc,ss|off,iout_uA,0.000000,0.000000,0,0.0015,OK
dc,ss|off,err_pct,-100.0000,-100.0000,0,0.0015,OK
dc,ss|off,vbias_V,0.951269,0.951269,0,1e-06,OK
dc,ss|off,iout_uA,0.000000,0.000000,0,0.0015,OK
dc,ss|off,err_pct,-100.0000,-100.0000,0,0.0015,OK
dc,ss|off,vbias_V,0.951269,0.951269,0,1e-06,OK
dc,ss|off,iout_uA,0.000000,0.000000,0,0.0015,OK
dc,ss|off,err_pct,-100.0000,-100.0000,0,0.0015,OK
dc,ss|off,vbias_V,0.951269,0.951269,0,1e-06,OK
dc,ss|off,iout_uA,0.000000,0.000000,0,0.0015,OK
dc,ss|off,err_pct,-100.0000,-100.0000,0,0.0015,OK
dc,ss|off,vbias_V,0.951269,0.951269,0,1e-06,OK
dc,ss|off,iout_uA,0.000000,0.000000,0,0.0015,OK
dc,ss|off,err_pct,-100.0000,-100.0000,0,0.0015,OK
dc,ss|off,vbias_V,0.951269,0.951269,0,1e-06,OK
dc,ss|off,iout_uA,0.000000,0.000000,0,0.0015,OK
dc,ss|off,err_pct,-100.0000,-100.0000,0,0.0015,OK
dc,ss|off,vbias_V,0.951269,0.951269,0,1e-06,OK
dc,ss|off,iout_uA,0.000000,0.000000,0,0.0015,OK
dc,ss|off,err_pct,-100.0000,-100.0000,0,0.0015,OK
dc,ss|off,vbias_V,0.951269,0.951269,0,1e-06,OK
dc,ss|off,iout_uA,0.000000,0.000000,0,0.0015,OK
dc,ss|off,err_pct,-100.0000,-100.0000,0,0.0015,OK
dc,ss|off,vbias_V,0.951269,0.951269,0,1e-06,OK
dc,ss|off,iout_uA,0.000000,0.000000,0,0.0015,OK
dc,ss|off,err_pct,-100.0000,-100.0000,0,0.0015,OK
dc,ss|off,vbias_V,0.951269,0.951269,0,1e-06,OK
dc,ss|off,iout_uA,0.000000,0.000000,0,0.0015,OK
dc,ss|off,err_pct,-100.0000,-100.0000,0,0.0015,OK
dc,ss|off,vbias_V,0.951269,0.951269,0,1e-06,OK
dc,ss|off,iout_uA,0.000000,0.000000,0,0.0015,OK
dc,ss|off,err_pct,-100.0000,-100.0000,0,0.0015,OK
dc,ss|off,vbias_V,0.951269,0.951269,0,1e-06,OK
dc,ss|off,iout_uA,0.000000,0.000000,0,0.0015,OK
dc,ss|off,err_pct,-100.0000,-100.0000,0,0.0015,OK
dc,ss|off,vbias_V,0.951269,0.951269,0,1e-06,OK
dc,ss|off,iout_uA,0.000000,0.000000,0,0.0015,OK
dc,ss|off,err_pct,-100.0000,-100.0000,0,0.0015,OK
dc,ss|off,vbias_V,0.951269,0.951269,0,1e-06,OK
dc,ss|off,iout_uA,0.000000,0.000000,0,0.0015,OK
dc,ss|off,err_pct,-100.0000,-100.0000,0,0.0015,OK
dc,ss|off,vbias_V,0.951269,0.951269,0,1e-06,OK
dc,ss|off,iout_uA,0.000000,0.000000,0,0.0015,OK
dc,ss|off,err_pct,-100.0000,-100.0000,0,0.0015,OK
dc,ss|off,vbias_V,0.951269,0.951269,0,1e-06,OK
dc,ss|off,iout_uA,0.000000,0.000000,0,0.0015,OK
dc,ss|off,err_pct,-100.0000,-100.0000,0,0.0015,OK
dc,ss|off,vbias_V,0.951269,0.951269,0,1e-06,OK
dc,ss|off,iout_uA,0.000000,0.000000,0,0.0015,OK
dc,ss|off,err_pct,-100.0000,-100.0000,0,0.0015,OK
dc,ss|off,vbias_V,0.951269,0.951269,0,1e-06,OK
dc,ss|off,iout_uA,0.000000,0.000000,0,0.0015,OK
dc,ss|off,err_pct,-100.0000,-100.0000,0,0.0015,OK
dc,ss|off,vbias_V,0.951269,0.951269,0,1e-06,OK
dc,ss|off,iout_uA,0.000000,0.000000,0,0.0015,OK
dc,ss|off,err_pct,-100.0000,-100.0000,0,0.0015,OK
dc,ss|off,vbias_V,0.951269,0.951269,0,1e-06,OK
dc,ss|off,iout_uA,0.000000,0.000000,0,0.0015,OK
dc,ss|off,err_pct,-100.0000,-100.0000,0,0.0015,OK
dc,ss|off,vbias_V,0.951269,0.951269,0,1e-06,OK
dc,ss|off,iout_uA,0.000000,0.000000,0,0.0015,OK
dc,ss|off,err_pct,-100.0000,-100.0000,0,0.0015,OK
dc,ss|off,vbias_V,0.951269,0.951269,0,1e-06,OK
dc,ss|off,iout_uA,0.000000,0.000000,0,0.0015,OK
dc,ss|off,err_pct,-100.0000,-100.0000,0,0.0015,OK
dc,ss|off,vbias_V,0.951269,0.951269,0,1e-06,OK
dc,ss|off,iout_uA,0.000000,0.000000,0,0.0015,OK
dc,ss|off,err_pct,-100.0000,-100.0000,0,0.0015,OK
dc,ss|off,vbias_V,0.951269,0.951269,0,1e-06,OK
dc,ss|off,iout_uA,0.000000,0.000000,0,0.0015,OK
dc,ss|off,err_pct,-100.0000,-100.0000,0,0.0015,OK
dc,ss|off,vbias_V,0.951269,0.951269,0,1e-06,OK
dc,ss|off,iout_uA,0.000000,0.000000,0,0.0015,OK
dc,ss|off,err_pct,-100.0000,-100.0000,0,0.0015,OK
dc,ss|off,vbias_V,0.951269,0.951269,0,1e-06,OK
dc,ss|off,iout_uA,0.000000,0.000000,0,0.0015,OK
dc,ss|off,err_pct,-100.0000,-100.0000,0,0.0015,OK
dc,ss|off,vbias_V,0.951269,0.951269,0,1e-06,OK
dc,ss|off,iout_uA,0.000000,0.000000,0,0.0015,OK
dc,ss|off,err_pct,-100.0000,-100.0000,0,0.0015,OK
dc,ss|off,vbias_V,0.951269,0.951269,0,1e-06,OK
dc,ss|off,iout_uA,0.000000,0.000000,0,0.0015,OK
dc,ss|off,err_pct,-100.0000,-100.0000,0,0.0015,OK
dc,ss|off,vbias_V,0.951269,0.951269,0,1e-06,OK
dc,ss|off,iout_uA,0.000000,0.000000,0,0.0015,OK
dc,ss|off,err_pct,-100.0000,-100.0000,0,0.0015,OK
dc,ss|off,vbias_V,0.951269,0.951269,0,1e-06,OK
dc,ss|off,iout_uA,0.000000,0.000000,0,0.0015,OK
dc,ss|off,err_pct,-100.0000,-100.0000,0,0.0015,OK
dc,ss|off,vbias_V,0.951269,0.951269,0,1e-06,OK
dc,ss|off,iout_uA,0.000000,0.000000,0,0.0015,OK
dc,ss|off,err_pct,-100.0000,-100.0000,0,0.0015,OK
dc,ss|off,vbias_V,0.951269,0.951269,0,1e-06,OK
dc,ss|off,iout_uA,0.000000,0.000000,0,0.0015,OK
dc,ss|off,err_pct,-100.0000,-100.0000,0,0.0015,OK
dc,ss|off,vbias_V,0.951269,0.951269,0,1e-06,OK
dc,ss|off,iout_uA,0.000000,0.000000,0,0.0015,OK
dc,ss|off,err_pct,-100.0000,-100.0000,0,0.0015,OK
dc,ss|off,vbias_V,0.951269,0.951269,0,1e-06,OK
dc,ss|off,iout_uA,0.000000,0.000000,0,0.0015,OK
dc,ss|off,err_pct,-100.0000,-100.0000,0,0.0015,OK
dc,ss|off,vbias_V,0.951269,0.951269,0,1e-06,OK
dc,ss|off,iout_uA,0.000000,0.000000,0,0.0015,OK
dc,ss|off,err_pct,-100.0000,-100.0000,0,0.0015,OK
dc,ss|off,vbias_V,0.951269,0.951269,0,1e-06,OK
dc,ss|off,iout_uA,0.000000,0.000000,0,0.0015,OK
dc,ss|off,err_pct,-100.0000,-100.0000,0,0.0015,OK
dc,ss|off,vbias_V,0.951269,0.951269,0,1e-06,OK
dc,ss|off,iout_uA,0.000000,0.000000,0,0.0015,OK
dc,ss|off,err_pct,-100.0000,-100.0000,0,0.0015,OK
dc,ss|off,vbias_V,0.951269,0.951269,0,1e-06,OK
dc,ss|off,iout_uA,0.000000,0.000000,0,0.0015,OK
dc,ss|off,err_pct,-100.0000,-100.0000,0,0.0015,OK
dc,ss|off,vbias_V,0.951269,0.951269,0,1e-06,OK
dc,ss|off,iout_uA,0.000000,0.000000,0,0.0015,OK
dc,ss|off,err_pct,-100.0000,-100.0000,0,0.0015,OK
dc,ss|off,vbias_V,0.951269,0.951269,0,1e-06,OK
dc,ss|off,iout_uA,0.000000,0.000000,0,0.0015,OK
dc,ss|off,err_pct,-100.0000,-100.0000,0,0.0015,OK
dc,ss|off,vbias_V,0.951269,0.951269,0,1e-06,OK
dc,ss|off,iout_uA,0.000000,0.000000,0,0.0015,OK
dc,ss|off,err_pct,-100.0000,-100.0000,0,0.0015,OK
dc,ss|off,vbias_V,0.951269,0.951269,0,1e-06,OK
dc,ss|off,iout_uA,0.000000,0.000000,0,0.0015,OK
dc,ss|off,err_pct,-100.0000,-100.0000,0,0.0015,OK
dc,ss|off,vbias_V,0.951269,0.951269,0,1e-06,OK
dc,ss|off,iout_uA,0.000000,0.000000,0,0.0015,OK
dc,ss|off,err_pct,-100.0000,-100.0000,0,0.0015,OK
dc,ss|off,vbias_V,0.951269,0.951269,0,1e-06,OK
dc,ss|off,iout_uA,0.000000,0.000000,0,0.0015,OK
dc,ss|off,err_pct,-100.0000,-100.0000,0,0.0015,OK
dc,ss|off,vbias_V,0.951269,0.951269,0,1e-06,OK
dc,ss|off,iout_uA,0.000000,0.000000,0,0.0015,OK
dc,ss|off,err_pct,-100.0000,-100.0000,0,0.0015,OK
dc,ss|off,vbias_V,0.951269,0.951269,0,1e-06,OK
dc,ss|off,iout_uA,0.000000,0.000000,0,0.0015,OK
dc,ss|off,err_pct,-100.0000,-100.0000,0,0.0015,OK
dc,ss|off,vbias_V,0.951269,0.951269,0,1e-06,OK
dc,ss|off,iout_uA,0.000000,0.000000,0,0.0015,OK
dc,ss|off,err_pct,-100.0000,-100.0000,0,0.0015,OK
dc,ss|off,vbias_V,0.951269,0.951269,0,1e-06,OK
dc,ss|off,iout_uA,0.000000,0.000000,0,0.0015,OK
dc,ss|off,err_pct,-100.0000,-100.0000,0,0.0015,OK
dc,ss|off,vbias_V,0.951269,0.951269,0,1e-06,OK
dc,ss|off,iout_uA,0.000000,0.000000,0,0.0015,OK
dc,ss|off,err_pct,-100.0000,-100.0000,0,0.0015,OK
dc,ss|off,vbias_V,0.951269,0.951269,0,1e-06,OK
dc,ss|off,iout_uA,0.000000,0.000000,0,0.0015,OK
dc,ss|off,err_pct,-100.0000,-100.0000,0,0.0015,OK
dc,ss|off,vbias_V,0.951269,0.951269,0,1e-06,OK
dc,ss|off,iout_uA,0.000000,0.000000,0,0.0015,OK
dc,ss|off,err_pct,-100.0000,-100.0000,0,0.0015,OK
dc,ss|off,vbias_V,0.951269,0.951269,0,1e-06,OK
dc,ss|off,iout_uA,0.000000,0.000000,0,0.0015,OK
dc,ss|off,err_pct,-100.0000,-100.0000,0,0.0015,OK
dc,ss|off,vbias_V,0.951269,0.951269,0,1e-06,OK
dc,ss|off,iout_uA,0.000000,0.000000,0,0.0015,OK
dc,ss|off,err_pct,-100.0000,-100.0000,0,0.0015,OK
dc,ss|off,vbias_V,0.951269,0.951269,0,1e-06,OK
dc,ss|off,iout_uA,0.000000,0.000000,0,0.0015,OK
dc,ss|off,err_pct,-100.0000,-100.0000,0,0.0015,OK
dc,ss|off,vbias_V,0.951269,0.951269,0,1e-06,OK
dc,ss|off,iout_uA,0.000000,0.000000,0,0.0015,OK
dc,ss|off,err_pct,-100.0000,-100.0000,0,0.0015,OK
dc,ss|off,vbias_V,0.951269,0.951269,0,1e-06,OK
dc,ss|off,iout_uA,0.000000,0.000000,0,0.0015,OK
dc,ss|off,err_pct,-100.0000,-100.0000,0,0.0015,OK
dc,ss|off,vbias_V,0.951269,0.951269,0,1e-06,OK
dc,ss|off,iout_uA,0.000000,0.000000,0,0.0015,OK
dc,ss|off,err_pct,-100.0000,-100.0000,0,0.0015,OK
dc,ss|off,vbias_V,0.951269,0.951269,0,1e-06,OK
dc,ss|off,iout_uA,0.000000,0.000000,0,0.0015,OK
dc,ss|off,err_pct,-100.0000,-100.0000,0,0.0015,OK
dc,ss|off,vbias_V,0.951269,0.951269,0,1e-06,OK
dc,ss|off,iout_uA,0.000000,0.000000,0,0.0015,OK
dc,ss|off,err_pct,-100.0000,-100.0000,0,0.0015,OK
dc,ss|off,vbias_V,0.951269,0.951269,0,1e-06,OK
dc,ss|off,iout_uA,0.000000,0.000000,0,0.0015,OK
dc,ss|off,err_pct,-100.0000,-100.0000,0,0.0015,OK
dc,ss|off,vbias_V,0.951269,0.951269,0,1e-06,OK
dc,ss|off,iout_uA,0.000000,0.000000,0,0.0015,OK
dc,ss|off,err_pct,-100.0000,-100.0000,0,0.0015,OK
dc,ss|off,vbias_V,0.951269,0.951269,0,1e-06,OK
dc,ss|off,iout_uA,0.000000,0.000000,0,0.0015,OK
dc,ss|off,err_pct,-100.0000,-100.0000,0,0.0015,OK
dc,ss|off,vbias_V,0.951269,0.951269,0,1e-06,OK
dc,ss|off,iout_uA,0.000000,0.000000,0,0.0015,OK
dc,ss|off,err_pct,-100.0000,-100.0000,0,0.0015,OK
dc,ss|off,vbias_V,0.951269,0.951269,0,1e-06,OK
dc,ss|off,iout_uA,0.000000,0.000000,0,0.0015,OK
dc,ss|off,err_pct,-100.0000,-100.0000,0,0.0015,OK
dc,ss|off,vbias_V,0.951269,0.951269,0,1e-06,OK
dc,ss|off,iout_uA,0.000000,0.000000,0,0.0015,OK
dc,ss|off,err_pct,-100.0000,-100.0000,0,0.0015,OK
dc,ss|off,vbias_V,0.951269,0.951269,0,1e-06,OK
dc,ss|off,iout_uA,0.000000,0.000000,0,0.0015,OK
dc,ss|off,err_pct,-100.0000,-100.0000,0,0.0015,OK
dc,ss|off,vbias_V,0.951269,0.951269,0,1e-06,OK
dc,ss|off,iout_uA,0.000000,0.000000,0,0.0015,OK
dc,ss|off,err_pct,-100.0000,-100.0000,0,0.0015,OK
dc,ss|off,vbias_V,0.951269,0.951269,0,1e-06,OK
dc,ss|off,iout_uA,0.000000,0.000000,0,0.0015,OK
dc,ss|off,err_pct,-100.0000,-100.0000,0,0.0015,OK
dc,ss|off,vbias_V,0.951269,0.951269,0,1e-06,OK
dc,ss|off,iout_uA,0.000000,0.000000,0,0.0015,OK
dc,ss|off,err_pct,-100.0000,-100.0000,0,0.0015,OK
dc,ss|off,vbias_V,0.951269,0.951269,0,1e-06,OK
dc,ss|off,iout_uA,0.000000,0.000000,0,0.0015,OK
dc,ss|off,err_pct,-100.0000,-100.0000,0,0.0015,OK
dc,ss|off,vbias_V,0.951269,0.951269,0,1e-06,OK
dc,ss|off,iout_uA,0.000000,0.000000,0,0.0015,OK
dc,ss|off,err_pct,-100.0000,-100.0000,0,0.0015,OK
dc,ss|off,vbias_V,0.951269,0.951269,0,1e-06,OK
dc,ss|off,iout_uA,0.000000,0.000000,0,0.0015,OK
dc,ss|off,err_pct,-100.0000,-100.0000,0,0.0015,OK
dc,ss|off,vbias_V,0.951269,0.951269,0,1e-06,OK
dc,ss|off,iout_uA,0.000000,0.000000,0,0.0015,OK
dc,ss|off,err_pct,-100.0000,-100.0000,0,0.0015,OK
dc,ss|off,vbias_V,0.951269,0.951269,0,1e-06,OK
dc,ss|off,iout_uA,0.000000,0.000000,0,0.0015,OK
dc,ss|off,err_pct,-100.0000,-100.0000,0,0.0015,OK
dc,ss|off,vbias_V,0.951269,0.951269,0,1e-06,OK
dc,ss|off,iout_uA,0.000000,0.000000,0,0.0015,OK
dc,ss|off,err_pct,-100.0000,-100.0000,0,0.0015,OK
dc,ss|off,vbias_V,0.951269,0.951269,0,1e-06,OK
dc,ss|off,iout_uA,0.000000,0.000000,0,0.0015,OK
dc,ss|off,err_pct,-100.0000,-100.0000,0,0.0015,OK
dc,ss|off,vbias_V,0.951269,0.951269,0,1e-06,OK
dc,ss|off,iout_uA,0.000000,0.000000,0,0.0015,OK
dc,ss|off,err_pct,-100.0000,-100.0000,0,0.0015,OK
dc,ss|off,vbias_V,0.951269,0.951269,0,1e-06,OK
dc,ss|off,iout_uA,0.000000,0.000000,0,0.0015,OK
dc,ss|off,err_pct,-100.0000,-100.0000,0,0.0015,OK
dc,ss|off,vbias_V,0.951269,0.951269,0,1e-06,OK
dc,ss|off,iout_uA,0.000000,0.000000,0,0.0015,OK
dc,ss|off,err_pct,-100.0000,-100.0000,0,0.0015,OK
dc,ss|off,vbias_V,0.951269,0.951269,0,1e-06,OK
dc,ss|off,iout_uA,0.000000,0.000000,0,0.0015,OK
dc,ss|off,err_pct,-100.0000,-100.0000,0,0.0015,OK
dc,ss|off,vbias_V,0.951269,0.951269,0,1e-06,OK
dc,ss|off,iout_uA,0.000000,0.000000,0,0.0015,OK
dc,ss|off,err_pct,-100.0000,-100.0000,0,0.0015,OK
dc,ss|off,vbias_V,0.951269,0.951269,0,1e-06,OK
dc,ss|off,iout_uA,0.000000,0.000000,0,0.0015,OK
dc,ss|off,err_pct,-100.0000,-100.0000,0,0.0015,OK
dc,ss|off,vbias_V,0.951269,0.951269,0,1e-06,OK
dc,ss|off,iout_uA,0.000000,0.000000,0,0.0015,OK
dc,ss|off,err_pct,-100.0000,-100.0000,0,0.0015,OK
dc,ss|off,vbias_V,0.951269,0.951269,0,1e-06,OK
dc,ss|off,iout_uA,0.000000,0.000000,0,0.0015,OK
dc,ss|off,err_pct,-100.0000,-100.0000,0,0.0015,OK
dc,ss|off,vbias_V,0.951269,0.951269,0,1e-06,OK
dc,ss|off,iout_uA,0.000000,0.000000,0,0.0015,OK
dc,ss|off,err_pct,-100.0000,-100.0000,0,0.0015,OK
dc,ss|off,vbias_V,0.951269,0.951269,0,1e-06,OK
dc,ss|off,iout_uA,0.000000,0.000000,0,0.0015,OK
dc,ss|off,err_pct,-100.0000,-100.0000,0,0.0015,OK
dc,ss|off,vbias_V,0.951269,0.951269,0,1e-06,OK
dc,ss|off,iout_uA,0.000000,0.000000,0,0.0015,OK
dc,ss|off,err_pct,-100.0000,-100.0000,0,0.0015,OK
dc,ss|off,vbias_V,0.951269,0.951269,0,1e-06,OK
dc,ss|off,iout_uA,0.000000,0.000000,0,0.0015,OK
dc,ss|off,err_pct,-100.0000,-100.0000,0,0.0015,OK
dc,ss|off,vbias_V,0.951269,0.951269,0,1e-06,OK
dc,ss|off,iout_uA,0.000000,0.000000,0,0.0015,OK
dc,ss|off,err_pct,-100.0000,-100.0000,0,0.0015,OK
dc,ss|off,vbias_V,0.951269,0.951269,0,1e-06,OK
dc,ss|off,iout_uA,0.000000,0.000000,0,0.0015,OK
dc,ss|off,err_pct,-100.0000,-100.0000,0,0.0015,OK
dc,ss|off,vbias_V,0.951269,0.951269,0,1e-06,OK
dc,ss|off,iout_uA,0.000000,0.000000,0,0.0015,OK
dc,ss|off,err_pct,-100.0000,-100.0000,0,0.0015,OK
dc,ss|off,vbias_V,0.951269,0.951269,0,1e-06,OK
dc,ss|off,iout_uA,0.000000,0.000000,0,0.0015,OK
dc,ss|off,err_pct,-100.0000,-100.0000,0,0.0015,OK
dc,ss|off,vbias_V,0.951269,0.951269,0,1e-06,OK
dc,ss|off,iout_uA,0.000000,0.000000,0,0.0015,OK
dc,ss|off,err_pct,-100.0000,-100.0000,0,0.0015,OK
dc,ss|off,vbias_V,0.951269,0.951269,0,1e-06,OK
dc,ss|off,iout_uA,0.000000,0.000000,0,0.0015,OK
dc,ss|off,err_pct,-100.0000,-100.0000,0,0.0015,OK
dc,ss|off,vbias_V,0.951269,0.951269,0,1e-06,OK
dc,ss|off,iout_uA,0.000000,0.000000,0,0.0015,OK
dc,ss|off,err_pct,-100.0000,-100.0000,0,0.0015,OK
dc,ss|off,vbias_V,0.951269,0.951269,0,1e-06,OK
dc,ss|off,iout_uA,0.000000,0.000000,0,0.0015,OK
dc,ss|off,err_pct,-100.0000,-100.0000,0,0.0015,OK
dc,ss|off,vbias_V,0.951269,0.951269,0,1e-06,OK
dc,ss|off,iout_uA,0.000000,0.000000,0,0.0015,OK
dc,ss|off,err_pct,-100.0000,-100.0000,0,0.0015,OK
dc,ss|off,vbias_V,0.951269,0.951269,0,1e-06,OK
dc,ss|off,iout_uA,0.000000,0.000000,0,0.0015,OK
dc,ss|off,err_pct,-100.0000,-100.0000,0,0.0015,OK
dc,ss|off,vbias_V,0.951269,0.951269,0,1e-06,OK
dc,ss|off,iout_uA,0.000000,0.000000,0,0.0015,OK
dc,ss|off,err_pct,-100.0000,-100.0000,0,0.0015,OK
dc,ss|off,vbias_V,0.951269,0.951269,0,1e-06,OK
dc,ss|off,iout_uA,0.000000,0.000000,0,0.0015,OK
dc,ss|off,err_pct,-100.0000,-100.0000,0,0.0015,OK
dc,ss|off,vbias_V,0.951269,0.951269,0,1e-06,OK
dc,ss|off,iout_uA,0.000000,0.000000,0,0.0015,OK
dc,ss|off,err_pct,-100.0000,-100.0000,0,0.0015,OK
dc,ss|off,vbias_V,0.951269,0.951269,0,1e-06,OK
dc,ss|off,iout_uA,0.000000,0.000000,0,0.0015,OK
dc,ss|off,err_pct,-100.0000,-100.0000,0,0.0015,OK
dc,ss|off,vbias_V,0.951269,0.951269,0,1e-06,OK
dc,ss|off,iout_uA,0.000000,0.000000,0,0.0015,OK
dc,ss|off,err_pct,-100.0000,-100.0000,0,0.0015,OK
dc,ss|off,vbias_V,0.951269,0.951269,0,1e-06,OK
dc,ss|off,iout_uA,0.000000,0.000000,0,0.0015,OK
dc,ss|off,err_pct,-100.0000,-100.0000,0,0.0015,OK
dc,ss|off,vbias_V,0.951269,0.951269,0,1e-06,OK
dc,ss|off,iout_uA,0.000000,0.000000,0,0.0015,OK
dc,ss|off,err_pct,-100.0000,-100.0000,0,0.0015,OK
dc,ss|off,vbias_V,0.951269,0.951269,0,1e-06,OK
dc,ss|off,iout_uA,0.000000,0.000000,0,0.0015,OK
dc,ss|off,err_pct,-100.0000,-100.0000,0,0.0015,OK
dc,ss|off,vbias_V,0.951269,0.951269,0,1e-06,OK
dc,ss|off,iout_uA,0.000000,0.000000,0,0.0015,OK
dc,ss|off,err_pct,-100.0000,-100.0000,0,0.0015,OK
dc,ss|off,vbias_V,0.951269,0.951269,0,1e-06,OK
dc,ss|off,iout_uA,0.000000,0.000000,0,0.0015,OK
dc,ss|off,err_pct,-100.0000,-100.0000,0,0.0015,OK
dc,ss|off,vbias_V,0.951269,0.951269,0,1e-06,OK
dc,ss|on,iout_uA,0.000000,0.000000,0,0.0015,OK
dc,ss|on,err_pct,-100.0000,-100.0000,0,0.0015,OK
dc,ss|on,vbias_V,0.951269,0.951269,0,1e-06,OK
dc,ss|on,iout_uA,4.096730,4.096730,0,0.0015,OK
dc,ss|on,err_pct,-72.6885,-72.6885,0,0.0015,OK
dc,ss|on,vbias_V,0.951269,0.951269,0,1e-06,OK
dc,ss|on,iout_uA,7.541463,7.541463,0,0.0015,OK
dc,ss|on,err_pct,-49.7236,-49.7236,0,0.0015,OK
dc,ss|on,vbias_V,0.951269,0.951269,0,1e-06,OK
dc,ss|on,iout_uA,10.312291,10.312291,0,0.0015,OK
dc,ss|on,err_pct,-31.2514,-31.2514,0,0.0015,OK
dc,ss|on,vbias_V,0.951269,0.951269,0,1e-06,OK
dc,ss|on,iout_uA,12.383391,12.383391,0,0.0015,OK
dc,ss|on,err_pct,-17.4441,-17.4441,0,0.0015,OK
dc,ss|on,vbias_V,0.951269,0.951269,0,1e-06,OK
dc,ss|on,iout_uA,13.728796,13.728796,0,0.0015,OK
dc,ss|on,err_pct,-8.4747,-8.4747,0,0.0015,OK
dc,ss|on,vbias_V,0.951269,0.951269,0,1e-06,OK
dc,ss|on,iout_uA,14.365794,14.365794,0,0.0015,OK
dc,ss|on,err_pct,-4.2280,-4.2280,0,0.0015,OK
dc,ss|on,vbias_V,0.951269,0.951269,0,1e-06,OK
dc,ss|on,iout_uA,14.545903,14.545903,0,0.0015,OK
dc,ss|on,err_pct,-3.0273,-3.0273,0,0.0015,OK
dc,ss|on,vbias_V,0.951269,0.951269,0,1e-06,OK
dc,ss|on,iout_uA,14.605817,14.605817,0,0.0015,OK
dc,ss|on,err_pct,-2.6279,-2.6279,0,0.0015,OK
dc,ss|on,vbias_V,0.951269,0.951269,0,1e-06,OK
dc,ss|on,iout_uA,14.641472,14.641472,0,0.0015,OK
dc,ss|on,err_pct,-2.3902,-2.3902,0,0.0015,OK
dc,ss|on,vbias_V,0.951269,0.951269,0,1e-06,OK
dc,ss|on,iout_uA,14.668305,14.668305,0,0.0015,OK
dc,ss|on,err_pct,-2.2113,-2.2113,0,0.0015,OK
dc,ss|on,vbias_V,0.951269,0.951269,0,1e-06,OK
dc,ss|on,iout_uA,14.690363,14.690363,0,0.0015,OK
dc,ss|on,err_pct,-2.0642,-2.0642,0,0.0015,OK
dc,ss|on,vbias_V,0.951269,0.951269,0,1e-06,OK
dc,ss|on,iout_uA,14.709310,14.709310,0,0.0015,OK
dc,ss|on,err_pct,-1.9379,-1.9379,0,0.0015,OK
dc,ss|on,vbias_V,0.951269,0.951269,0,1e-06,OK
dc,ss|on,iout_uA,14.726028,14.726028,0,0.0015,OK
dc,ss|on,err_pct,-1.8265,-1.8265,0,0.0015,OK
dc,ss|on,vbias_V,0.951269,0.951269,0,1e-06,OK
dc,ss|on,iout_uA,14.741053,14.741053,0,0.0015,OK
dc,ss|on,err_pct,-1.7263,-1.7263,0,0.0015,OK
dc,ss|on,vbias_V,0.951269,0.951269,0,1e-06,OK
dc,ss|on,iout_uA,14.754737,14.754737,0,0.0015,OK
dc,ss|on,err_pct,-1.6351,-1.6351,0,0.0015,OK
dc,ss|on,vbias_V,0.951269,0.951269,0,1e-06,OK
dc,ss|on,iout_uA,14.767330,14.767330,0,0.0015,OK
dc,ss|on,err_pct,-1.5511,-1.5511,0,0.0015,OK
dc,ss|on,vbias_V,0.951269,0.951269,0,1e-06,OK
dc,ss|on,iout_uA,14.779012,14.779012,0,0.0015,OK
dc,ss|on,err_pct,-1.4733,-1.4733,0,0.0015,OK
dc,ss|on,vbias_V,0.951269,0.951269,0,1e-06,OK
dc,ss|on,iout_uA,14.789918,14.789918,0,0.0015,OK
dc,ss|on,err_pct,-1.4005,-1.4005,0,0.0015,OK
dc,ss|on,vbias_V,0.951269,0.951269,0,1e-06,OK
dc,ss|on,iout_uA,14.800151,14.800151,0,0.0015,OK
dc,ss|on,err_pct,-1.3323,-1.3323,0,0.0015,OK
dc,ss|on,vbias_V,0.951269,0.951269,0,1e-06,OK
dc,ss|on,iout_uA,14.809792,14.809792,0,0.0015,OK
dc,ss|on,err_pct,-1.2681,-1.2681,0,0.0015,OK
dc,ss|on,vbias_V,0.951269,0.951269,0,1e-06,OK
dc,ss|on,iout_uA,14.818903,14.818903,0,0.0015,OK
dc,ss|on,err_pct,-1.2073,-1.2073,0,0.0015,OK
dc,ss|on,vbias_V,0.951269,0.951269,0,1e-06,OK
dc,ss|on,iout_uA,14.827530,14.827530,0,0.0015,OK
dc,ss|on,err_pct,-1.1498,-1.1498,0,0.0015,OK
dc,ss|on,vbias_V,0.951269,0.951269,0,1e-06,OK
dc,ss|on,iout_uA,14.835709,14.835709,0,0.0015,OK
dc,ss|on,err_pct,-1.0953,-1.0953,0,0.0015,OK
dc,ss|on,vbias_V,0.951269,0.951269,0,1e-06,OK
dc,ss|on,iout_uA,14.843466,14.843466,0,0.0015,OK
dc,ss|on,err_pct,-1.0436,-1.0436,0,0.0015,OK
dc,ss|on,vbias_V,0.951269,0.951269,0,1e-06,OK
dc,ss|on,iout_uA,14.850815,14.850815,0,0.0015,OK
dc,ss|on,err_pct,-0.9946,-0.9946,0,0.0015,OK
dc,ss|on,vbias_V,0.951269,0.951269,0,1e-06,OK
dc,ss|on,iout_uA,14.857763,14.857763,0,0.0015,OK
dc,ss|on,err_pct,-0.9482,-0.9482,0,0.0015,OK
dc,ss|on,vbias_V,0.951269,0.951269,0,1e-06,OK
dc,ss|on,iout_uA,14.864307,14.864307,0,0.0015,OK
dc,ss|on,err_pct,-0.9046,-0.9046,0,0.0015,OK
dc,ss|on,vbias_V,0.951269,0.951269,0,1e-06,OK
dc,ss|on,iout_uA,14.870434,14.870434,0,0.0015,OK
dc,ss|on,err_pct,-0.8638,-0.8638,0,0.0015,OK
dc,ss|on,vbias_V,0.951269,0.951269,0,1e-06,OK
dc,ss|on,iout_uA,14.876118,14.876118,0,0.0015,OK
dc,ss|on,err_pct,-0.8259,-0.8259,0,0.0015,OK
dc,ss|on,vbias_V,0.951269,0.951269,0,1e-06,OK
dc,ss|on,iout_uA,14.881324,14.881324,0,0.0015,OK
dc,ss|on,err_pct,-0.7912,-0.7912,0,0.0015,OK
dc,ss|on,vbias_V,0.951269,0.951269,0,1e-06,OK
dc,ss|on,iout_uA,14.886001,14.886001,0,0.0015,OK
dc,ss|on,err_pct,-0.7600,-0.7600,0,0.0015,OK
dc,ss|on,vbias_V,0.951269,0.951269,0,1e-06,OK
dc,ss|on,iout_uA,14.890084,14.890084,0,0.0015,OK
dc,ss|on,err_pct,-0.7328,-0.7328,0,0.0015,OK
dc,ss|on,vbias_V,0.951269,0.951269,0,1e-06,OK
dc,ss|on,iout_uA,14.893489,14.893489,0,0.0015,OK
dc,ss|on,err_pct,-0.7101,-0.7101,0,0.0015,OK
dc,ss|on,vbias_V,0.951269,0.951269,0,1e-06,OK
dc,ss|on,iout_uA,14.896114,14.896114,0,0.0015,OK
dc,ss|on,err_pct,-0.6926,-0.6926,0,0.0015,OK
dc,ss|on,vbias_V,0.951269,0.951269,0,1e-06,OK
dc,ss|on,iout_uA,14.897847,14.897847,0,0.0015,OK
dc,ss|on,err_pct,-0.6810,-0.6810,0,0.0015,OK
dc,ss|on,vbias_V,0.951269,0.951269,0,1e-06,OK
dc,ss|on,iout_uA,14.898654,14.898654,0,0.0015,OK
dc,ss|on,err_pct,-0.6756,-0.6756,0,0.0015,OK
dc,ss|on,vbias_V,0.951269,0.951269,0,1e-06,OK
dc,ss|on,iout_uA,14.898887,14.898887,0,0.0015,OK
dc,ss|on,err_pct,-0.6741,-0.6741,0,0.0015,OK
dc,ss|on,vbias_V,0.951269,0.951269,0,1e-06,OK
dc,ss|on,iout_uA,14.898974,14.898974,0,0.0015,OK
dc,ss|on,err_pct,-0.6735,-0.6735,0,0.0015,OK
dc,ss|on,vbias_V,0.951269,0.951269,0,1e-06,OK
dc,ss|on,iout_uA,14.899029,14.899029,0,0.0015,OK
dc,ss|on,err_pct,-0.6731,-0.6731,0,0.0015,OK
dc,ss|on,vbias_V,0.951269,0.951269,0,1e-06,OK
dc,ss|on,iout_uA,14.899071,14.899071,0,0.0015,OK
dc,ss|on,err_pct,-0.6729,-0.6729,0,0.0015,OK
dc,ss|on,vbias_V,0.951269,0.951269,0,1e-06,OK
dc,ss|on,iout_uA,14.899106,14.899106,0,0.0015,OK
dc,ss|on,err_pct,-0.6726,-0.6726,0,0.0015,OK
dc,ss|on,vbias_V,0.951269,0.951269,0,1e-06,OK
dc,ss|on,iout_uA,14.899136,14.899136,0,0.0015,OK
dc,ss|on,err_pct,-0.6724,-0.6724,0,0.0015,OK
dc,ss|on,vbias_V,0.951269,0.951269,0,1e-06,OK
dc,ss|on,iout_uA,14.899163,14.899163,0,0.0015,OK
dc,ss|on,err_pct,-0.6722,-0.6722,0,0.0015,OK
dc,ss|on,vbias_V,0.951269,0.951269,0,1e-06,OK
dc,ss|on,iout_uA,14.899187,14.899187,0,0.0015,OK
dc,ss|on,err_pct,-0.6721,-0.6721,0,0.0015,OK
dc,ss|on,vbias_V,0.951269,0.951269,0,1e-06,OK
dc,ss|on,iout_uA,14.899209,14.899209,0,0.0015,OK
dc,ss|on,err_pct,-0.6719,-0.6719,0,0.0015,OK
dc,ss|on,vbias_V,0.951269,0.951269,0,1e-06,OK
dc,ss|on,iout_uA,14.899229,14.899229,0,0.0015,OK
dc,ss|on,err_pct,-0.6718,-0.6718,0,0.0015,OK
dc,ss|on,vbias_V,0.951269,0.951269,0,1e-06,OK
dc,ss|on,iout_uA,14.899248,14.899248,0,0.0015,OK
dc,ss|on,err_pct,-0.6717,-0.6717,0,0.0015,OK
dc,ss|on,vbias_V,0.951269,0.951269,0,1e-06,OK
dc,ss|on,iout_uA,14.899266,14.899266,0,0.0015,OK
dc,ss|on,err_pct,-0.6716,-0.6716,0,0.0015,OK
dc,ss|on,vbias_V,0.951269,0.951269,0,1e-06,OK
dc,ss|on,iout_uA,14.899283,14.899283,0,0.0015,OK
dc,ss|on,err_pct,-0.6714,-0.6714,0,0.0015,OK
dc,ss|on,vbias_V,0.951269,0.951269,0,1e-06,OK
dc,ss|on,iout_uA,14.899299,14.899299,0,0.0015,OK
dc,ss|on,err_pct,-0.6713,-0.6713,0,0.0015,OK
dc,ss|on,vbias_V,0.951269,0.951269,0,1e-06,OK
dc,ss|on,iout_uA,14.899314,14.899314,0,0.0015,OK
dc,ss|on,err_pct,-0.6712,-0.6712,0,0.0015,OK
dc,ss|on,vbias_V,0.951269,0.951269,0,1e-06,OK
dc,ss|on,iout_uA,14.899329,14.899329,0,0.0015,OK
dc,ss|on,err_pct,-0.6711,-0.6711,0,0.0015,OK
dc,ss|on,vbias_V,0.951269,0.951269,0,1e-06,OK
dc,ss|on,iout_uA,14.899343,14.899343,0,0.0015,OK
dc,ss|on,err_pct,-0.6710,-0.6710,0,0.0015,OK
dc,ss|on,vbias_V,0.951269,0.951269,0,1e-06,OK
dc,ss|on,iout_uA,14.899356,14.899356,0,0.0015,OK
dc,ss|on,err_pct,-0.6710,-0.6710,0,0.0015,OK
dc,ss|on,vbias_V,0.951269,0.951269,0,1e-06,OK
dc,ss|on,iout_uA,14.899369,14.899369,0,0.0015,OK
dc,ss|on,err_pct,-0.6709,-0.6709,0,0.0015,OK
dc,ss|on,vbias_V,0.951269,0.951269,0,1e-06,OK
dc,ss|on,iout_uA,14.899381,14.899381,0,0.0015,OK
dc,ss|on,err_pct,-0.6708,-0.6708,0,0.0015,OK
dc,ss|on,vbias_V,0.951269,0.951269,0,1e-06,OK
dc,ss|on,iout_uA,14.899393,14.899393,0,0.0015,OK
dc,ss|on,err_pct,-0.6707,-0.6707,0,0.0015,OK
dc,ss|on,vbias_V,0.951269,0.951269,0,1e-06,OK
dc,ss|on,iout_uA,14.899405,14.899405,0,0.0015,OK
dc,ss|on,err_pct,-0.6706,-0.6706,0,0.0015,OK
dc,ss|on,vbias_V,0.951269,0.951269,0,1e-06,OK
dc,ss|on,iout_uA,14.899417,14.899417,0,0.0015,OK
dc,ss|on,err_pct,-0.6706,-0.6706,0,0.0015,OK
dc,ss|on,vbias_V,0.951269,0.951269,0,1e-06,OK
dc,ss|on,iout_uA,14.899428,14.899428,0,0.0015,OK
dc,ss|on,err_pct,-0.6705,-0.6705,0,0.0015,OK
dc,ss|on,vbias_V,0.951269,0.951269,0,1e-06,OK
dc,ss|on,iout_uA,14.899438,14.899438,0,0.0015,OK
dc,ss|on,err_pct,-0.6704,-0.6704,0,0.0015,OK
dc,ss|on,vbias_V,0.951269,0.951269,0,1e-06,OK
dc,ss|on,iout_uA,14.899449,14.899449,0,0.0015,OK
dc,ss|on,err_pct,-0.6703,-0.6703,0,0.0015,OK
dc,ss|on,vbias_V,0.951269,0.951269,0,1e-06,OK
dc,ss|on,iout_uA,14.899459,14.899459,0,0.0015,OK
dc,ss|on,err_pct,-0.6703,-0.6703,0,0.0015,OK
dc,ss|on,vbias_V,0.951269,0.951269,0,1e-06,OK
dc,ss|on,iout_uA,14.899469,14.899469,0,0.0015,OK
dc,ss|on,err_pct,-0.6702,-0.6702,0,0.0015,OK
dc,ss|on,vbias_V,0.951269,0.951269,0,1e-06,OK
dc,ss|on,iout_uA,14.899479,14.899479,0,0.0015,OK
dc,ss|on,err_pct,-0.6701,-0.6701,0,0.0015,OK
dc,ss|on,vbias_V,0.951269,0.951269,0,1e-06,OK
dc,ss|on,iout_uA,14.899489,14.899489,0,0.0015,OK
dc,ss|on,err_pct,-0.6701,-0.6701,0,0.0015,OK
dc,ss|on,vbias_V,0.951269,0.951269,0,1e-06,OK
dc,ss|on,iout_uA,14.899498,14.899498,0,0.0015,OK
dc,ss|on,err_pct,-0.6700,-0.6700,0,0.0015,OK
dc,ss|on,vbias_V,0.951269,0.951269,0,1e-06,OK
dc,ss|on,iout_uA,14.899508,14.899508,0,0.0015,OK
dc,ss|on,err_pct,-0.6699,-0.6699,0,0.0015,OK
dc,ss|on,vbias_V,0.951269,0.951269,0,1e-06,OK
dc,ss|on,iout_uA,14.899517,14.899517,0,0.0015,OK
dc,ss|on,err_pct,-0.6699,-0.6699,0,0.0015,OK
dc,ss|on,vbias_V,0.951269,0.951269,0,1e-06,OK
dc,ss|on,iout_uA,14.899526,14.899526,0,0.0015,OK
dc,ss|on,err_pct,-0.6698,-0.6698,0,0.0015,OK
dc,ss|on,vbias_V,0.951269,0.951269,0,1e-06,OK
dc,ss|on,iout_uA,14.899535,14.899535,0,0.0015,OK
dc,ss|on,err_pct,-0.6698,-0.6698,0,0.0015,OK
dc,ss|on,vbias_V,0.951269,0.951269,0,1e-06,OK
dc,ss|on,iout_uA,14.899544,14.899544,0,0.0015,OK
dc,ss|on,err_pct,-0.6697,-0.6697,0,0.0015,OK
dc,ss|on,vbias_V,0.951269,0.951269,0,1e-06,OK
dc,ss|on,iout_uA,14.899552,14.899552,0,0.0015,OK
dc,ss|on,err_pct,-0.6697,-0.6697,0,0.0015,OK
dc,ss|on,vbias_V,0.951269,0.951269,0,1e-06,OK
dc,ss|on,iout_uA,14.899561,14.899561,0,0.0015,OK
dc,ss|on,err_pct,-0.6696,-0.6696,0,0.0015,OK
dc,ss|on,vbias_V,0.951269,0.951269,0,1e-06,OK
dc,ss|on,iout_uA,14.899569,14.899569,0,0.0015,OK
dc,ss|on,err_pct,-0.6695,-0.6695,0,0.0015,OK
dc,ss|on,vbias_V,0.951269,0.951269,0,1e-06,OK
dc,ss|on,iout_uA,14.899577,14.899577,0,0.0015,OK
dc,ss|on,err_pct,-0.6695,-0.6695,0,0.0015,OK
dc,ss|on,vbias_V,0.951269,0.951269,0,1e-06,OK
dc,ss|on,iout_uA,14.899585,14.899585,0,0.0015,OK
dc,ss|on,err_pct,-0.6694,-0.6694,0,0.0015,OK
dc,ss|on,vbias_V,0.951269,0.951269,0,1e-06,OK
dc,ss|on,iout_uA,14.899593,14.899593,0,0.0015,OK
dc,ss|on,err_pct,-0.6694,-0.6694,0,0.0015,OK
dc,ss|on,vbias_V,0.951269,0.951269,0,1e-06,OK
dc,ss|on,iout_uA,14.899601,14.899601,0,0.0015,OK
dc,ss|on,err_pct,-0.6693,-0.6693,0,0.0015,OK
dc,ss|on,vbias_V,0.951269,0.951269,0,1e-06,OK
dc,ss|on,iout_uA,14.899609,14.899609,0,0.0015,OK
dc,ss|on,err_pct,-0.6693,-0.6693,0,0.0015,OK
dc,ss|on,vbias_V,0.951269,0.951269,0,1e-06,OK
dc,ss|on,iout_uA,14.899617,14.899617,0,0.0015,OK
dc,ss|on,err_pct,-0.6692,-0.6692,0,0.0015,OK
dc,ss|on,vbias_V,0.951269,0.951269,0,1e-06,OK
dc,ss|on,iout_uA,14.899625,14.899625,0,0.0015,OK
dc,ss|on,err_pct,-0.6692,-0.6692,0,0.0015,OK
dc,ss|on,vbias_V,0.951269,0.951269,0,1e-06,OK
dc,ss|on,iout_uA,14.899632,14.899632,0,0.0015,OK
dc,ss|on,err_pct,-0.6691,-0.6691,0,0.0015,OK
dc,ss|on,vbias_V,0.951269,0.951269,0,1e-06,OK
dc,ss|on,iout_uA,14.899640,14.899640,0,0.0015,OK
dc,ss|on,err_pct,-0.6691,-0.6691,0,0.0015,OK
dc,ss|on,vbias_V,0.951269,0.951269,0,1e-06,OK
dc,ss|on,iout_uA,14.899647,14.899647,0,0.0015,OK
dc,ss|on,err_pct,-0.6690,-0.6690,0,0.0015,OK
dc,ss|on,vbias_V,0.951269,0.951269,0,1e-06,OK
dc,ss|on,iout_uA,14.899655,14.899655,0,0.0015,OK
dc,ss|on,err_pct,-0.6690,-0.6690,0,0.0015,OK
dc,ss|on,vbias_V,0.951269,0.951269,0,1e-06,OK
dc,ss|on,iout_uA,14.899662,14.899662,0,0.0015,OK
dc,ss|on,err_pct,-0.6689,-0.6689,0,0.0015,OK
dc,ss|on,vbias_V,0.951269,0.951269,0,1e-06,OK
dc,ss|on,iout_uA,14.899669,14.899669,0,0.0015,OK
dc,ss|on,err_pct,-0.6689,-0.6689,0,0.0015,OK
dc,ss|on,vbias_V,0.951269,0.951269,0,1e-06,OK
dc,ss|on,iout_uA,14.899676,14.899676,0,0.0015,OK
dc,ss|on,err_pct,-0.6688,-0.6688,0,0.0015,OK
dc,ss|on,vbias_V,0.951269,0.951269,0,1e-06,OK
dc,ss|on,iout_uA,14.899683,14.899683,0,0.0015,OK
dc,ss|on,err_pct,-0.6688,-0.6688,0,0.0015,OK
dc,ss|on,vbias_V,0.951269,0.951269,0,1e-06,OK
dc,ss|on,iout_uA,14.899691,14.899691,0,0.0015,OK
dc,ss|on,err_pct,-0.6687,-0.6687,0,0.0015,OK
dc,ss|on,vbias_V,0.951269,0.951269,0,1e-06,OK
dc,ss|on,iout_uA,14.899698,14.899698,0,0.0015,OK
dc,ss|on,err_pct,-0.6687,-0.6687,0,0.0015,OK
dc,ss|on,vbias_V,0.951269,0.951269,0,1e-06,OK
dc,ss|on,iout_uA,14.899705,14.899705,0,0.0015,OK
dc,ss|on,err_pct,-0.6686,-0.6686,0,0.0015,OK
dc,ss|on,vbias_V,0.951269,0.951269,0,1e-06,OK
dc,ss|on,iout_uA,14.899711,14.899711,0,0.0015,OK
dc,ss|on,err_pct,-0.6686,-0.6686,0,0.0015,OK
dc,ss|on,vbias_V,0.951269,0.951269,0,1e-06,OK
dc,ss|on,iout_uA,14.899718,14.899718,0,0.0015,OK
dc,ss|on,err_pct,-0.6685,-0.6685,0,0.0015,OK
dc,ss|on,vbias_V,0.951269,0.951269,0,1e-06,OK
dc,ss|on,iout_uA,14.899725,14.899725,0,0.0015,OK
dc,ss|on,err_pct,-0.6685,-0.6685,0,0.0015,OK
dc,ss|on,vbias_V,0.951269,0.951269,0,1e-06,OK
dc,ss|on,iout_uA,14.899732,14.899732,0,0.0015,OK
dc,ss|on,err_pct,-0.6685,-0.6685,0,0.0015,OK
dc,ss|on,vbias_V,0.951269,0.951269,0,1e-06,OK
dc,ss|on,iout_uA,14.899739,14.899739,0,0.0015,OK
dc,ss|on,err_pct,-0.6684,-0.6684,0,0.0015,OK
dc,ss|on,vbias_V,0.951269,0.951269,0,1e-06,OK
dc,ss|on,iout_uA,14.899746,14.899746,0,0.0015,OK
dc,ss|on,err_pct,-0.6684,-0.6684,0,0.0015,OK
dc,ss|on,vbias_V,0.951269,0.951269,0,1e-06,OK
dc,ss|on,iout_uA,14.899752,14.899752,0,0.0015,OK
dc,ss|on,err_pct,-0.6683,-0.6683,0,0.0015,OK
dc,ss|on,vbias_V,0.951269,0.951269,0,1e-06,OK
dc,ss|on,iout_uA,14.899759,14.899759,0,0.0015,OK
dc,ss|on,err_pct,-0.6683,-0.6683,0,0.0015,OK
dc,ss|on,vbias_V,0.951269,0.951269,0,1e-06,OK
dc,ss|on,iout_uA,14.899766,14.899766,0,0.0015,OK
dc,ss|on,err_pct,-0.6682,-0.6682,0,0.0015,OK
dc,ss|on,vbias_V,0.951269,0.951269,0,1e-06,OK
dc,ss|on,iout_uA,14.899773,14.899773,0,0.0015,OK
dc,ss|on,err_pct,-0.6682,-0.6682,0,0.0015,OK
dc,ss|on,vbias_V,0.951269,0.951269,0,1e-06,OK
dc,ss|on,iout_uA,14.899780,14.899780,0,0.0015,OK
dc,ss|on,err_pct,-0.6681,-0.6681,0,0.0015,OK
dc,ss|on,vbias_V,0.951269,0.951269,0,1e-06,OK
dc,ss|on,iout_uA,14.899787,14.899787,0,0.0015,OK
dc,ss|on,err_pct,-0.6681,-0.6681,0,0.0015,OK
dc,ss|on,vbias_V,0.951269,0.951269,0,1e-06,OK
dc,ss|on,iout_uA,14.899794,14.899794,0,0.0015,OK
dc,ss|on,err_pct,-0.6680,-0.6680,0,0.0015,OK
dc,ss|on,vbias_V,0.951269,0.951269,0,1e-06,OK
dc,ss|on,iout_uA,14.899802,14.899802,0,0.0015,OK
dc,ss|on,err_pct,-0.6680,-0.6680,0,0.0015,OK
dc,ss|on,vbias_V,0.951269,0.951269,0,1e-06,OK
dc,ss|on,iout_uA,14.899809,14.899809,0,0.0015,OK
dc,ss|on,err_pct,-0.6679,-0.6679,0,0.0015,OK
dc,ss|on,vbias_V,0.951269,0.951269,0,1e-06,OK
dc,ss|on,iout_uA,14.899818,14.899818,0,0.0015,OK
dc,ss|on,err_pct,-0.6679,-0.6679,0,0.0015,OK
dc,ss|on,vbias_V,0.951269,0.951269,0,1e-06,OK
dc,ss|on,iout_uA,14.899826,14.899826,0,0.0015,OK
dc,ss|on,err_pct,-0.6678,-0.6678,0,0.0015,OK
dc,ss|on,vbias_V,0.951269,0.951269,0,1e-06,OK
dc,ss|on,iout_uA,14.899835,14.899835,0,0.0015,OK
dc,ss|on,err_pct,-0.6678,-0.6678,0,0.0015,OK
dc,ss|on,vbias_V,0.951269,0.951269,0,1e-06,OK
dc,ss|on,iout_uA,14.899845,14.899845,0,0.0015,OK
dc,ss|on,err_pct,-0.6677,-0.6677,0,0.0015,OK
dc,ss|on,vbias_V,0.951269,0.951269,0,1e-06,OK
dc,ss|on,iout_uA,14.899856,14.899856,0,0.0015,OK
dc,ss|on,err_pct,-0.6676,-0.6676,0,0.0015,OK
dc,ss|on,vbias_V,0.951269,0.951269,0,1e-06,OK
dc,ss|on,iout_uA,14.899868,14.899868,0,0.0015,OK
dc,ss|on,err_pct,-0.6675,-0.6675,0,0.0015,OK
dc,ss|on,vbias_V,0.951269,0.951269,0,1e-06,OK
dc,ss|on,iout_uA,14.899881,14.899881,0,0.0015,OK
dc,ss|on,err_pct,-0.6675,-0.6675,0,0.0015,OK
dc,ss|on,vbias_V,0.951269,0.951269,0,1e-06,OK
dc,ss|on,iout_uA,14.899895,14.899895,0,0.0015,OK
dc,ss|on,err_pct,-0.6674,-0.6674,0,0.0015,OK
dc,ss|on,vbias_V,0.951269,0.951269,0,1e-06,OK
dc,ss|on,iout_uA,14.899911,14.899911,0,0.0015,OK
dc,ss|on,err_pct,-0.6673,-0.6673,0,0.0015,OK
dc,ss|on,vbias_V,0.951269,0.951269,0,1e-06,OK
dc,ss|on,iout_uA,14.899930,14.899930,0,0.0015,OK
dc,ss|on,err_pct,-0.6671,-0.6671,0,0.0015,OK
dc,ss|on,vbias_V,0.951269,0.951269,0,1e-06,OK
dc,ss|on,iout_uA,14.899950,14.899950,0,0.0015,OK
dc,ss|on,err_pct,-0.6670,-0.6670,0,0.0015,OK
dc,ss|on,vbias_V,0.951269,0.951269,0,1e-06,OK
dc,ss|on,iout_uA,14.899974,14.899974,0,0.0015,OK
dc,ss|on,err_pct,-0.6668,-0.6668,0,0.0015,OK
dc,ss|on,vbias_V,0.951269,0.951269,0,1e-06,OK
dc,ss|on,iout_uA,14.900001,14.900001,0,0.0015,OK
dc,ss|on,err_pct,-0.6667,-0.6667,0,0.0015,OK
dc,ss|on,vbias_V,0.951269,0.951269,0,1e-06,OK
dc,ss|on,iout_uA,14.900032,14.900032,0,0.0015,OK
dc,ss|on,err_pct,-0.6665,-0.6665,0,0.0015,OK
dc,ss|on,vbias_V,0.951269,0.951269,0,1e-06,OK
dc,ss|on,iout_uA,14.900067,14.900067,0,0.0015,OK
dc,ss|on,err_pct,-0.6662,-0.6662,0,0.0015,OK
dc,ss|on,vbias_V,0.951269,0.951269,0,1e-06,OK
dc,ss|on,iout_uA,14.900108,14.900108,0,0.0015,OK
dc,ss|on,err_pct,-0.6659,-0.6659,0,0.0015,OK
dc,ss|on,vbias_V,0.951269,0.951269,0,1e-06,OK
dc,ss|on,iout_uA,14.900154,14.900154,0,0.0015,OK
dc,ss|on,err_pct,-0.6656,-0.6656,0,0.0015,OK
dc,ss|on,vbias_V,0.951269,0.951269,0,1e-06,OK
dc,ss|on,iout_uA,14.900207,14.900207,0,0.0015,OK
dc,ss|on,err_pct,-0.6653,-0.6653,0,0.0015,OK
dc,ss|on,vbias_V,0.951269,0.951269,0,1e-06,OK
dc,ss|on,iout_uA,14.900268,14.900268,0,0.0015,OK
dc,ss|on,err_pct,-0.6649,-0.6649,0,0.0015,OK
dc,ss|on,vbias_V,0.951269,0.951269,0,1e-06,OK
dc,ss|on,iout_uA,14.900338,14.900338,0,0.0015,OK
dc,ss|on,err_pct,-0.6644,-0.6644,0,0.0015,OK
dc,ss|on,vbias_V,0.951269,0.951269,0,1e-06,OK
dc,ss|on,iout_uA,14.900417,14.900417,0,0.0015,OK
dc,ss|on,err_pct,-0.6639,-0.6639,0,0.0015,OK
dc,ss|on,vbias_V,0.951269,0.951269,0,1e-06,OK
dc,ss|on,iout_uA,14.900508,14.900508,0,0.0015,OK
dc,ss|on,err_pct,-0.6633,-0.6633,0,0.0015,OK
dc,ss|on,vbias_V,0.951269,0.951269,0,1e-06,OK
dc,ss|on,iout_uA,14.900611,14.900611,0,0.0015,OK
dc,ss|on,err_pct,-0.6626,-0.6626,0,0.0015,OK
dc,ss|on,vbias_V,0.951269,0.951269,0,1e-06,OK
dc,ss|on,iout_uA,14.900728,14.900728,0,0.0015,OK
dc,ss|on,err_pct,-0.6618,-0.6618,0,0.0015,OK
dc,ss|on,vbias_V,0.951269,0.951269,0,1e-06,OK
dc,ss|on,iout_uA,14.900861,14.900861,0,0.0015,OK
dc,ss|on,err_pct,-0.6609,-0.6609,0,0.0015,OK
dc,ss|on,vbias_V,0.951269,0.951269,0,1e-06,OK
dc,ss|on,iout_uA,14.901012,14.901012,0,0.0015,OK
dc,ss|on,err_pct,-0.6599,-0.6599,0,0.0015,OK
dc,ss|on,vbias_V,0.951269,0.951269,0,1e-06,OK
dc,ss|on,iout_uA,14.901182,14.901182,0,0.0015,OK
dc,ss|on,err_pct,-0.6588,-0.6588,0,0.0015,OK
dc,ss|on,vbias_V,0.951269,0.951269,0,1e-06,OK
dc,ss|on,iout_uA,14.901374,14.901374,0,0.0015,OK
dc,ss|on,err_pct,-0.6575,-0.6575,0,0.0015,OK
dc,ss|on,vbias_V,0.951269,0.951269,0,1e-06,OK
dc,ss|on,iout_uA,14.901590,14.901590,0,0.0015,OK
dc,ss|on,err_pct,-0.6561,-0.6561,0,0.0015,OK
dc,ss|on,vbias_V,0.951269,0.951269,0,1e-06,OK
dc,ss|on,iout_uA,14.901833,14.901833,0,0.0015,OK
dc,ss|on,err_pct,-0.6544,-0.6544,0,0.0015,OK
dc,ss|on,vbias_V,0.951269,0.951269,0,1e-06,OK
dc,ss|on,iout_uA,14.902105,14.902105,0,0.0015,OK
dc,ss|on,err_pct,-0.6526,-0.6526,0,0.0015,OK
dc,ss|on,vbias_V,0.951269,0.951269,0,1e-06,OK
dc,ss|on,iout_uA,14.902409,14.902409,0,0.0015,OK
dc,ss|on,err_pct,-0.6506,-0.6506,0,0.0015,OK
dc,ss|on,vbias_V,0.951269,0.951269,0,1e-06,OK
dc,ss|on,iout_uA,14.902749,14.902749,0,0.0015,OK
dc,ss|on,err_pct,-0.6483,-0.6483,0,0.0015,OK
dc,ss|on,vbias_V,0.951269,0.951269,0,1e-06,OK
dc,ss|on,iout_uA,14.903127,14.903127,0,0.0015,OK
dc,ss|on,err_pct,-0.6458,-0.6458,0,0.0015,OK
dc,ss|on,vbias_V,0.951269,0.951269,0,1e-06,OK
dc,ss|on,iout_uA,14.903548,14.903548,0,0.0015,OK
dc,ss|on,err_pct,-0.6430,-0.6430,0,0.0015,OK
dc,ss|on,vbias_V,0.951269,0.951269,0,1e-06,OK
dc,ss|on,iout_uA,14.904016,14.904016,0,0.0015,OK
dc,ss|on,err_pct,-0.6399,-0.6399,0,0.0015,OK
dc,ss|on,vbias_V,0.951269,0.951269,0,1e-06,OK
dc,ss|on,iout_uA,14.904533,14.904533,0,0.0015,OK
dc,ss|on,err_pct,-0.6364,-0.6364,0,0.0015,OK
dc,ss|on,vbias_V,0.951269,0.951269,0,1e-06,OK
dc,ss|on,iout_uA,14.905105,14.905105,0,0.0015,OK
dc,ss|on,err_pct,-0.6326,-0.6326,0,0.0015,OK
dc,ss|on,vbias_V,0.951269,0.951269,0,1e-06,OK
dc,ss|on,iout_uA,14.905737,14.905737,0,0.0015,OK
dc,ss|on,err_pct,-0.6284,-0.6284,0,0.0015,OK
dc,ss|on,vbias_V,0.951269,0.951269,0,1e-06,OK
dc,ss|on,iout_uA,14.906433,14.906433,0,0.0015,OK
dc,ss|on,err_pct,-0.6238,-0.6238,0,0.0015,OK
dc,ss|on,vbias_V,0.951269,0.951269,0,1e-06,OK
dc,ss|on,iout_uA,14.907199,14.907199,0,0.0015,OK
dc,ss|on,err_pct,-0.6187,-0.6187,0,0.0015,OK
dc,ss|on,vbias_V,0.951269,0.951269,0,1e-06,OK
dc,ss|on,iout_uA,14.908040,14.908040,0,0.0015,OK
dc,ss|on,err_pct,-0.6131,-0.6131,0,0.0015,OK
dc,ss|on,vbias_V,0.951269,0.951269,0,1e-06,OK
dc,ss|on,iout_uA,14.908962,14.908962,0,0.0015,OK
dc,ss|on,err_pct,-0.6069,-0.6069,0,0.0015,OK
dc,ss|on,vbias_V,0.951269,0.951269,0,1e-06,OK
dc,ss|on,iout_uA,14.909971,14.909971,0,0.0015,OK
dc,ss|on,err_pct,-0.6002,-0.6002,0,0.0015,OK
dc,ss|on,vbias_V,0.951269,0.951269,0,1e-06,OK
dc,ss|on,iout_uA,14.911074,14.911074,0,0.0015,OK
dc,ss|on,err_pct,-0.5928,-0.5928,0,0.0015,OK
dc,ss|on,vbias_V,0.951269,0.951269,0,1e-06,OK
dc,ss|on,iout_uA,14.912277,14.912277,0,0.0015,OK
dc,ss|on,err_pct,-0.5848,-0.5848,0,0.0015,OK
dc,ss|on,vbias_V,0.951269,0.951269,0,1e-06,OK
dc,ss|on,iout_uA,14.913588,14.913588,0,0.0015,OK
dc,ss|on,err_pct,-0.5761,-0.5761,0,0.0015,OK
dc,ss|on,vbias_V,0.951269,0.951269,0,1e-06,OK
dc,ss|on,iout_uA,14.915014,14.915014,0,0.0015,OK
dc,ss|on,err_pct,-0.5666,-0.5666,0,0.0015,OK
dc,ss|on,vbias_V,0.951269,0.951269,0,1e-06,OK
dc,ss|on,iout_uA,14.916564,14.916564,0,0.0015,OK
dc,ss|on,err_pct,-0.5562,-0.5562,0,0.0015,OK
dc,ss|on,vbias_V,0.951269,0.951269,0,1e-06,OK
dc,ss|on,iout_uA,14.918245,14.918245,0,0.0015,OK
dc,ss|on,err_pct,-0.5450,-0.5450,0,0.0015,OK
dc,ss|on,vbias_V,0.951269,0.951269,0,1e-06,OK
dc,ss|on,iout_uA,14.920066,14.920066,0,0.0015,OK
dc,ss|on,err_pct,-0.5329,-0.5329,0,0.0015,OK
dc,ss|on,vbias_V,0.951269,0.951269,0,1e-06,OK
dc,ss|on,iout_uA,14.922036,14.922036,0,0.0015,OK
dc,ss|on,err_pct,-0.5198,-0.5198,0,0.0015,OK
dc,ss|on,vbias_V,0.951269,0.951269,0,1e-06,OK
dc,ss|on,iout_uA,14.924165,14.924165,0,0.0015,OK
dc,ss|on,err_pct,-0.5056,-0.5056,0,0.0015,OK
dc,ss|on,vbias_V,0.951269,0.951269,0,1e-06,OK
dc,ss|on,iout_uA,14.926462,14.926462,0,0.0015,OK
dc,ss|on,err_pct,-0.4903,-0.4903,0,0.0015,OK
dc,ss|on,vbias_V,0.951269,0.951269,0,1e-06,OK
dc,ss|on,iout_uA,14.928938,14.928938,0,0.0015,OK
dc,ss|on,err_pct,-0.4737,-0.4737,0,0.0015,OK
dc,ss|on,vbias_V,0.951269,0.951269,0,1e-06,OK
dc,ss|on,iout_uA,14.931603,14.931603,0,0.0015,OK
dc,ss|on,err_pct,-0.4560,-0.4560,0,0.0015,OK
dc,ss|on,vbias_V,0.951269,0.951269,0,1e-06,OK
dc,ss|on,iout_uA,14.934468,14.934468,0,0.0015,OK
dc,ss|on,err_pct,-0.4369,-0.4369,0,0.0015,OK
dc,ss|on,vbias_V,0.951269,0.951269,0,1e-06,OK
dc,tt|off,iout_uA,-0.000000,-0.000000,0,0.0015,OK
dc,tt|off,err_pct,-100.0000,-100.0000,0,0.0015,OK
dc,tt|off,vbias_V,0.884277,0.884277,0,1e-06,OK
dc,tt|off,iout_uA,0.000000,0.000000,0,0.0015,OK
dc,tt|off,err_pct,-100.0000,-100.0000,0,0.0015,OK
dc,tt|off,vbias_V,0.884261,0.884261,0,1e-06,OK
dc,tt|off,iout_uA,0.000000,0.000000,0,0.0015,OK
dc,tt|off,err_pct,-100.0000,-100.0000,0,0.0015,OK
dc,tt|off,vbias_V,0.884261,0.884261,0,1e-06,OK
dc,tt|off,iout_uA,0.000000,0.000000,0,0.0015,OK
dc,tt|off,err_pct,-100.0000,-100.0000,0,0.0015,OK
dc,tt|off,vbias_V,0.884261,0.884261,0,1e-06,OK
dc,tt|off,iout_uA,0.000000,0.000000,0,0.0015,OK
dc,tt|off,err_pct,-100.0000,-100.0000,0,0.0015,OK
dc,tt|off,vbias_V,0.884261,0.884261,0,1e-06,OK
dc,tt|off,iout_uA,0.000000,0.000000,0,0.0015,OK
dc,tt|off,err_pct,-100.0000,-100.0000,0,0.0015,OK
dc,tt|off,vbias_V,0.884261,0.884261,0,1e-06,OK
dc,tt|off,iout_uA,0.000000,0.000000,0,0.0015,OK
dc,tt|off,err_pct,-100.0000,-100.0000,0,0.0015,OK
dc,tt|off,vbias_V,0.884261,0.884261,0,1e-06,OK
dc,tt|off,iout_uA,0.000000,0.000000,0,0.0015,OK
dc,tt|off,err_pct,-100.0000,-100.0000,0,0.0015,OK
dc,tt|off,vbias_V,0.884261,0.884261,0,1e-06,OK
dc,tt|off,iout_uA,0.000000,0.000000,0,0.0015,OK
dc,tt|off,err_pct,-100.0000,-100.0000,0,0.0015,OK
dc,tt|off,vbias_V,0.884261,0.884261,0,1e-06,OK
dc,tt|off,iout_uA,0.000000,0.000000,0,0.0015,OK
dc,tt|off,err_pct,-100.0000,-100.0000,0,0.0015,OK
dc,tt|off,vbias_V,0.884261,0.884261,0,1e-06,OK
dc,tt|off,iout_uA,0.000000,0.000000,0,0.0015,OK
dc,tt|off,err_pct,-100.0000,-100.0000,0,0.0015,OK
dc,tt|off,vbias_V,0.884261,0.884261,0,1e-06,OK
dc,tt|off,iout_uA,0.000000,0.000000,0,0.0015,OK
dc,tt|off,err_pct,-100.0000,-100.0000,0,0.0015,OK
dc,tt|off,vbias_V,0.884261,0.884261,0,1e-06,OK
dc,tt|off,iout_uA,0.000000,0.000000,0,0.0015,OK
dc,tt|off,err_pct,-100.0000,-100.0000,0,0.0015,OK
dc,tt|off,vbias_V,0.884261,0.884261,0,1e-06,OK
dc,tt|off,iout_uA,0.000000,0.000000,0,0.0015,OK
dc,tt|off,err_pct,-100.0000,-100.0000,0,0.0015,OK
dc,tt|off,vbias_V,0.884261,0.884261,0,1e-06,OK
dc,tt|off,iout_uA,0.000000,0.000000,0,0.0015,OK
dc,tt|off,err_pct,-100.0000,-100.0000,0,0.0015,OK
dc,tt|off,vbias_V,0.884261,0.884261,0,1e-06,OK
dc,tt|off,iout_uA,0.000000,0.000000,0,0.0015,OK
dc,tt|off,err_pct,-100.0000,-100.0000,0,0.0015,OK
dc,tt|off,vbias_V,0.884261,0.884261,0,1e-06,OK
dc,tt|off,iout_uA,0.000000,0.000000,0,0.0015,OK
dc,tt|off,err_pct,-100.0000,-100.0000,0,0.0015,OK
dc,tt|off,vbias_V,0.884261,0.884261,0,1e-06,OK
dc,tt|off,iout_uA,0.000000,0.000000,0,0.0015,OK
dc,tt|off,err_pct,-100.0000,-100.0000,0,0.0015,OK
dc,tt|off,vbias_V,0.884261,0.884261,0,1e-06,OK
dc,tt|off,iout_uA,0.000000,0.000000,0,0.0015,OK
dc,tt|off,err_pct,-100.0000,-100.0000,0,0.0015,OK
dc,tt|off,vbias_V,0.884261,0.884261,0,1e-06,OK
dc,tt|off,iout_uA,0.000000,0.000000,0,0.0015,OK
dc,tt|off,err_pct,-100.0000,-100.0000,0,0.0015,OK
dc,tt|off,vbias_V,0.884261,0.884261,0,1e-06,OK
dc,tt|off,iout_uA,0.000000,0.000000,0,0.0015,OK
dc,tt|off,err_pct,-100.0000,-100.0000,0,0.0015,OK
dc,tt|off,vbias_V,0.884261,0.884261,0,1e-06,OK
dc,tt|off,iout_uA,0.000000,0.000000,0,0.0015,OK
dc,tt|off,err_pct,-100.0000,-100.0000,0,0.0015,OK
dc,tt|off,vbias_V,0.884261,0.884261,0,1e-06,OK
dc,tt|off,iout_uA,0.000000,0.000000,0,0.0015,OK
dc,tt|off,err_pct,-100.0000,-100.0000,0,0.0015,OK
dc,tt|off,vbias_V,0.884261,0.884261,0,1e-06,OK
dc,tt|off,iout_uA,0.000000,0.000000,0,0.0015,OK
dc,tt|off,err_pct,-100.0000,-100.0000,0,0.0015,OK
dc,tt|off,vbias_V,0.884261,0.884261,0,1e-06,OK
dc,tt|off,iout_uA,0.000000,0.000000,0,0.0015,OK
dc,tt|off,err_pct,-100.0000,-100.0000,0,0.0015,OK
dc,tt|off,vbias_V,0.884261,0.884261,0,1e-06,OK
dc,tt|off,iout_uA,0.000000,0.000000,0,0.0015,OK
dc,tt|off,err_pct,-100.0000,-100.0000,0,0.0015,OK
dc,tt|off,vbias_V,0.884261,0.884261,0,1e-06,OK
dc,tt|off,iout_uA,0.000000,0.000000,0,0.0015,OK
dc,tt|off,err_pct,-100.0000,-100.0000,0,0.0015,OK
dc,tt|off,vbias_V,0.884261,0.884261,0,1e-06,OK
dc,tt|off,iout_uA,0.000000,0.000000,0,0.0015,OK
dc,tt|off,err_pct,-100.0000,-100.0000,0,0.0015,OK
dc,tt|off,vbias_V,0.884261,0.884261,0,1e-06,OK
dc,tt|off,iout_uA,0.000000,0.000000,0,0.0015,OK
dc,tt|off,err_pct,-100.0000,-100.0000,0,0.0015,OK
dc,tt|off,vbias_V,0.884261,0.884261,0,1e-06,OK
dc,tt|off,iout_uA,0.000000,0.000000,0,0.0015,OK
dc,tt|off,err_pct,-100.0000,-100.0000,0,0.0015,OK
dc,tt|off,vbias_V,0.884261,0.884261,0,1e-06,OK
dc,tt|off,iout_uA,0.000000,0.000000,0,0.0015,OK
dc,tt|off,err_pct,-100.0000,-100.0000,0,0.0015,OK
dc,tt|off,vbias_V,0.884261,0.884261,0,1e-06,OK
dc,tt|off,iout_uA,0.000000,0.000000,0,0.0015,OK
dc,tt|off,err_pct,-100.0000,-100.0000,0,0.0015,OK
dc,tt|off,vbias_V,0.884261,0.884261,0,1e-06,OK
dc,tt|off,iout_uA,0.000000,0.000000,0,0.0015,OK
dc,tt|off,err_pct,-100.0000,-100.0000,0,0.0015,OK
dc,tt|off,vbias_V,0.884261,0.884261,0,1e-06,OK
dc,tt|off,iout_uA,0.000000,0.000000,0,0.0015,OK
dc,tt|off,err_pct,-100.0000,-100.0000,0,0.0015,OK
dc,tt|off,vbias_V,0.884261,0.884261,0,1e-06,OK
dc,tt|off,iout_uA,0.000000,0.000000,0,0.0015,OK
dc,tt|off,err_pct,-100.0000,-100.0000,0,0.0015,OK
dc,tt|off,vbias_V,0.884261,0.884261,0,1e-06,OK
dc,tt|off,iout_uA,0.000000,0.000000,0,0.0015,OK
dc,tt|off,err_pct,-100.0000,-100.0000,0,0.0015,OK
dc,tt|off,vbias_V,0.884261,0.884261,0,1e-06,OK
dc,tt|off,iout_uA,0.000000,0.000000,0,0.0015,OK
dc,tt|off,err_pct,-100.0000,-100.0000,0,0.0015,OK
dc,tt|off,vbias_V,0.884261,0.884261,0,1e-06,OK
dc,tt|off,iout_uA,0.000000,0.000000,0,0.0015,OK
dc,tt|off,err_pct,-100.0000,-100.0000,0,0.0015,OK
dc,tt|off,vbias_V,0.884261,0.884261,0,1e-06,OK
dc,tt|off,iout_uA,0.000000,0.000000,0,0.0015,OK
dc,tt|off,err_pct,-100.0000,-100.0000,0,0.0015,OK
dc,tt|off,vbias_V,0.884261,0.884261,0,1e-06,OK
dc,tt|off,iout_uA,0.000000,0.000000,0,0.0015,OK
dc,tt|off,err_pct,-100.0000,-100.0000,0,0.0015,OK
dc,tt|off,vbias_V,0.884261,0.884261,0,1e-06,OK
dc,tt|off,iout_uA,0.000000,0.000000,0,0.0015,OK
dc,tt|off,err_pct,-100.0000,-100.0000,0,0.0015,OK
dc,tt|off,vbias_V,0.884261,0.884261,0,1e-06,OK
dc,tt|off,iout_uA,0.000000,0.000000,0,0.0015,OK
dc,tt|off,err_pct,-100.0000,-100.0000,0,0.0015,OK
dc,tt|off,vbias_V,0.884261,0.884261,0,1e-06,OK
dc,tt|off,iout_uA,0.000000,0.000000,0,0.0015,OK
dc,tt|off,err_pct,-100.0000,-100.0000,0,0.0015,OK
dc,tt|off,vbias_V,0.884261,0.884261,0,1e-06,OK
dc,tt|off,iout_uA,0.000000,0.000000,0,0.0015,OK
dc,tt|off,err_pct,-100.0000,-100.0000,0,0.0015,OK
dc,tt|off,vbias_V,0.884261,0.884261,0,1e-06,OK
dc,tt|off,iout_uA,0.000000,0.000000,0,0.0015,OK
dc,tt|off,err_pct,-100.0000,-100.0000,0,0.0015,OK
dc,tt|off,vbias_V,0.884261,0.884261,0,1e-06,OK
dc,tt|off,iout_uA,0.000000,0.000000,0,0.0015,OK
dc,tt|off,err_pct,-100.0000,-100.0000,0,0.0015,OK
dc,tt|off,vbias_V,0.884261,0.884261,0,1e-06,OK
dc,tt|off,iout_uA,0.000000,0.000000,0,0.0015,OK
dc,tt|off,err_pct,-100.0000,-100.0000,0,0.0015,OK
dc,tt|off,vbias_V,0.884261,0.884261,0,1e-06,OK
dc,tt|off,iout_uA,0.000000,0.000000,0,0.0015,OK
dc,tt|off,err_pct,-100.0000,-100.0000,0,0.0015,OK
dc,tt|off,vbias_V,0.884261,0.884261,0,1e-06,OK
dc,tt|off,iout_uA,0.000000,0.000000,0,0.0015,OK
dc,tt|off,err_pct,-100.0000,-100.0000,0,0.0015,OK
dc,tt|off,vbias_V,0.884261,0.884261,0,1e-06,OK
dc,tt|off,iout_uA,0.000001,0.000001,0,0.0015,OK
dc,tt|off,err_pct,-100.0000,-100.0000,0,0.0015,OK
dc,tt|off,vbias_V,0.884261,0.884261,0,1e-06,OK
dc,tt|off,iout_uA,0.000001,0.000001,0,0.0015,OK
dc,tt|off,err_pct,-100.0000,-100.0000,0,0.0015,OK
dc,tt|off,vbias_V,0.884261,0.884261,0,1e-06,OK
dc,tt|off,iout_uA,0.000001,0.000001,0,0.0015,OK
dc,tt|off,err_pct,-100.0000,-100.0000,0,0.0015,OK
dc,tt|off,vbias_V,0.884261,0.884261,0,1e-06,OK
dc,tt|off,iout_uA,0.000001,0.000001,0,0.0015,OK
dc,tt|off,err_pct,-100.0000,-100.0000,0,0.0015,OK
dc,tt|off,vbias_V,0.884261,0.884261,0,1e-06,OK
dc,tt|off,iout_uA,0.000001,0.000001,0,0.0015,OK
dc,tt|off,err_pct,-100.0000,-100.0000,0,0.0015,OK
dc,tt|off,vbias_V,0.884261,0.884261,0,1e-06,OK
dc,tt|off,iout_uA,0.000001,0.000001,0,0.0015,OK
dc,tt|off,err_pct,-100.0000,-100.0000,0,0.0015,OK
dc,tt|off,vbias_V,0.884261,0.884261,0,1e-06,OK
dc,tt|off,iout_uA,0.000001,0.000001,0,0.0015,OK
dc,tt|off,err_pct,-100.0000,-100.0000,0,0.0015,OK
dc,tt|off,vbias_V,0.884261,0.884261,0,1e-06,OK
dc,tt|off,iout_uA,0.000001,0.000001,0,0.0015,OK
dc,tt|off,err_pct,-100.0000,-100.0000,0,0.0015,OK
dc,tt|off,vbias_V,0.884261,0.884261,0,1e-06,OK
dc,tt|off,iout_uA,0.000001,0.000001,0,0.0015,OK
dc,tt|off,err_pct,-100.0000,-100.0000,0,0.0015,OK
dc,tt|off,vbias_V,0.884261,0.884261,0,1e-06,OK
dc,tt|off,iout_uA,0.000001,0.000001,0,0.0015,OK
dc,tt|off,err_pct,-100.0000,-100.0000,0,0.0015,OK
dc,tt|off,vbias_V,0.884261,0.884261,0,1e-06,OK
dc,tt|off,iout_uA,0.000001,0.000001,0,0.0015,OK
dc,tt|off,err_pct,-100.0000,-100.0000,0,0.0015,OK
dc,tt|off,vbias_V,0.884261,0.884261,0,1e-06,OK
dc,tt|off,iout_uA,0.000001,0.000001,0,0.0015,OK
dc,tt|off,err_pct,-100.0000,-100.0000,0,0.0015,OK
dc,tt|off,vbias_V,0.884261,0.884261,0,1e-06,OK
dc,tt|off,iout_uA,0.000001,0.000001,0,0.0015,OK
dc,tt|off,err_pct,-100.0000,-100.0000,0,0.0015,OK
dc,tt|off,vbias_V,0.884261,0.884261,0,1e-06,OK
dc,tt|off,iout_uA,0.000001,0.000001,0,0.0015,OK
dc,tt|off,err_pct,-100.0000,-100.0000,0,0.0015,OK
dc,tt|off,vbias_V,0.884261,0.884261,0,1e-06,OK
dc,tt|off,iout_uA,0.000001,0.000001,0,0.0015,OK
dc,tt|off,err_pct,-100.0000,-100.0000,0,0.0015,OK
dc,tt|off,vbias_V,0.884261,0.884261,0,1e-06,OK
dc,tt|off,iout_uA,0.000001,0.000001,0,0.0015,OK
dc,tt|off,err_pct,-100.0000,-100.0000,0,0.0015,OK
dc,tt|off,vbias_V,0.884261,0.884261,0,1e-06,OK
dc,tt|off,iout_uA,0.000001,0.000001,0,0.0015,OK
dc,tt|off,err_pct,-100.0000,-100.0000,0,0.0015,OK
dc,tt|off,vbias_V,0.884261,0.884261,0,1e-06,OK
dc,tt|off,iout_uA,0.000001,0.000001,0,0.0015,OK
dc,tt|off,err_pct,-100.0000,-100.0000,0,0.0015,OK
dc,tt|off,vbias_V,0.884261,0.884261,0,1e-06,OK
dc,tt|off,iout_uA,0.000001,0.000001,0,0.0015,OK
dc,tt|off,err_pct,-100.0000,-100.0000,0,0.0015,OK
dc,tt|off,vbias_V,0.884261,0.884261,0,1e-06,OK
dc,tt|off,iout_uA,0.000001,0.000001,0,0.0015,OK
dc,tt|off,err_pct,-100.0000,-100.0000,0,0.0015,OK
dc,tt|off,vbias_V,0.884261,0.884261,0,1e-06,OK
dc,tt|off,iout_uA,0.000001,0.000001,0,0.0015,OK
dc,tt|off,err_pct,-100.0000,-100.0000,0,0.0015,OK
dc,tt|off,vbias_V,0.884261,0.884261,0,1e-06,OK
dc,tt|off,iout_uA,0.000001,0.000001,0,0.0015,OK
dc,tt|off,err_pct,-100.0000,-100.0000,0,0.0015,OK
dc,tt|off,vbias_V,0.884261,0.884261,0,1e-06,OK
dc,tt|off,iout_uA,0.000001,0.000001,0,0.0015,OK
dc,tt|off,err_pct,-100.0000,-100.0000,0,0.0015,OK
dc,tt|off,vbias_V,0.884261,0.884261,0,1e-06,OK
dc,tt|off,iout_uA,0.000001,0.000001,0,0.0015,OK
dc,tt|off,err_pct,-100.0000,-100.0000,0,0.0015,OK
dc,tt|off,vbias_V,0.884261,0.884261,0,1e-06,OK
dc,tt|off,iout_uA,0.000001,0.000001,0,0.0015,OK
dc,tt|off,err_pct,-100.0000,-100.0000,0,0.0015,OK
dc,tt|off,vbias_V,0.884261,0.884261,0,1e-06,OK
dc,tt|off,iout_uA,0.000001,0.000001,0,0.0015,OK
dc,tt|off,err_pct,-100.0000,-100.0000,0,0.0015,OK
dc,tt|off,vbias_V,0.884261,0.884261,0,1e-06,OK
dc,tt|off,iout_uA,0.000001,0.000001,0,0.0015,OK
dc,tt|off,err_pct,-100.0000,-100.0000,0,0.0015,OK
dc,tt|off,vbias_V,0.884261,0.884261,0,1e-06,OK
dc,tt|off,iout_uA,0.000001,0.000001,0,0.0015,OK
dc,tt|off,err_pct,-100.0000,-100.0000,0,0.0015,OK
dc,tt|off,vbias_V,0.884261,0.884261,0,1e-06,OK
dc,tt|off,iout_uA,0.000001,0.000001,0,0.0015,OK
dc,tt|off,err_pct,-100.0000,-100.0000,0,0.0015,OK
dc,tt|off,vbias_V,0.884261,0.884261,0,1e-06,OK
dc,tt|off,iout_uA,0.000001,0.000001,0,0.0015,OK
dc,tt|off,err_pct,-100.0000,-100.0000,0,0.0015,OK
dc,tt|off,vbias_V,0.884261,0.884261,0,1e-06,OK
dc,tt|off,iout_uA,0.000001,0.000001,0,0.0015,OK
dc,tt|off,err_pct,-100.0000,-100.0000,0,0.0015,OK
dc,tt|off,vbias_V,0.884261,0.884261,0,1e-06,OK
dc,tt|off,iout_uA,0.000001,0.000001,0,0.0015,OK
dc,tt|off,err_pct,-100.0000,-100.0000,0,0.0015,OK
dc,tt|off,vbias_V,0.884261,0.884261,0,1e-06,OK
dc,tt|off,iout_uA,0.000001,0.000001,0,0.0015,OK
dc,tt|off,err_pct,-100.0000,-100.0000,0,0.0015,OK
dc,tt|off,vbias_V,0.884261,0.884261,0,1e-06,OK
dc,tt|off,iout_uA,0.000001,0.000001,0,0.0015,OK
dc,tt|off,err_pct,-100.0000,-100.0000,0,0.0015,OK
dc,tt|off,vbias_V,0.884261,0.884261,0,1e-06,OK
dc,tt|off,iout_uA,0.000001,0.000001,0,0.0015,OK
dc,tt|off,err_pct,-100.0000,-100.0000,0,0.0015,OK
dc,tt|off,vbias_V,0.884261,0.884261,0,1e-06,OK
dc,tt|off,iout_uA,0.000001,0.000001,0,0.0015,OK
dc,tt|off,err_pct,-100.0000,-100.0000,0,0.0015,OK
dc,tt|off,vbias_V,0.884261,0.884261,0,1e-06,OK
dc,tt|off,iout_uA,0.000001,0.000001,0,0.0015,OK
dc,tt|off,err_pct,-100.0000,-100.0000,0,0.0015,OK
dc,tt|off,vbias_V,0.884261,0.884261,0,1e-06,OK
dc,tt|off,iout_uA,0.000001,0.000001,0,0.0015,OK
dc,tt|off,err_pct,-100.0000,-100.0000,0,0.0015,OK
dc,tt|off,vbias_V,0.884261,0.884261,0,1e-06,OK
dc,tt|off,iout_uA,0.000001,0.000001,0,0.0015,OK
dc,tt|off,err_pct,-100.0000,-100.0000,0,0.0015,OK
dc,tt|off,vbias_V,0.884261,0.884261,0,1e-06,OK
dc,tt|off,iout_uA,0.000001,0.000001,0,0.0015,OK
dc,tt|off,err_pct,-100.0000,-100.0000,0,0.0015,OK
dc,tt|off,vbias_V,0.884261,0.884261,0,1e-06,OK
dc,tt|off,iout_uA,0.000001,0.000001,0,0.0015,OK
dc,tt|off,err_pct,-100.0000,-100.0000,0,0.0015,OK
dc,tt|off,vbias_V,0.884261,0.884261,0,1e-06,OK
dc,tt|off,iout_uA,0.000001,0.000001,0,0.0015,OK
dc,tt|off,err_pct,-100.0000,-100.0000,0,0.0015,OK
dc,tt|off,vbias_V,0.884261,0.884261,0,1e-06,OK
dc,tt|off,iout_uA,0.000001,0.000001,0,0.0015,OK
dc,tt|off,err_pct,-100.0000,-100.0000,0,0.0015,OK
dc,tt|off,vbias_V,0.884261,0.884261,0,1e-06,OK
dc,tt|off,iout_uA,0.000001,0.000001,0,0.0015,OK
dc,tt|off,err_pct,-100.0000,-100.0000,0,0.0015,OK
dc,tt|off,vbias_V,0.884261,0.884261,0,1e-06,OK
dc,tt|off,iout_uA,0.000001,0.000001,0,0.0015,OK
dc,tt|off,err_pct,-100.0000,-100.0000,0,0.0015,OK
dc,tt|off,vbias_V,0.884261,0.884261,0,1e-06,OK
dc,tt|off,iout_uA,0.000001,0.000001,0,0.0015,OK
dc,tt|off,err_pct,-100.0000,-100.0000,0,0.0015,OK
dc,tt|off,vbias_V,0.884261,0.884261,0,1e-06,OK
dc,tt|off,iout_uA,0.000001,0.000001,0,0.0015,OK
dc,tt|off,err_pct,-100.0000,-100.0000,0,0.0015,OK
dc,tt|off,vbias_V,0.884261,0.884261,0,1e-06,OK
dc,tt|off,iout_uA,0.000001,0.000001,0,0.0015,OK
dc,tt|off,err_pct,-100.0000,-100.0000,0,0.0015,OK
dc,tt|off,vbias_V,0.884261,0.884261,0,1e-06,OK
dc,tt|off,iout_uA,0.000001,0.000001,0,0.0015,OK
dc,tt|off,err_pct,-100.0000,-100.0000,0,0.0015,OK
dc,tt|off,vbias_V,0.884261,0.884261,0,1e-06,OK
dc,tt|off,iout_uA,0.000001,0.000001,0,0.0015,OK
dc,tt|off,err_pct,-100.0000,-100.0000,0,0.0015,OK
dc,tt|off,vbias_V,0.884261,0.884261,0,1e-06,OK
dc,tt|off,iout_uA,0.000001,0.000001,0,0.0015,OK
dc,tt|off,err_pct,-100.0000,-100.0000,0,0.0015,OK
dc,tt|off,vbias_V,0.884261,0.884261,0,1e-06,OK
dc,tt|off,iout_uA,0.000001,0.000001,0,0.0015,OK
dc,tt|off,err_pct,-100.0000,-100.0000,0,0.0015,OK
dc,tt|off,vbias_V,0.884261,0.884261,0,1e-06,OK
dc,tt|off,iout_uA,0.000001,0.000001,0,0.0015,OK
dc,tt|off,err_pct,-100.0000,-100.0000,0,0.0015,OK
dc,tt|off,vbias_V,0.884261,0.884261,0,1e-06,OK
dc,tt|off,iout_uA,0.000001,0.000001,0,0.0015,OK
dc,tt|off,err_pct,-100.0000,-100.0000,0,0.0015,OK
dc,tt|off,vbias_V,0.884261,0.884261,0,1e-06,OK
dc,tt|off,iout_uA,0.000001,0.000001,0,0.0015,OK
dc,tt|off,err_pct,-100.0000,-100.0000,0,0.0015,OK
dc,tt|off,vbias_V,0.884261,0.884261,0,1e-06,OK
dc,tt|off,iout_uA,0.000001,0.000001,0,0.0015,OK
dc,tt|off,err_pct,-100.0000,-100.0000,0,0.0015,OK
dc,tt|off,vbias_V,0.884261,0.884261,0,1e-06,OK
dc,tt|off,iout_uA,0.000001,0.000001,0,0.0015,OK
dc,tt|off,err_pct,-100.0000,-100.0000,0,0.0015,OK
dc,tt|off,vbias_V,0.884261,0.884261,0,1e-06,OK
dc,tt|off,iout_uA,0.000001,0.000001,0,0.0015,OK
dc,tt|off,err_pct,-100.0000,-100.0000,0,0.0015,OK
dc,tt|off,vbias_V,0.884261,0.884261,0,1e-06,OK
dc,tt|off,iout_uA,0.000001,0.000001,0,0.0015,OK
dc,tt|off,err_pct,-100.0000,-100.0000,0,0.0015,OK
dc,tt|off,vbias_V,0.884261,0.884261,0,1e-06,OK
dc,tt|off,iout_uA,0.000002,0.000002,0,0.0015,OK
dc,tt|off,err_pct,-100.0000,-100.0000,0,0.0015,OK
dc,tt|off,vbias_V,0.884261,0.884261,0,1e-06,OK
dc,tt|off,iout_uA,0.000002,0.000002,0,0.0015,OK
dc,tt|off,err_pct,-100.0000,-100.0000,0,0.0015,OK
dc,tt|off,vbias_V,0.884261,0.884261,0,1e-06,OK
dc,tt|off,iout_uA,0.000002,0.000002,0,0.0015,OK
dc,tt|off,err_pct,-100.0000,-100.0000,0,0.0015,OK
dc,tt|off,vbias_V,0.884261,0.884261,0,1e-06,OK
dc,tt|off,iout_uA,0.000002,0.000002,0,0.0015,OK
dc,tt|off,err_pct,-100.0000,-100.0000,0,0.0015,OK
dc,tt|off,vbias_V,0.884261,0.884261,0,1e-06,OK
dc,tt|off,iout_uA,0.000002,0.000002,0,0.0015,OK
dc,tt|off,err_pct,-100.0000,-100.0000,0,0.0015,OK
dc,tt|off,vbias_V,0.884261,0.884261,0,1e-06,OK
dc,tt|off,iout_uA,0.000002,0.000002,0,0.0015,OK
dc,tt|off,err_pct,-100.0000,-100.0000,0,0.0015,OK
dc,tt|off,vbias_V,0.884261,0.884261,0,1e-06,OK
dc,tt|off,iout_uA,0.000002,0.000002,0,0.0015,OK
dc,tt|off,err_pct,-100.0000,-100.0000,0,0.0015,OK
dc,tt|off,vbias_V,0.884261,0.884261,0,1e-06,OK
dc,tt|off,iout_uA,0.000002,0.000002,0,0.0015,OK
dc,tt|off,err_pct,-100.0000,-100.0000,0,0.0015,OK
dc,tt|off,vbias_V,0.884261,0.884261,0,1e-06,OK
dc,tt|off,iout_uA,0.000002,0.000002,0,0.0015,OK
dc,tt|off,err_pct,-100.0000,-100.0000,0,0.0015,OK
dc,tt|off,vbias_V,0.884261,0.884261,0,1e-06,OK
dc,tt|off,iout_uA,0.000002,0.000002,0,0.0015,OK
dc,tt|off,err_pct,-100.0000,-100.0000,0,0.0015,OK
dc,tt|off,vbias_V,0.884261,0.884261,0,1e-06,OK
dc,tt|off,iout_uA,0.000002,0.000002,0,0.0015,OK
dc,tt|off,err_pct,-100.0000,-100.0000,0,0.0015,OK
dc,tt|off,vbias_V,0.884261,0.884261,0,1e-06,OK
dc,tt|off,iout_uA,0.000002,0.000002,0,0.0015,OK
dc,tt|off,err_pct,-100.0000,-100.0000,0,0.0015,OK
dc,tt|off,vbias_V,0.884261,0.884261,0,1e-06,OK
dc,tt|off,iout_uA,0.000002,0.000002,0,0.0015,OK
dc,tt|off,err_pct,-100.0000,-100.0000,0,0.0015,OK
dc,tt|off,vbias_V,0.884261,0.884261,0,1e-06,OK
dc,tt|off,iout_uA,0.000002,0.000002,0,0.0015,OK
dc,tt|off,err_pct,-100.0000,-100.0000,0,0.0015,OK
dc,tt|off,vbias_V,0.884261,0.884261,0,1e-06,OK
dc,tt|off,iout_uA,0.000002,0.000002,0,0.0015,OK
dc,tt|off,err_pct,-100.0000,-100.0000,0,0.0015,OK
dc,tt|off,vbias_V,0.884261,0.884261,0,1e-06,OK
dc,tt|off,iout_uA,0.000002,0.000002,0,0.0015,OK
dc,tt|off,err_pct,-100.0000,-100.0000,0,0.0015,OK
dc,tt|off,vbias_V,0.884261,0.884261,0,1e-06,OK
dc,tt|off,iout_uA,0.000002,0.000002,0,0.0015,OK
dc,tt|off,err_pct,-100.0000,-100.0000,0,0.0015,OK
dc,tt|off,vbias_V,0.884261,0.884261,0,1e-06,OK
dc,tt|off,iout_uA,0.000002,0.000002,0,0.0015,OK
dc,tt|off,err_pct,-100.0000,-100.0000,0,0.0015,OK
dc,tt|off,vbias_V,0.884261,0.884261,0,1e-06,OK
dc,tt|off,iout_uA,0.000002,0.000002,0,0.0015,OK
dc,tt|off,err_pct,-100.0000,-100.0000,0,0.0015,OK
dc,tt|off,vbias_V,0.884261,0.884261,0,1e-06,OK
dc,tt|off,iout_uA,0.000002,0.000002,0,0.0015,OK
dc,tt|off,err_pct,-100.0000,-100.0000,0,0.0015,OK
dc,tt|off,vbias_V,0.884261,0.884261,0,1e-06,OK
dc,tt|off,iout_uA,0.000002,0.000002,0,0.0015,OK
dc,tt|off,err_pct,-100.0000,-100.0000,0,0.0015,OK
dc,tt|off,vbias_V,0.884261,0.884261,0,1e-06,OK
dc,tt|off,iout_uA,0.000002,0.000002,0,0.0015,OK
dc,tt|off,err_pct,-100.0000,-100.0000,0,0.0015,OK
dc,tt|off,vbias_V,0.884261,0.884261,0,1e-06,OK
dc,tt|off,iout_uA,0.000002,0.000002,0,0.0015,OK
dc,tt|off,err_pct,-100.0000,-100.0000,0,0.0015,OK
dc,tt|off,vbias_V,0.884261,0.884261,0,1e-06,OK
dc,tt|off,iout_uA,0.000002,0.000002,0,0.0015,OK
dc,tt|off,err_pct,-100.0000,-100.0000,0,0.0015,OK
dc,tt|off,vbias_V,0.884261,0.884261,0,1e-06,OK
dc,tt|off,iout_uA,0.000002,0.000002,0,0.0015,OK
dc,tt|off,err_pct,-100.0000,-100.0000,0,0.0015,OK
dc,tt|off,vbias_V,0.884261,0.884261,0,1e-06,OK
dc,tt|off,iout_uA,0.000002,0.000002,0,0.0015,OK
dc,tt|off,err_pct,-100.0000,-100.0000,0,0.0015,OK
dc,tt|off,vbias_V,0.884261,0.884261,0,1e-06,OK
dc,tt|off,iout_uA,0.000002,0.000002,0,0.0015,OK
dc,tt|off,err_pct,-100.0000,-100.0000,0,0.0015,OK
dc,tt|off,vbias_V,0.884261,0.884261,0,1e-06,OK
dc,tt|off,iout_uA,0.000003,0.000003,0,0.0015,OK
dc,tt|off,err_pct,-100.0000,-100.0000,0,0.0015,OK
dc,tt|off,vbias_V,0.884261,0.884261,0,1e-06,OK
dc,tt|off,iout_uA,0.000003,0.000003,0,0.0015,OK
dc,tt|off,err_pct,-100.0000,-100.0000,0,0.0015,OK
dc,tt|off,vbias_V,0.884261,0.884261,0,1e-06,OK
dc,tt|off,iout_uA,0.000003,0.000003,0,0.0015,OK
dc,tt|off,err_pct,-100.0000,-100.0000,0,0.0015,OK
dc,tt|off,vbias_V,0.884261,0.884261,0,1e-06,OK
dc,tt|off,iout_uA,0.000003,0.000003,0,0.0015,OK
dc,tt|off,err_pct,-100.0000,-100.0000,0,0.0015,OK
dc,tt|off,vbias_V,0.884261,0.884261,0,1e-06,OK
dc,tt|off,iout_uA,0.000003,0.000003,0,0.0015,OK
dc,tt|off,err_pct,-100.0000,-100.0000,0,0.0015,OK
dc,tt|off,vbias_V,0.884261,0.884261,0,1e-06,OK
dc,tt|off,iout_uA,0.000003,0.000003,0,0.0015,OK
dc,tt|off,err_pct,-100.0000,-100.0000,0,0.0015,OK
dc,tt|off,vbias_V,0.884261,0.884261,0,1e-06,OK
dc,tt|off,iout_uA,0.000003,0.000003,0,0.0015,OK
dc,tt|off,err_pct,-100.0000,-100.0000,0,0.0015,OK
dc,tt|off,vbias_V,0.884261,0.884261,0,1e-06,OK
dc,tt|off,iout_uA,0.000003,0.000003,0,0.0015,OK
dc,tt|off,err_pct,-100.0000,-100.0000,0,0.0015,OK
dc,tt|off,vbias_V,0.884261,0.884261,0,1e-06,OK
dc,tt|off,iout_uA,0.000003,0.000003,0,0.0015,OK
dc,tt|off,err_pct,-100.0000,-100.0000,0,0.0015,OK
dc,tt|off,vbias_V,0.884261,0.884261,0,1e-06,OK
dc,tt|off,iout_uA,0.000003,0.000003,0,0.0015,OK
dc,tt|off,err_pct,-100.0000,-100.0000,0,0.0015,OK
dc,tt|off,vbias_V,0.884261,0.884261,0,1e-06,OK
dc,tt|off,iout_uA,0.000003,0.000003,0,0.0015,OK
dc,tt|off,err_pct,-100.0000,-100.0000,0,0.0015,OK
dc,tt|off,vbias_V,0.884261,0.884261,0,1e-06,OK
dc,tt|off,iout_uA,0.000003,0.000003,0,0.0015,OK
dc,tt|off,err_pct,-100.0000,-100.0000,0,0.0015,OK
dc,tt|off,vbias_V,0.884261,0.884261,0,1e-06,OK
dc,tt|off,iout_uA,0.000003,0.000003,0,0.0015,OK
dc,tt|off,err_pct,-100.0000,-100.0000,0,0.0015,OK
dc,tt|off,vbias_V,0.884261,0.884261,0,1e-06,OK
dc,tt|off,iout_uA,0.000003,0.000003,0,0.0015,OK
dc,tt|off,err_pct,-100.0000,-100.0000,0,0.0015,OK
dc,tt|off,vbias_V,0.884261,0.884261,0,1e-06,OK
dc,tt|off,iout_uA,0.000003,0.000003,0,0.0015,OK
dc,tt|off,err_pct,-100.0000,-100.0000,0,0.0015,OK
dc,tt|off,vbias_V,0.884261,0.884261,0,1e-06,OK
dc,tt|off,iout_uA,0.000003,0.000003,0,0.0015,OK
dc,tt|off,err_pct,-100.0000,-100.0000,0,0.0015,OK
dc,tt|off,vbias_V,0.884261,0.884261,0,1e-06,OK
dc,tt|off,iout_uA,0.000003,0.000003,0,0.0015,OK
dc,tt|off,err_pct,-100.0000,-100.0000,0,0.0015,OK
dc,tt|off,vbias_V,0.884261,0.884261,0,1e-06,OK
dc,tt|off,iout_uA,0.000004,0.000004,0,0.0015,OK
dc,tt|off,err_pct,-100.0000,-100.0000,0,0.0015,OK
dc,tt|off,vbias_V,0.884261,0.884261,0,1e-06,OK
dc,tt|off,iout_uA,0.000004,0.000004,0,0.0015,OK
dc,tt|off,err_pct,-100.0000,-100.0000,0,0.0015,OK
dc,tt|off,vbias_V,0.884261,0.884261,0,1e-06,OK
dc,tt|off,iout_uA,0.000004,0.000004,0,0.0015,OK
dc,tt|off,err_pct,-100.0000,-100.0000,0,0.0015,OK
dc,tt|off,vbias_V,0.884261,0.884261,0,1e-06,OK
dc,tt|off,iout_uA,0.000004,0.000004,0,0.0015,OK
dc,tt|off,err_pct,-100.0000,-100.0000,0,0.0015,OK
dc,tt|off,vbias_V,0.884261,0.884261,0,1e-06,OK
dc,tt|off,iout_uA,0.000004,0.000004,0,0.0015,OK
dc,tt|off,err_pct,-100.0000,-100.0000,0,0.0015,OK
dc,tt|off,vbias_V,0.884261,0.884261,0,1e-06,OK
dc,tt|off,iout_uA,0.000004,0.000004,0,0.0015,OK
dc,tt|off,err_pct,-100.0000,-100.0000,0,0.0015,OK
dc,tt|off,vbias_V,0.884261,0.884261,0,1e-06,OK
dc,tt|off,iout_uA,0.000004,0.000004,0,0.0015,OK
dc,tt|off,err_pct,-100.0000,-100.0000,0,0.0015,OK
dc,tt|off,vbias_V,0.884261,0.884261,0,1e-06,OK
dc,tt|off,iout_uA,0.000004,0.000004,0,0.0015,OK
dc,tt|off,err_pct,-100.0000,-100.0000,0,0.0015,OK
dc,tt|off,vbias_V,0.884261,0.884261,0,1e-06,OK
dc,tt|off,iout_uA,0.000004,0.000004,0,0.0015,OK
dc,tt|off,err_pct,-100.0000,-100.0000,0,0.0015,OK
dc,tt|off,vbias_V,0.884261,0.884261,0,1e-06,OK
dc,tt|off,iout_uA,0.000004,0.000004,0,0.0015,OK
dc,tt|off,err_pct,-100.0000,-100.0000,0,0.0015,OK
dc,tt|off,vbias_V,0.884261,0.884261,0,1e-06,OK
dc,tt|off,iout_uA,0.000004,0.000004,0,0.0015,OK
dc,tt|off,err_pct,-100.0000,-100.0000,0,0.0015,OK
dc,tt|off,vbias_V,0.884261,0.884261,0,1e-06,OK
dc,tt|off,iout_uA,0.000004,0.000004,0,0.0015,OK
dc,tt|off,err_pct,-100.0000,-100.0000,0,0.0015,OK
dc,tt|off,vbias_V,0.884261,0.884261,0,1e-06,OK
dc,tt|off,iout_uA,0.000004,0.000004,0,0.0015,OK
dc,tt|off,err_pct,-100.0000,-100.0000,0,0.0015,OK
dc,tt|off,vbias_V,0.884261,0.884261,0,1e-06,OK
dc,tt|off,iout_uA,0.000005,0.000005,0,0.0015,OK
dc,tt|off,err_pct,-100.0000,-100.0000,0,0.0015,OK
dc,tt|off,vbias_V,0.884261,0.884261,0,1e-06,OK
dc,tt|on,iout_uA,-0.000000,-0.000000,0,0.0015,OK
dc,tt|on,err_pct,-100.0000,-100.0000,0,0.0015,OK
dc,tt|on,vbias_V,0.884261,0.884261,0,1e-06,OK
dc,tt|on,iout_uA,4.290040,4.290040,0,0.0015,OK
dc,tt|on,err_pct,-71.3997,-71.3997,0,0.0015,OK
dc,tt|on,vbias_V,0.884261,0.884261,0,1e-06,OK
dc,tt|on,iout_uA,7.855070,7.855070,0,0.0015,OK
dc,tt|on,err_pct,-47.6329,-47.6329,0,0.0015,OK
dc,tt|on,vbias_V,0.884261,0.884261,0,1e-06,OK
dc,tt|on,iout_uA,10.670579,10.670579,0,0.0015,OK
dc,tt|on,err_pct,-28.8628,-28.8628,0,0.0015,OK
dc,tt|on,vbias_V,0.884261,0.884261,0,1e-06,OK
dc,tt|on,iout_uA,12.708470,12.708470,0,0.0015,OK
dc,tt|on,err_pct,-15.2769,-15.2769,0,0.0015,OK
dc,tt|on,vbias_V,0.884261,0.884261,0,1e-06,OK
dc,tt|on,iout_uA,13.945454,13.945454,0,0.0015,OK
dc,tt|on,err_pct,-7.0303,-7.0303,0,0.0015,OK
dc,tt|on,vbias_V,0.884261,0.884261,0,1e-06,OK
dc,tt|on,iout_uA,14.447539,14.447539,0,0.0015,OK
dc,tt|on,err_pct,-3.6831,-3.6831,0,0.0015,OK
dc,tt|on,vbias_V,0.884261,0.884261,0,1e-06,OK
dc,tt|on,iout_uA,14.576419,14.576419,0,0.0015,OK
dc,tt|on,err_pct,-2.8239,-2.8239,0,0.0015,OK
dc,tt|on,vbias_V,0.884261,0.884261,0,1e-06,OK
dc,tt|on,iout_uA,14.627626,14.627626,0,0.0015,OK
dc,tt|on,err_pct,-2.4825,-2.4825,0,0.0015,OK
dc,tt|on,vbias_V,0.884261,0.884261,0,1e-06,OK
dc,tt|on,iout_uA,14.660981,14.660981,0,0.0015,OK
dc,tt|on,err_pct,-2.2601,-2.2601,0,0.0015,OK
dc,tt|on,vbias_V,0.884261,0.884261,0,1e-06,OK
dc,tt|on,iout_uA,14.686840,14.686840,0,0.0015,OK
dc,tt|on,err_pct,-2.0877,-2.0877,0,0.0015,OK
dc,tt|on,vbias_V,0.884261,0.884261,0,1e-06,OK
dc,tt|on,iout_uA,14.708372,14.708372,0,0.0015,OK
dc,tt|on,err_pct,-1.9442,-1.9442,0,0.0015,OK
dc,tt|on,vbias_V,0.884261,0.884261,0,1e-06,OK
dc,tt|on,iout_uA,14.727006,14.727006,0,0.0015,OK
dc,tt|on,err_pct,-1.8200,-1.8200,0,0.0015,OK
dc,tt|on,vbias_V,0.884261,0.884261,0,1e-06,OK
dc,tt|on,iout_uA,14.743530,14.743530,0,0.0015,OK
dc,tt|on,err_pct,-1.7098,-1.7098,0,0.0015,OK
dc,tt|on,vbias_V,0.884261,0.884261,0,1e-06,OK
dc,tt|on,iout_uA,14.758438,14.758438,0,0.0015,OK
dc,tt|on,err_pct,-1.6104,-1.6104,0,0.0015,OK
dc,tt|on,vbias_V,0.884261,0.884261,0,1e-06,OK
dc,tt|on,iout_uA,14.772063,14.772063,0,0.0015,OK
dc,tt|on,err_pct,-1.5196,-1.5196,0,0.0015,OK
dc,tt|on,vbias_V,0.884261,0.884261,0,1e-06,OK
dc,tt|on,iout_uA,14.784639,14.784639,0,0.0015,OK
dc,tt|on,err_pct,-1.4357,-1.4357,0,0.0015,OK
dc,tt|on,vbias_V,0.884261,0.884261,0,1e-06,OK
dc,tt|on,iout_uA,14.796340,14.796340,0,0.0015,OK
dc,tt|on,err_pct,-1.3577,-1.3577,0,0.0015,OK
dc,tt|on,vbias_V,0.884261,0.884261,0,1e-06,OK
dc,tt|on,iout_uA,14.807296,14.807296,0,0.0015,OK
dc,tt|on,err_pct,-1.2847,-1.2847,0,0.0015,OK
dc,tt|on,vbias_V,0.884261,0.884261,0,1e-06,OK
dc,tt|on,iout_uA,14.817610,14.817610,0,0.0015,OK
dc,tt|on,err_pct,-1.2159,-1.2159,0,0.0015,OK
dc,tt|on,vbias_V,0.884261,0.884261,0,1e-06,OK
dc,tt|on,iout_uA,14.827359,14.827359,0,0.0015,OK
dc,tt|on,err_pct,-1.1509,-1.1509,0,0.0015,OK
dc,tt|on,vbias_V,0.884261,0.884261,0,1e-06,OK
dc,tt|on,iout_uA,14.836607,14.836607,0,0.0015,OK
dc,tt|on,err_pct,-1.0893,-1.0893,0,0.0015,OK
dc,tt|on,vbias_V,0.884261,0.884261,0,1e-06,OK
dc,tt|on,iout_uA,14.845403,14.845403,0,0.0015,OK
dc,tt|on,err_pct,-1.0306,-1.0306,0,0.0015,OK
dc,tt|on,vbias_V,0.884261,0.884261,0,1e-06,OK
dc,tt|on,iout_uA,14.853787,14.853787,0,0.0015,OK
dc,tt|on,err_pct,-0.9748,-0.9748,0,0.0015,OK
dc,tt|on,vbias_V,0.884261,0.884261,0,1e-06,OK
dc,tt|on,iout_uA,14.861788,14.861788,0,0.0015,OK
dc,tt|on,err_pct,-0.9214,-0.9214,0,0.0015,OK
dc,tt|on,vbias_V,0.884261,0.884261,0,1e-06,OK
dc,tt|on,iout_uA,14.869429,14.869429,0,0.0015,OK
dc,tt|on,err_pct,-0.8705,-0.8705,0,0.0015,OK
dc,tt|on,vbias_V,0.884261,0.884261,0,1e-06,OK
dc,tt|on,iout_uA,14.876724,14.876724,0,0.0015,OK
dc,tt|on,err_pct,-0.8218,-0.8218,0,0.0015,OK
dc,tt|on,vbias_V,0.884261,0.884261,0,1e-06,OK
dc,tt|on,iout_uA,14.883682,14.883682,0,0.0015,OK
dc,tt|on,err_pct,-0.7755,-0.7755,0,0.0015,OK
dc,tt|on,vbias_V,0.884261,0.884261,0,1e-06,OK
dc,tt|on,iout_uA,14.890303,14.890303,0,0.0015,OK
dc,tt|on,err_pct,-0.7313,-0.7313,0,0.0015,OK
dc,tt|on,vbias_V,0.884261,0.884261,0,1e-06,OK
dc,tt|on,iout_uA,14.896580,14.896580,0,0.0015,OK
dc,tt|on,err_pct,-0.6895,-0.6895,0,0.0015,OK
dc,tt|on,vbias_V,0.884261,0.884261,0,1e-06,OK
dc,tt|on,iout_uA,14.902498,14.902498,0,0.0015,OK
dc,tt|on,err_pct,-0.6500,-0.6500,0,0.0015,OK
dc,tt|on,vbias_V,0.884261,0.884261,0,1e-06,OK
dc,tt|on,iout_uA,14.908030,14.908030,0,0.0015,OK
dc,tt|on,err_pct,-0.6131,-0.6131,0,0.0015,OK
dc,tt|on,vbias_V,0.884261,0.884261,0,1e-06,OK
dc,tt|on,iout_uA,14.913141,14.913141,0,0.0015,OK
dc,tt|on,err_pct,-0.5791,-0.5791,0,0.0015,OK
dc,tt|on,vbias_V,0.884261,0.884261,0,1e-06,OK
dc,tt|on,iout_uA,14.917780,14.917780,0,0.0015,OK
dc,tt|on,err_pct,-0.5481,-0.5481,0,0.0015,OK
dc,tt|on,vbias_V,0.884261,0.884261,0,1e-06,OK
dc,tt|on,iout_uA,14.921882,14.921882,0,0.0015,OK
dc,tt|on,err_pct,-0.5208,-0.5208,0,0.0015,OK
dc,tt|on,vbias_V,0.884261,0.884261,0,1e-06,OK
dc,tt|on,iout_uA,14.925367,14.925367,0,0.0015,OK
dc,tt|on,err_pct,-0.4976,-0.4976,0,0.0015,OK
dc,tt|on,vbias_V,0.884261,0.884261,0,1e-06,OK
dc,tt|on,iout_uA,14.928133,14.928133,0,0.0015,OK
dc,tt|on,err_pct,-0.4791,-0.4791,0,0.0015,OK
dc,tt|on,vbias_V,0.884261,0.884261,0,1e-06,OK
dc,tt|on,iout_uA,14.930062,14.930062,0,0.0015,OK
dc,tt|on,err_pct,-0.4663,-0.4663,0,0.0015,OK
dc,tt|on,vbias_V,0.884261,0.884261,0,1e-06,OK
dc,tt|on,iout_uA,14.931068,14.931068,0,0.0015,OK
dc,tt|on,err_pct,-0.4595,-0.4595,0,0.0015,OK
dc,tt|on,vbias_V,0.884261,0.884261,0,1e-06,OK
dc,tt|on,iout_uA,14.931383,14.931383,0,0.0015,OK
dc,tt|on,err_pct,-0.4574,-0.4574,0,0.0015,OK
dc,tt|on,vbias_V,0.884261,0.884261,0,1e-06,OK
dc,tt|on,iout_uA,14.931484,14.931484,0,0.0015,OK
dc,tt|on,err_pct,-0.4568,-0.4568,0,0.0015,OK
dc,tt|on,vbias_V,0.884261,0.884261,0,1e-06,OK
dc,tt|on,iout_uA,14.931541,14.931541,0,0.0015,OK
dc,tt|on,err_pct,-0.4564,-0.4564,0,0.0015,OK
dc,tt|on,vbias_V,0.884261,0.884261,0,1e-06,OK
dc,tt|on,iout_uA,14.931583,14.931583,0,0.0015,OK
dc,tt|on,err_pct,-0.4561,-0.4561,0,0.0015,OK
dc,tt|on,vbias_V,0.884261,0.884261,0,1e-06,OK
dc,tt|on,iout_uA,14.931618,14.931618,0,0.0015,OK
dc,tt|on,err_pct,-0.4559,-0.4559,0,0.0015,OK
dc,tt|on,vbias_V,0.884261,0.884261,0,1e-06,OK
dc,tt|on,iout_uA,14.931648,14.931648,0,0.0015,OK
dc,tt|on,err_pct,-0.4557,-0.4557,0,0.0015,OK
dc,tt|on,vbias_V,0.884261,0.884261,0,1e-06,OK
dc,tt|on,iout_uA,14.931674,14.931674,0,0.0015,OK
dc,tt|on,err_pct,-0.4555,-0.4555,0,0.0015,OK
dc,tt|on,vbias_V,0.884261,0.884261,0,1e-06,OK
dc,tt|on,iout_uA,14.931697,14.931697,0,0.0015,OK
dc,tt|on,err_pct,-0.4554,-0.4554,0,0.0015,OK
dc,tt|on,vbias_V,0.884261,0.884261,0,1e-06,OK
dc,tt|on,iout_uA,14.931718,14.931718,0,0.0015,OK
dc,tt|on,err_pct,-0.4552,-0.4552,0,0.0015,OK
dc,tt|on,vbias_V,0.884261,0.884261,0,1e-06,OK
dc,tt|on,iout_uA,14.931738,14.931738,0,0.0015,OK
dc,tt|on,err_pct,-0.4551,-0.4551,0,0.0015,OK
dc,tt|on,vbias_V,0.884261,0.884261,0,1e-06,OK
dc,tt|on,iout_uA,14.931756,14.931756,0,0.0015,OK
dc,tt|on,err_pct,-0.4550,-0.4550,0,0.0015,OK
dc,tt|on,vbias_V,0.884261,0.884261,0,1e-06,OK
dc,tt|on,iout_uA,14.931773,14.931773,0,0.0015,OK
dc,tt|on,err_pct,-0.4548,-0.4548,0,0.0015,OK
dc,tt|on,vbias_V,0.884261,0.884261,0,1e-06,OK
dc,tt|on,iout_uA,14.931789,14.931789,0,0.0015,OK
dc,tt|on,err_pct,-0.4547,-0.4547,0,0.0015,OK
dc,tt|on,vbias_V,0.884261,0.884261,0,1e-06,OK
dc,tt|on,iout_uA,14.931805,14.931805,0,0.0015,OK
dc,tt|on,err_pct,-0.4546,-0.4546,0,0.0015,OK
dc,tt|on,vbias_V,0.884261,0.884261,0,1e-06,OK
dc,tt|on,iout_uA,14.931819,14.931819,0,0.0015,OK
dc,tt|on,err_pct,-0.4545,-0.4545,0,0.0015,OK
dc,tt|on,vbias_V,0.884261,0.884261,0,1e-06,OK
dc,tt|on,iout_uA,14.931833,14.931833,0,0.0015,OK
dc,tt|on,err_pct,-0.4544,-0.4544,0,0.0015,OK
dc,tt|on,vbias_V,0.884261,0.884261,0,1e-06,OK
dc,tt|on,iout_uA,14.931846,14.931846,0,0.0015,OK
dc,tt|on,err_pct,-0.4544,-0.4544,0,0.0015,OK
dc,tt|on,vbias_V,0.884261,0.884261,0,1e-06,OK
dc,tt|on,iout_uA,14.931859,14.931859,0,0.0015,OK
dc,tt|on,err_pct,-0.4543,-0.4543,0,0.0015,OK
dc,tt|on,vbias_V,0.884261,0.884261,0,1e-06,OK
dc,tt|on,iout_uA,14.931871,14.931871,0,0.0015,OK
dc,tt|on,err_pct,-0.4542,-0.4542,0,0.0015,OK
dc,tt|on,vbias_V,0.884261,0.884261,0,1e-06,OK
dc,tt|on,iout_uA,14.931883,14.931883,0,0.0015,OK
dc,tt|on,err_pct,-0.4541,-0.4541,0,0.0015,OK
dc,tt|on,vbias_V,0.884261,0.884261,0,1e-06,OK
dc,tt|on,iout_uA,14.931894,14.931894,0,0.0015,OK
dc,tt|on,err_pct,-0.4540,-0.4540,0,0.0015,OK
dc,tt|on,vbias_V,0.884261,0.884261,0,1e-06,OK
dc,tt|on,iout_uA,14.931906,14.931906,0,0.0015,OK
dc,tt|on,err_pct,-0.4540,-0.4540,0,0.0015,OK
dc,tt|on,vbias_V,0.884261,0.884261,0,1e-06,OK
dc,tt|on,iout_uA,14.931916,14.931916,0,0.0015,OK
dc,tt|on,err_pct,-0.4539,-0.4539,0,0.0015,OK
dc,tt|on,vbias_V,0.884261,0.884261,0,1e-06,OK
dc,tt|on,iout_uA,14.931927,14.931927,0,0.0015,OK
dc,tt|on,err_pct,-0.4538,-0.4538,0,0.0015,OK
dc,tt|on,vbias_V,0.884261,0.884261,0,1e-06,OK
dc,tt|on,iout_uA,14.931937,14.931937,0,0.0015,OK
dc,tt|on,err_pct,-0.4538,-0.4538,0,0.0015,OK
dc,tt|on,vbias_V,0.884261,0.884261,0,1e-06,OK
dc,tt|on,iout_uA,14.931947,14.931947,0,0.0015,OK
dc,tt|on,err_pct,-0.4537,-0.4537,0,0.0015,OK
dc,tt|on,vbias_V,0.884261,0.884261,0,1e-06,OK
dc,tt|on,iout_uA,14.931957,14.931957,0,0.0015,OK
dc,tt|on,err_pct,-0.4536,-0.4536,0,0.0015,OK
dc,tt|on,vbias_V,0.884261,0.884261,0,1e-06,OK
dc,tt|on,iout_uA,14.931967,14.931967,0,0.0015,OK
dc,tt|on,err_pct,-0.4536,-0.4536,0,0.0015,OK
dc,tt|on,vbias_V,0.884261,0.884261,0,1e-06,OK
dc,tt|on,iout_uA,14.931976,14.931976,0,0.0015,OK
dc,tt|on,err_pct,-0.4535,-0.4535,0,0.0015,OK
dc,tt|on,vbias_V,0.884261,0.884261,0,1e-06,OK
dc,tt|on,iout_uA,14.931985,14.931985,0,0.0015,OK
dc,tt|on,err_pct,-0.4534,-0.4534,0,0.0015,OK
dc,tt|on,vbias_V,0.884261,0.884261,0,1e-06,OK
dc,tt|on,iout_uA,14.931994,14.931994,0,0.0015,OK
dc,tt|on,err_pct,-0.4534,-0.4534,0,0.0015,OK
dc,tt|on,vbias_V,0.884261,0.884261,0,1e-06,OK
dc,tt|on,iout_uA,14.932003,14.932003,0,0.0015,OK
dc,tt|on,err_pct,-0.4533,-0.4533,0,0.0015,OK
dc,tt|on,vbias_V,0.884261,0.884261,0,1e-06,OK
dc,tt|on,iout_uA,14.932012,14.932012,0,0.0015,OK
dc,tt|on,err_pct,-0.4533,-0.4533,0,0.0015,OK
dc,tt|on,vbias_V,0.884261,0.884261,0,1e-06,OK
dc,tt|on,iout_uA,14.932020,14.932020,0,0.0015,OK
dc,tt|on,err_pct,-0.4532,-0.4532,0,0.0015,OK
dc,tt|on,vbias_V,0.884261,0.884261,0,1e-06,OK
dc,tt|on,iout_uA,14.932029,14.932029,0,0.0015,OK
dc,tt|on,err_pct,-0.4531,-0.4531,0,0.0015,OK
dc,tt|on,vbias_V,0.884261,0.884261,0,1e-06,OK
dc,tt|on,iout_uA,14.932037,14.932037,0,0.0015,OK
dc,tt|on,err_pct,-0.4531,-0.4531,0,0.0015,OK
dc,tt|on,vbias_V,0.884261,0.884261,0,1e-06,OK
dc,tt|on,iout_uA,14.932045,14.932045,0,0.0015,OK
dc,tt|on,err_pct,-0.4530,-0.4530,0,0.0015,OK
dc,tt|on,vbias_V,0.884261,0.884261,0,1e-06,OK
dc,tt|on,iout_uA,14.932053,14.932053,0,0.0015,OK
dc,tt|on,err_pct,-0.4530,-0.4530,0,0.0015,OK
dc,tt|on,vbias_V,0.884261,0.884261,0,1e-06,OK
dc,tt|on,iout_uA,14.932061,14.932061,0,0.0015,OK
dc,tt|on,err_pct,-0.4529,-0.4529,0,0.0015,OK
dc,tt|on,vbias_V,0.884261,0.884261,0,1e-06,OK
dc,tt|on,iout_uA,14.932069,14.932069,0,0.0015,OK
dc,tt|on,err_pct,-0.4529,-0.4529,0,0.0015,OK
dc,tt|on,vbias_V,0.884261,0.884261,0,1e-06,OK
dc,tt|on,iout_uA,14.932077,14.932077,0,0.0015,OK
dc,tt|on,err_pct,-0.4528,-0.4528,0,0.0015,OK
dc,tt|on,vbias_V,0.884261,0.884261,0,1e-06,OK
dc,tt|on,iout_uA,14.932085,14.932085,0,0.0015,OK
dc,tt|on,err_pct,-0.4528,-0.4528,0,0.0015,OK
dc,tt|on,vbias_V,0.884261,0.884261,0,1e-06,OK
dc,tt|on,iout_uA,14.932092,14.932092,0,0.0015,OK
dc,tt|on,err_pct,-0.4527,-0.4527,0,0.0015,OK
dc,tt|on,vbias_V,0.884261,0.884261,0,1e-06,OK
dc,tt|on,iout_uA,14.932100,14.932100,0,0.0015,OK
dc,tt|on,err_pct,-0.4527,-0.4527,0,0.0015,OK
dc,tt|on,vbias_V,0.884261,0.884261,0,1e-06,OK
dc,tt|on,iout_uA,14.932107,14.932107,0,0.0015,OK
dc,tt|on,err_pct,-0.4526,-0.4526,0,0.0015,OK
dc,tt|on,vbias_V,0.884261,0.884261,0,1e-06,OK
dc,tt|on,iout_uA,14.932114,14.932114,0,0.0015,OK
dc,tt|on,err_pct,-0.4526,-0.4526,0,0.0015,OK
dc,tt|on,vbias_V,0.884261,0.884261,0,1e-06,OK
dc,tt|on,iout_uA,14.932122,14.932122,0,0.0015,OK
dc,tt|on,err_pct,-0.4525,-0.4525,0,0.0015,OK
dc,tt|on,vbias_V,0.884261,0.884261,0,1e-06,OK
dc,tt|on,iout_uA,14.932129,14.932129,0,0.0015,OK
dc,tt|on,err_pct,-0.4525,-0.4525,0,0.0015,OK
dc,tt|on,vbias_V,0.884261,0.884261,0,1e-06,OK
dc,tt|on,iout_uA,14.932136,14.932136,0,0.0015,OK
dc,tt|on,err_pct,-0.4524,-0.4524,0,0.0015,OK
dc,tt|on,vbias_V,0.884261,0.884261,0,1e-06,OK
dc,tt|on,iout_uA,14.932143,14.932143,0,0.0015,OK
dc,tt|on,err_pct,-0.4524,-0.4524,0,0.0015,OK
dc,tt|on,vbias_V,0.884261,0.884261,0,1e-06,OK
dc,tt|on,iout_uA,14.932150,14.932150,0,0.0015,OK
dc,tt|on,err_pct,-0.4523,-0.4523,0,0.0015,OK
dc,tt|on,vbias_V,0.884261,0.884261,0,1e-06,OK
dc,tt|on,iout_uA,14.932157,14.932157,0,0.0015,OK
dc,tt|on,err_pct,-0.4523,-0.4523,0,0.0015,OK
dc,tt|on,vbias_V,0.884261,0.884261,0,1e-06,OK
dc,tt|on,iout_uA,14.932164,14.932164,0,0.0015,OK
dc,tt|on,err_pct,-0.4522,-0.4522,0,0.0015,OK
dc,tt|on,vbias_V,0.884261,0.884261,0,1e-06,OK
dc,tt|on,iout_uA,14.932171,14.932171,0,0.0015,OK
dc,tt|on,err_pct,-0.4522,-0.4522,0,0.0015,OK
dc,tt|on,vbias_V,0.884261,0.884261,0,1e-06,OK
dc,tt|on,iout_uA,14.932177,14.932177,0,0.0015,OK
dc,tt|on,err_pct,-0.4522,-0.4522,0,0.0015,OK
dc,tt|on,vbias_V,0.884261,0.884261,0,1e-06,OK
dc,tt|on,iout_uA,14.932184,14.932184,0,0.0015,OK
dc,tt|on,err_pct,-0.4521,-0.4521,0,0.0015,OK
dc,tt|on,vbias_V,0.884261,0.884261,0,1e-06,OK
dc,tt|on,iout_uA,14.932191,14.932191,0,0.0015,OK
dc,tt|on,err_pct,-0.4521,-0.4521,0,0.0015,OK
dc,tt|on,vbias_V,0.884261,0.884261,0,1e-06,OK
dc,tt|on,iout_uA,14.932197,14.932197,0,0.0015,OK
dc,tt|on,err_pct,-0.4520,-0.4520,0,0.0015,OK
dc,tt|on,vbias_V,0.884261,0.884261,0,1e-06,OK
dc,tt|on,iout_uA,14.932204,14.932204,0,0.0015,OK
dc,tt|on,err_pct,-0.4520,-0.4520,0,0.0015,OK
dc,tt|on,vbias_V,0.884261,0.884261,0,1e-06,OK
dc,tt|on,iout_uA,14.932210,14.932210,0,0.0015,OK
dc,tt|on,err_pct,-0.4519,-0.4519,0,0.0015,OK
dc,tt|on,vbias_V,0.884261,0.884261,0,1e-06,OK
dc,tt|on,iout_uA,14.932217,14.932217,0,0.0015,OK
dc,tt|on,err_pct,-0.4519,-0.4519,0,0.0015,OK
dc,tt|on,vbias_V,0.884261,0.884261,0,1e-06,OK
dc,tt|on,iout_uA,14.932223,14.932223,0,0.0015,OK
dc,tt|on,err_pct,-0.4518,-0.4518,0,0.0015,OK
dc,tt|on,vbias_V,0.884261,0.884261,0,1e-06,OK
dc,tt|on,iout_uA,14.932230,14.932230,0,0.0015,OK
dc,tt|on,err_pct,-0.4518,-0.4518,0,0.0015,OK
dc,tt|on,vbias_V,0.884261,0.884261,0,1e-06,OK
dc,tt|on,iout_uA,14.932236,14.932236,0,0.0015,OK
dc,tt|on,err_pct,-0.4518,-0.4518,0,0.0015,OK
dc,tt|on,vbias_V,0.884261,0.884261,0,1e-06,OK
dc,tt|on,iout_uA,14.932243,14.932243,0,0.0015,OK
dc,tt|on,err_pct,-0.4517,-0.4517,0,0.0015,OK
dc,tt|on,vbias_V,0.884261,0.884261,0,1e-06,OK
dc,tt|on,iout_uA,14.932249,14.932249,0,0.0015,OK
dc,tt|on,err_pct,-0.4517,-0.4517,0,0.0015,OK
dc,tt|on,vbias_V,0.884261,0.884261,0,1e-06,OK
dc,tt|on,iout_uA,14.932256,14.932256,0,0.0015,OK
dc,tt|on,err_pct,-0.4516,-0.4516,0,0.0015,OK
dc,tt|on,vbias_V,0.884261,0.884261,0,1e-06,OK
dc,tt|on,iout_uA,14.932263,14.932263,0,0.0015,OK
dc,tt|on,err_pct,-0.4516,-0.4516,0,0.0015,OK
dc,tt|on,vbias_V,0.884261,0.884261,0,1e-06,OK
dc,tt|on,iout_uA,14.932269,14.932269,0,0.0015,OK
dc,tt|on,err_pct,-0.4515,-0.4515,0,0.0015,OK
dc,tt|on,vbias_V,0.884261,0.884261,0,1e-06,OK
dc,tt|on,iout_uA,14.932276,14.932276,0,0.0015,OK
dc,tt|on,err_pct,-0.4515,-0.4515,0,0.0015,OK
dc,tt|on,vbias_V,0.884261,0.884261,0,1e-06,OK
dc,tt|on,iout_uA,14.932283,14.932283,0,0.0015,OK
dc,tt|on,err_pct,-0.4514,-0.4514,0,0.0015,OK
dc,tt|on,vbias_V,0.884261,0.884261,0,1e-06,OK
dc,tt|on,iout_uA,14.932291,14.932291,0,0.0015,OK
dc,tt|on,err_pct,-0.4514,-0.4514,0,0.0015,OK
dc,tt|on,vbias_V,0.884261,0.884261,0,1e-06,OK
dc,tt|on,iout_uA,14.932299,14.932299,0,0.0015,OK
dc,tt|on,err_pct,-0.4513,-0.4513,0,0.0015,OK
dc,tt|on,vbias_V,0.884261,0.884261,0,1e-06,OK
dc,tt|on,iout_uA,14.932307,14.932307,0,0.0015,OK
dc,tt|on,err_pct,-0.4513,-0.4513,0,0.0015,OK
dc,tt|on,vbias_V,0.884261,0.884261,0,1e-06,OK
dc,tt|on,iout_uA,14.932316,14.932316,0,0.0015,OK
dc,tt|on,err_pct,-0.4512,-0.4512,0,0.0015,OK
dc,tt|on,vbias_V,0.884261,0.884261,0,1e-06,OK
dc,tt|on,iout_uA,14.932325,14.932325,0,0.0015,OK
dc,tt|on,err_pct,-0.4512,-0.4512,0,0.0015,OK
dc,tt|on,vbias_V,0.884261,0.884261,0,1e-06,OK
dc,tt|on,iout_uA,14.932335,14.932335,0,0.0015,OK
dc,tt|on,err_pct,-0.4511,-0.4511,0,0.0015,OK
dc,tt|on,vbias_V,0.884261,0.884261,0,1e-06,OK
dc,tt|on,iout_uA,14.932347,14.932347,0,0.0015,OK
dc,tt|on,err_pct,-0.4510,-0.4510,0,0.0015,OK
dc,tt|on,vbias_V,0.884261,0.884261,0,1e-06,OK
dc,tt|on,iout_uA,14.932359,14.932359,0,0.0015,OK
dc,tt|on,err_pct,-0.4509,-0.4509,0,0.0015,OK
dc,tt|on,vbias_V,0.884261,0.884261,0,1e-06,OK
dc,tt|on,iout_uA,14.932373,14.932373,0,0.0015,OK
dc,tt|on,err_pct,-0.4508,-0.4508,0,0.0015,OK
dc,tt|on,vbias_V,0.884261,0.884261,0,1e-06,OK
dc,tt|on,iout_uA,14.932388,14.932388,0,0.0015,OK
dc,tt|on,err_pct,-0.4507,-0.4507,0,0.0015,OK
dc,tt|on,vbias_V,0.884261,0.884261,0,1e-06,OK
dc,tt|on,iout_uA,14.932406,14.932406,0,0.0015,OK
dc,tt|on,err_pct,-0.4506,-0.4506,0,0.0015,OK
dc,tt|on,vbias_V,0.884261,0.884261,0,1e-06,OK
dc,tt|on,iout_uA,14.932426,14.932426,0,0.0015,OK
dc,tt|on,err_pct,-0.4505,-0.4505,0,0.0015,OK
dc,tt|on,vbias_V,0.884261,0.884261,0,1e-06,OK
dc,tt|on,iout_uA,14.932448,14.932448,0,0.0015,OK
dc,tt|on,err_pct,-0.4503,-0.4503,0,0.0015,OK
dc,tt|on,vbias_V,0.884261,0.884261,0,1e-06,OK
dc,tt|on,iout_uA,14.932474,14.932474,0,0.0015,OK
dc,tt|on,err_pct,-0.4502,-0.4502,0,0.0015,OK
dc,tt|on,vbias_V,0.884261,0.884261,0,1e-06,OK
dc,tt|on,iout_uA,14.932504,14.932504,0,0.0015,OK
dc,tt|on,err_pct,-0.4500,-0.4500,0,0.0015,OK
dc,tt|on,vbias_V,0.884261,0.884261,0,1e-06,OK
dc,tt|on,iout_uA,14.932538,14.932538,0,0.0015,OK
dc,tt|on,err_pct,-0.4497,-0.4497,0,0.0015,OK
dc,tt|on,vbias_V,0.884261,0.884261,0,1e-06,OK
dc,tt|on,iout_uA,14.932577,14.932577,0,0.0015,OK
dc,tt|on,err_pct,-0.4495,-0.4495,0,0.0015,OK
dc,tt|on,vbias_V,0.884261,0.884261,0,1e-06,OK
dc,tt|on,iout_uA,14.932621,14.932621,0,0.0015,OK
dc,tt|on,err_pct,-0.4492,-0.4492,0,0.0015,OK
dc,tt|on,vbias_V,0.884261,0.884261,0,1e-06,OK
dc,tt|on,iout_uA,14.932673,14.932673,0,0.0015,OK
dc,tt|on,err_pct,-0.4488,-0.4488,0,0.0015,OK
dc,tt|on,vbias_V,0.884261,0.884261,0,1e-06,OK
dc,tt|on,iout_uA,14.932731,14.932731,0,0.0015,OK
dc,tt|on,err_pct,-0.4485,-0.4485,0,0.0015,OK
dc,tt|on,vbias_V,0.884261,0.884261,0,1e-06,OK
dc,tt|on,iout_uA,14.932799,14.932799,0,0.0015,OK
dc,tt|on,err_pct,-0.4480,-0.4480,0,0.0015,OK
dc,tt|on,vbias_V,0.884261,0.884261,0,1e-06,OK
dc,tt|on,iout_uA,14.932875,14.932875,0,0.0015,OK
dc,tt|on,err_pct,-0.4475,-0.4475,0,0.0015,OK
dc,tt|on,vbias_V,0.884261,0.884261,0,1e-06,OK
dc,tt|on,iout_uA,14.932963,14.932963,0,0.0015,OK
dc,tt|on,err_pct,-0.4469,-0.4469,0,0.0015,OK
dc,tt|on,vbias_V,0.884261,0.884261,0,1e-06,OK
dc,tt|on,iout_uA,14.933063,14.933063,0,0.0015,OK
dc,tt|on,err_pct,-0.4462,-0.4462,0,0.0015,OK
dc,tt|on,vbias_V,0.884261,0.884261,0,1e-06,OK
dc,tt|on,iout_uA,14.933177,14.933177,0,0.0015,OK
dc,tt|on,err_pct,-0.4455,-0.4455,0,0.0015,OK
dc,tt|on,vbias_V,0.884261,0.884261,0,1e-06,OK
dc,tt|on,iout_uA,14.933306,14.933306,0,0.0015,OK
dc,tt|on,err_pct,-0.4446,-0.4446,0,0.0015,OK
dc,tt|on,vbias_V,0.884261,0.884261,0,1e-06,OK
dc,tt|on,iout_uA,14.933452,14.933452,0,0.0015,OK
dc,tt|on,err_pct,-0.4437,-0.4437,0,0.0015,OK
dc,tt|on,vbias_V,0.884261,0.884261,0,1e-06,OK
dc,tt|on,iout_uA,14.933617,14.933617,0,0.0015,OK
dc,tt|on,err_pct,-0.4426,-0.4426,0,0.0015,OK
dc,tt|on,vbias_V,0.884261,0.884261,0,1e-06,OK
dc,tt|on,iout_uA,14.933804,14.933804,0,0.0015,OK
dc,tt|on,err_pct,-0.4413,-0.4413,0,0.0015,OK
dc,tt|on,vbias_V,0.884261,0.884261,0,1e-06,OK
dc,tt|on,iout_uA,14.934014,14.934014,0,0.0015,OK
dc,tt|on,err_pct,-0.4399,-0.4399,0,0.0015,OK
dc,tt|on,vbias_V,0.884261,0.884261,0,1e-06,OK
dc,tt|on,iout_uA,14.934250,14.934250,0,0.0015,OK
dc,tt|on,err_pct,-0.4383,-0.4383,0,0.0015,OK
dc,tt|on,vbias_V,0.884261,0.884261,0,1e-06,OK
dc,tt|on,iout_uA,14.934515,14.934515,0,0.0015,OK
dc,tt|on,err_pct,-0.4366,-0.4366,0,0.0015,OK
dc,tt|on,vbias_V,0.884261,0.884261,0,1e-06,OK
dc,tt|on,iout_uA,14.934812,14.934812,0,0.0015,OK
dc,tt|on,err_pct,-0.4346,-0.4346,0,0.0015,OK
dc,tt|on,vbias_V,0.884261,0.884261,0,1e-06,OK
dc,tt|on,iout_uA,14.935143,14.935143,0,0.0015,OK
dc,tt|on,err_pct,-0.4324,-0.4324,0,0.0015,OK
dc,tt|on,vbias_V,0.884261,0.884261,0,1e-06,OK
dc,tt|on,iout_uA,14.935512,14.935512,0,0.0015,OK
dc,tt|on,err_pct,-0.4299,-0.4299,0,0.0015,OK
dc,tt|on,vbias_V,0.884261,0.884261,0,1e-06,OK
dc,tt|on,iout_uA,14.935923,14.935923,0,0.0015,OK
dc,tt|on,err_pct,-0.4272,-0.4272,0,0.0015,OK
dc,tt|on,vbias_V,0.884261,0.884261,0,1e-06,OK
dc,tt|on,iout_uA,14.936379,14.936379,0,0.0015,OK
dc,tt|on,err_pct,-0.4241,-0.4241,0,0.0015,OK
dc,tt|on,vbias_V,0.884261,0.884261,0,1e-06,OK
dc,tt|on,iout_uA,14.936884,14.936884,0,0.0015,OK
dc,tt|on,err_pct,-0.4208,-0.4208,0,0.0015,OK
dc,tt|on,vbias_V,0.884261,0.884261,0,1e-06,OK
dc,tt|on,iout_uA,14.937444,14.937444,0,0.0015,OK
dc,tt|on,err_pct,-0.4170,-0.4170,0,0.0015,OK
dc,tt|on,vbias_V,0.884261,0.884261,0,1e-06,OK
dc,tt|on,iout_uA,14.938061,14.938061,0,0.0015,OK
dc,tt|on,err_pct,-0.4129,-0.4129,0,0.0015,OK
dc,tt|on,vbias_V,0.884261,0.884261,0,1e-06,OK
dc,tt|on,iout_uA,14.938743,14.938743,0,0.0015,OK
dc,tt|on,err_pct,-0.4084,-0.4084,0,0.0015,OK
dc,tt|on,vbias_V,0.884261,0.884261,0,1e-06,OK
dc,tt|on,iout_uA,14.939492,14.939492,0,0.0015,OK
dc,tt|on,err_pct,-0.4034,-0.4034,0,0.0015,OK
dc,tt|on,vbias_V,0.884261,0.884261,0,1e-06,OK
dc,tt|on,iout_uA,14.940315,14.940315,0,0.0015,OK
dc,tt|on,err_pct,-0.3979,-0.3979,0,0.0015,OK
dc,tt|on,vbias_V,0.884261,0.884261,0,1e-06,OK
dc,tt|on,iout_uA,14.941219,14.941219,0,0.0015,OK
dc,tt|on,err_pct,-0.3919,-0.3919,0,0.0015,OK
dc,tt|on,vbias_V,0.884261,0.884261,0,1e-06,OK
dc,tt|on,iout_uA,14.942207,14.942207,0,0.0015,OK
dc,tt|on,err_pct,-0.3853,-0.3853,0,0.0015,OK
dc,tt|on,vbias_V,0.884261,0.884261,0,1e-06,OK
dc,tt|on,iout_uA,14.943289,14.943289,0,0.0015,OK
dc,tt|on,err_pct,-0.3781,-0.3781,0,0.0015,OK
dc,tt|on,vbias_V,0.884261,0.884261,0,1e-06,OK
dc,tt|on,iout_uA,14.944469,14.944469,0,0.0015,OK
dc,tt|on,err_pct,-0.3702,-0.3702,0,0.0015,OK
dc,tt|on,vbias_V,0.884261,0.884261,0,1e-06,OK
dc,tt|on,iout_uA,14.945756,14.945756,0,0.0015,OK
dc,tt|on,err_pct,-0.3616,-0.3616,0,0.0015,OK
dc,tt|on,vbias_V,0.884261,0.884261,0,1e-06,OK
dc,tt|on,iout_uA,14.947156,14.947156,0,0.0015,OK
dc,tt|on,err_pct,-0.3523,-0.3523,0,0.0015,OK
dc,tt|on,vbias_V,0.884261,0.884261,0,1e-06,OK
dc,tt|on,iout_uA,14.948677,14.948677,0,0.0015,OK
dc,tt|on,err_pct,-0.3422,-0.3422,0,0.0015,OK
dc,tt|on,vbias_V,0.884261,0.884261,0,1e-06,OK
dc,tt|on,iout_uA,14.950328,14.950328,0,0.0015,OK
dc,tt|on,err_pct,-0.3311,-0.3311,0,0.0015,OK
dc,tt|on,vbias_V,0.884261,0.884261,0,1e-06,OK
dc,tt|on,iout_uA,14.952118,14.952118,0,0.0015,OK
dc,tt|on,err_pct,-0.3192,-0.3192,0,0.0015,OK
dc,tt|on,vbias_V,0.884261,0.884261,0,1e-06,OK
dc,tt|on,iout_uA,14.954055,14.954055,0,0.0015,OK
dc,tt|on,err_pct,-0.3063,-0.3063,0,0.0015,OK
dc,tt|on,vbias_V,0.884261,0.884261,0,1e-06,OK
dc,tt|on,iout_uA,14.956148,14.956148,0,0.0015,OK
dc,tt|on,err_pct,-0.2923,-0.2923,0,0.0015,OK
dc,tt|on,vbias_V,0.884261,0.884261,0,1e-06,OK
dc,tt|on,iout_uA,14.958407,14.958407,0,0.0015,OK
dc,tt|on,err_pct,-0.2773,-0.2773,0,0.0015,OK
dc,tt|on,vbias_V,0.884261,0.884261,0,1e-06,OK
dc,tt|on,iout_uA,14.960843,14.960843,0,0.0015,OK
dc,tt|on,err_pct,-0.2610,-0.2610,0,0.0015,OK
dc,tt|on,vbias_V,0.884261,0.884261,0,1e-06,OK
transient,ff,samples,8993,8993,0,0.0015,OK
transient,ff,on_windows,4,4,0,0.0015,OK
transient,ff,off_windows,4,4,0,0.0015,OK
transient,ff,longest_on_window_s,4.89235e-06,4.89235e-06,0,0.0015,OK
transient,ff,turn_on_settling_s,2.425e-08,2.425e-08,0,0.0015,OK
transient,ff,turn_off_s,1.041e-08,1.041e-08,0,0.0015,OK
transient,ff,peak_uA,15.022315,15.022315,0,0.0015,OK
transient,ff,off_leakage_uA,0.000293,0.000293,0,0.0015,OK
transient,ff,band_pct,5.0,5.0,0,0.0015,OK
transient,ff,on_windows_not_settled,0,0,0,0.0015,OK
transient,ff,vbias_shared_min_v,0.742765,0.742765,0,1e-06,OK
transient,ff,vbias_shared_max_v,0.821221,0.821221,0,1e-06,OK
transient,ff,vbias_shared_dev_v,0.075356,0.075356,0,1e-06,OK
transient,ff,gate_net_min_v,0.000000,0.000000,0,1e-06,OK
transient,ff,gate_net_max_v,0.818397,0.818397,0,1e-06,OK
transient,ff,on_settled_min_uA,14.964881,14.964881,0,0.0015,OK
transient,ff,on_settled_max_uA,14.964881,14.964881,0,0.0015,OK
transient,ff,on_settled_worst_err_pct,0.2341,0.2341,0,0.0015,OK
transient,ff,on_ripple_p2p_uA,0.000000,0.000000,0,0.0015,OK
transient,ff,ring_alternation_p2p_uA,0.000000,0.000000,0,0.0015,OK
transient,ss,samples,9002,9002,0,0.0015,OK
transient,ss,on_windows,4,4,0,0.0015,OK
transient,ss,off_windows,4,4,0,0.0015,OK
transient,ss,longest_on_window_s,4.89248e-06,4.89248e-06,0,0.0015,OK
transient,ss,turn_on_settling_s,3.654e-08,3.654e-08,0,0.0015,OK
transient,ss,turn_off_s,1.077e-08,1.077e-08,0,0.0015,OK
transient,ss,peak_uA,14.905015,14.905015,0,0.0015,OK
transient,ss,off_leakage_uA,0.000306,0.000306,0,0.0015,OK
transient,ss,band_pct,5.0,5.0,0,0.0015,OK
transient,ss,on_windows_not_settled,0,0,0,0.0015,OK
transient,ss,vbias_shared_min_v,0.862478,0.862478,0,1e-06,OK
transient,ss,vbias_shared_max_v,0.955110,0.955110,0,1e-06,OK
transient,ss,vbias_shared_dev_v,0.088791,0.088791,0,1e-06,OK
transient,ss,gate_net_min_v,-0.000438,-0.000438,0,1e-06,OK
transient,ss,gate_net_max_v,0.951269,0.951269,0,1e-06,OK
transient,ss,on_settled_min_uA,14.899428,14.899428,0,0.0015,OK
transient,ss,on_settled_max_uA,14.899428,14.899428,0,0.0015,OK
transient,ss,on_settled_worst_err_pct,0.6705,0.6705,0,0.0015,OK
transient,ss,on_ripple_p2p_uA,0.000000,0.000000,0,0.0015,OK
transient,ss,ring_alternation_p2p_uA,0.000000,0.000000,0,0.0015,OK
transient,tt,samples,8999,8999,0,0.0015,OK
transient,tt,on_windows,4,4,0,0.0015,OK
transient,tt,off_windows,4,4,0,0.0015,OK
transient,tt,longest_on_window_s,4.89187e-06,4.89187e-06,0,0.0015,OK
transient,tt,turn_on_settling_s,2.727e-08,2.727e-08,0,0.0015,OK
transient,tt,turn_off_s,1.008e-08,1.008e-08,0,0.0015,OK
transient,tt,peak_uA,14.964847,14.964847,0,0.0015,OK
transient,tt,off_leakage_uA,0.000299,0.000299,0,0.0015,OK
transient,tt,band_pct,5.0,5.0,0,0.0015,OK
transient,tt,on_windows_not_settled,0,0,0,0.0015,OK
transient,tt,vbias_shared_min_v,0.805416,0.805416,0,1e-06,OK
transient,tt,vbias_shared_max_v,0.887491,0.887491,0,1e-06,OK
transient,tt,vbias_shared_dev_v,0.078846,0.078846,0,1e-06,OK
transient,tt,gate_net_min_v,-0.000457,-0.000457,0,1e-06,OK
transient,tt,gate_net_max_v,0.884428,0.884428,0,1e-06,OK
transient,tt,on_settled_min_uA,14.931906,14.931906,0,0.0015,OK
transient,tt,on_settled_max_uA,14.931906,14.931906,0,0.0015,OK
transient,tt,on_settled_worst_err_pct,0.4540,0.4540,0,0.0015,OK
transient,tt,on_ripple_p2p_uA,0.000000,0.000000,0,0.0015,OK
transient,tt,ring_alternation_p2p_uA,0.000000,0.000000,0,0.0015,OK
xtalk,ff,samples,7189,7189,0,0.0015,OK
xtalk,ff,observed_window_s,3.51536e-05,3.51536e-05,0,0.0015,OK
xtalk,ff,i_baseline_uA,14.964881,14.964881,0,0.0015,OK
xtalk,ff,mean_uA,14.894117,14.894117,0,0.0015,OK
xtalk,ff,peak_crosstalk_uA,7.940568,7.940568,0,0.0015,OK
xtalk,ff,peak_crosstalk_pct_of_target,52.9371,52.9371,0,0.0015,OK
xtalk,ff,peak_err_vs_target_pct,53.1713,53.1713,0,0.0015,OK
xtalk,ff,charge_error_pct,0.0663,0.0663,0,0.0015,OK
xtalk,ff,glitch_dur_s_above_1pct,1.295620e-07,1.295620e-07,0,0.0015,OK
xtalk,ff,vbias_shared_min_v,0.742780,0.742780,0,1e-06,OK
xtalk,ff,vbias_shared_max_v,0.821221,0.821221,0,1e-06,OK
xtalk,ff,gate_min_v,0.752551,0.752551,0,1e-06,OK
xtalk,ff,gate_max_v,0.820210,0.820210,0,1e-06,OK
xtalk,ff,ring_alternation_p2p_uA,0.000000,0.000000,0,0.0015,OK
xtalk,ss,samples,7196,7196,0,0.0015,OK
xtalk,ss,observed_window_s,3.51544e-05,3.51544e-05,0,0.0015,OK
xtalk,ss,i_baseline_uA,14.899428,14.899428,0,0.0015,OK
xtalk,ss,mean_uA,14.846530,14.846530,0,0.0015,OK
xtalk,ss,peak_crosstalk_uA,6.786790,6.786790,0,0.0015,OK
xtalk,ss,peak_crosstalk_pct_of_target,45.2453,45.2453,0,0.0015,OK
xtalk,ss,peak_err_vs_target_pct,45.9157,45.9157,0,0.0015,OK
xtalk,ss,charge_error_pct,0.0877,0.0877,0,0.0015,OK
xtalk,ss,glitch_dur_s_above_1pct,2.189022e-07,2.189022e-07,0,0.0015,OK
xtalk,ss,vbias_shared_min_v,0.862478,0.862478,0,1e-06,OK
xtalk,ss,vbias_shared_max_v,0.955110,0.955110,0,1e-06,OK
xtalk,ss,gate_min_v,0.896670,0.896670,0,1e-06,OK
xtalk,ss,gate_max_v,0.952449,0.952449,0,1e-06,OK
xtalk,ss,ring_alternation_p2p_uA,0.000000,0.000000,0,0.0015,OK
xtalk,tt,samples,7193,7193,0,0.0015,OK
xtalk,tt,observed_window_s,3.51539e-05,3.51539e-05,0,0.0015,OK
xtalk,tt,i_baseline_uA,14.931906,14.931906,0,0.0015,OK
xtalk,tt,mean_uA,14.867714,14.867714,0,0.0015,OK
xtalk,tt,peak_crosstalk_uA,7.877215,7.877215,0,0.0015,OK
xtalk,tt,peak_crosstalk_pct_of_target,52.5148,52.5148,0,0.0015,OK
xtalk,tt,peak_err_vs_target_pct,52.9687,52.9687,0,0.0015,OK
xtalk,tt,charge_error_pct,0.0726,0.0726,0,0.0015,OK
xtalk,tt,glitch_dur_s_above_1pct,1.439682e-07,1.439682e-07,0,0.0015,OK
xtalk,tt,vbias_shared_min_v,0.805416,0.805416,0,1e-06,OK
xtalk,tt,vbias_shared_max_v,0.887491,0.887491,0,1e-06,OK
xtalk,tt,gate_min_v,0.819621,0.819621,0,1e-06,OK
xtalk,tt,gate_max_v,0.886118,0.886118,0,1e-06,OK
xtalk,tt,ring_alternation_p2p_uA,0.000000,0.000000,0,0.0015,OK
static,e00|0,samples,676,676,0,0.0015,OK
static,e00|0,observed_window_s,6.745e-07,6.745e-07,0,0.0015,OK
static,e00|0,i_baseline_uA,0.000001,0.000001,0,0.0015,OK
static,e00|0,mean_uA,0.000001,0.000001,0,0.0015,OK
static,e00|0,peak_crosstalk_uA,0.000000,0.000000,0,0.0015,OK
static,e00|0,peak_crosstalk_pct_of_target,0.0000,0.0000,0,0.0015,OK
static,e00|0,peak_err_vs_target_pct,100.0000,100.0000,0,0.0015,OK
static,e00|0,charge_error_pct,0.0000,0.0000,0,0.0015,OK
static,e00|0,glitch_dur_s_above_1pct,0.000000e+00,0.000000e+00,0,0.0015,OK
static,e00|0,vbias_shared_min_v,0.884261,0.884261,0,1e-06,OK
static,e00|0,vbias_shared_max_v,0.884261,0.884261,0,1e-06,OK
static,e00|0,gate_min_v,0.000000,0.000000,0,1e-06,OK
static,e00|0,gate_max_v,0.000000,0.000000,0,1e-06,OK
static,e00|0,ring_alternation_p2p_uA,0.000000,0.000000,0,0.0015,OK
static,e00|1,samples,676,676,0,0.0015,OK
static,e00|1,observed_window_s,6.745e-07,6.745e-07,0,0.0015,OK
static,e00|1,i_baseline_uA,0.000001,0.000001,0,0.0015,OK
static,e00|1,mean_uA,0.000001,0.000001,0,0.0015,OK
static,e00|1,peak_crosstalk_uA,0.000000,0.000000,0,0.0015,OK
static,e00|1,peak_crosstalk_pct_of_target,0.0000,0.0000,0,0.0015,OK
static,e00|1,peak_err_vs_target_pct,100.0000,100.0000,0,0.0015,OK
static,e00|1,charge_error_pct,0.0000,0.0000,0,0.0015,OK
static,e00|1,glitch_dur_s_above_1pct,0.000000e+00,0.000000e+00,0,0.0015,OK
static,e00|1,vbias_shared_min_v,0.884261,0.884261,0,1e-06,OK
static,e00|1,vbias_shared_max_v,0.884261,0.884261,0,1e-06,OK
static,e00|1,gate_min_v,0.000000,0.000000,0,1e-06,OK
static,e00|1,gate_max_v,0.000000,0.000000,0,1e-06,OK
static,e00|1,ring_alternation_p2p_uA,0.000000,0.000000,0,0.0015,OK
static,e01|0,samples,676,676,0,0.0015,OK
static,e01|0,observed_window_s,6.745e-07,6.745e-07,0,0.0015,OK
static,e01|0,i_baseline_uA,0.000001,0.000001,0,0.0015,OK
static,e01|0,mean_uA,0.000001,0.000001,0,0.0015,OK
static,e01|0,peak_crosstalk_uA,0.000000,0.000000,0,0.0015,OK
static,e01|0,peak_crosstalk_pct_of_target,0.0000,0.0000,0,0.0015,OK
static,e01|0,peak_err_vs_target_pct,100.0000,100.0000,0,0.0015,OK
static,e01|0,charge_error_pct,0.0000,0.0000,0,0.0015,OK
static,e01|0,glitch_dur_s_above_1pct,0.000000e+00,0.000000e+00,0,0.0015,OK
static,e01|0,vbias_shared_min_v,0.884261,0.884261,0,1e-06,OK
static,e01|0,vbias_shared_max_v,0.884261,0.884261,0,1e-06,OK
static,e01|0,gate_min_v,0.000000,0.000000,0,1e-06,OK
static,e01|0,gate_max_v,0.000000,0.000000,0,1e-06,OK
static,e01|0,ring_alternation_p2p_uA,0.000000,0.000000,0,0.0015,OK
static,e01|1,samples,676,676,0,0.0015,OK
static,e01|1,observed_window_s,6.745e-07,6.745e-07,0,0.0015,OK
static,e01|1,i_baseline_uA,14.931906,14.931906,0,0.0015,OK
static,e01|1,mean_uA,14.931906,14.931906,0,0.0015,OK
static,e01|1,peak_crosstalk_uA,0.000000,0.000000,0,0.0015,OK
static,e01|1,peak_crosstalk_pct_of_target,0.0000,0.0000,0,0.0015,OK
static,e01|1,peak_err_vs_target_pct,0.4540,0.4540,0,0.0015,OK
static,e01|1,charge_error_pct,0.0000,0.0000,0,0.0015,OK
static,e01|1,glitch_dur_s_above_1pct,0.000000e+00,0.000000e+00,0,0.0015,OK
static,e01|1,vbias_shared_min_v,0.884261,0.884261,0,1e-06,OK
static,e01|1,vbias_shared_max_v,0.884261,0.884261,0,1e-06,OK
static,e01|1,gate_min_v,0.884261,0.884261,0,1e-06,OK
static,e01|1,gate_max_v,0.884261,0.884261,0,1e-06,OK
static,e01|1,ring_alternation_p2p_uA,0.000000,0.000000,0,0.0015,OK
static,e10|0,samples,676,676,0,0.0015,OK
static,e10|0,observed_window_s,6.745e-07,6.745e-07,0,0.0015,OK
static,e10|0,i_baseline_uA,14.931906,14.931906,0,0.0015,OK
static,e10|0,mean_uA,14.931906,14.931906,0,0.0015,OK
static,e10|0,peak_crosstalk_uA,0.000000,0.000000,0,0.0015,OK
static,e10|0,peak_crosstalk_pct_of_target,0.0000,0.0000,0,0.0015,OK
static,e10|0,peak_err_vs_target_pct,0.4540,0.4540,0,0.0015,OK
static,e10|0,charge_error_pct,0.0000,0.0000,0,0.0015,OK
static,e10|0,glitch_dur_s_above_1pct,0.000000e+00,0.000000e+00,0,0.0015,OK
static,e10|0,vbias_shared_min_v,0.884261,0.884261,0,1e-06,OK
static,e10|0,vbias_shared_max_v,0.884261,0.884261,0,1e-06,OK
static,e10|0,gate_min_v,0.884261,0.884261,0,1e-06,OK
static,e10|0,gate_max_v,0.884261,0.884261,0,1e-06,OK
static,e10|0,ring_alternation_p2p_uA,0.000000,0.000000,0,0.0015,OK
static,e10|1,samples,676,676,0,0.0015,OK
static,e10|1,observed_window_s,6.745e-07,6.745e-07,0,0.0015,OK
static,e10|1,i_baseline_uA,0.000001,0.000001,0,0.0015,OK
static,e10|1,mean_uA,0.000001,0.000001,0,0.0015,OK
static,e10|1,peak_crosstalk_uA,0.000000,0.000000,0,0.0015,OK
static,e10|1,peak_crosstalk_pct_of_target,0.0000,0.0000,0,0.0015,OK
static,e10|1,peak_err_vs_target_pct,100.0000,100.0000,0,0.0015,OK
static,e10|1,charge_error_pct,0.0000,0.0000,0,0.0015,OK
static,e10|1,glitch_dur_s_above_1pct,0.000000e+00,0.000000e+00,0,0.0015,OK
static,e10|1,vbias_shared_min_v,0.884261,0.884261,0,1e-06,OK
static,e10|1,vbias_shared_max_v,0.884261,0.884261,0,1e-06,OK
static,e10|1,gate_min_v,0.000000,0.000000,0,1e-06,OK
static,e10|1,gate_max_v,0.000000,0.000000,0,1e-06,OK
static,e10|1,ring_alternation_p2p_uA,0.000000,0.000000,0,0.0015,OK
static,e11|0,samples,676,676,0,0.0015,OK
static,e11|0,observed_window_s,6.745e-07,6.745e-07,0,0.0015,OK
static,e11|0,i_baseline_uA,14.931906,14.931906,0,0.0015,OK
static,e11|0,mean_uA,14.931906,14.931906,0,0.0015,OK
static,e11|0,peak_crosstalk_uA,0.000000,0.000000,0,0.0015,OK
static,e11|0,peak_crosstalk_pct_of_target,0.0000,0.0000,0,0.0015,OK
static,e11|0,peak_err_vs_target_pct,0.4540,0.4540,0,0.0015,OK
static,e11|0,charge_error_pct,0.0000,0.0000,0,0.0015,OK
static,e11|0,glitch_dur_s_above_1pct,0.000000e+00,0.000000e+00,0,0.0015,OK
static,e11|0,vbias_shared_min_v,0.884261,0.884261,0,1e-06,OK
static,e11|0,vbias_shared_max_v,0.884261,0.884261,0,1e-06,OK
static,e11|0,gate_min_v,0.884261,0.884261,0,1e-06,OK
static,e11|0,gate_max_v,0.884261,0.884261,0,1e-06,OK
static,e11|0,ring_alternation_p2p_uA,0.000000,0.000000,0,0.0015,OK
static,e11|1,samples,676,676,0,0.0015,OK
static,e11|1,observed_window_s,6.745e-07,6.745e-07,0,0.0015,OK
static,e11|1,i_baseline_uA,14.931906,14.931906,0,0.0015,OK
static,e11|1,mean_uA,14.931906,14.931906,0,0.0015,OK
static,e11|1,peak_crosstalk_uA,0.000000,0.000000,0,0.0015,OK
static,e11|1,peak_crosstalk_pct_of_target,0.0000,0.0000,0,0.0015,OK
static,e11|1,peak_err_vs_target_pct,0.4540,0.4540,0,0.0015,OK
static,e11|1,charge_error_pct,0.0000,0.0000,0,0.0015,OK
static,e11|1,glitch_dur_s_above_1pct,0.000000e+00,0.000000e+00,0,0.0015,OK
static,e11|1,vbias_shared_min_v,0.884261,0.884261,0,1e-06,OK
static,e11|1,vbias_shared_max_v,0.884261,0.884261,0,1e-06,OK
static,e11|1,gate_min_v,0.884261,0.884261,0,1e-06,OK
static,e11|1,gate_max_v,0.884261,0.884261,0,1e-06,OK
static,e11|1,ring_alternation_p2p_uA,0.000000,0.000000,0,0.0015,OK
