candidate,vsw_V,vout_device_V,iout_uA,err_pct,vbias_V
A_series_n18_tt_l1e-6_w1e-5_dc_en1,0.000000,0.000000,-0.000000,-100.0000,0.522350
A_series_n18_tt_l1e-6_w1e-5_dc_en1,0.020000,0.005766,1.423447,-90.5104,0.522350
A_series_n18_tt_l1e-6_w1e-5_dc_en1,0.040000,0.011796,2.820370,-81.1975,0.522350
A_series_n18_tt_l1e-6_w1e-5_dc_en1,0.060000,0.018129,4.187096,-72.0860,0.522350
A_series_n18_tt_l1e-6_w1e-5_dc_en1,0.080000,0.024810,5.518995,-63.2067,0.522350
A_series_n18_tt_l1e-6_w1e-5_dc_en1,0.100000,0.031899,6.810097,-54.5994,0.522350
A_series_n18_tt_l1e-6_w1e-5_dc_en1,0.120000,0.039475,8.052477,-46.3168,0.522350
A_series_n18_tt_l1e-6_w1e-5_dc_en1,0.140000,0.047648,9.235216,-38.4319,0.522350
A_series_n18_tt_l1e-6_w1e-5_dc_en1,0.160000,0.056575,10.342548,-31.0497,0.522350
A_series_n18_tt_l1e-6_w1e-5_dc_en1,0.180000,0.066498,11.350247,-24.3317,0.522350
A_series_n18_tt_l1e-6_w1e-5_dc_en1,0.200000,0.077820,12.217954,-18.5470,0.522350
A_series_n18_tt_l1e-6_w1e-5_dc_en1,0.220000,0.091271,12.872930,-14.1805,0.522350
A_series_n18_tt_l1e-6_w1e-5_dc_en1,0.240000,0.107845,13.215498,-11.8967,0.522350
A_series_n18_tt_l1e-6_w1e-5_dc_en1,0.260000,0.126703,13.329670,-11.1355,0.522350
A_series_n18_tt_l1e-6_w1e-5_dc_en1,0.280000,0.146109,13.389061,-10.7396,0.522350
A_series_n18_tt_l1e-6_w1e-5_dc_en1,0.300000,0.165662,13.433766,-10.4416,0.522350
A_series_n18_tt_l1e-6_w1e-5_dc_en1,0.320000,0.185287,13.471299,-10.1913,0.522350
A_series_n18_tt_l1e-6_w1e-5_dc_en1,0.340000,0.204958,13.504240,-9.9717,0.522350
A_series_n18_tt_l1e-6_w1e-5_dc_en1,0.360000,0.224661,13.533889,-9.7741,0.522350
A_series_n18_tt_l1e-6_w1e-5_dc_en1,0.380000,0.244390,13.561031,-9.5931,0.522350
A_series_n18_tt_l1e-6_w1e-5_dc_en1,0.400000,0.264138,13.586192,-9.4254,0.522350
A_series_n18_tt_l1e-6_w1e-5_dc_en1,0.420000,0.283903,13.609741,-9.2684,0.522350
A_series_n18_tt_l1e-6_w1e-5_dc_en1,0.440000,0.303680,13.631954,-9.1203,0.522350
A_series_n18_tt_l1e-6_w1e-5_dc_en1,0.460000,0.323470,13.653039,-8.9797,0.522350
A_series_n18_tt_l1e-6_w1e-5_dc_en1,0.480000,0.343268,13.673161,-8.8456,0.522350
A_series_n18_tt_l1e-6_w1e-5_dc_en1,0.500000,0.363076,13.692447,-8.7170,0.522350
A_series_n18_tt_l1e-6_w1e-5_dc_en1,0.520000,0.382890,13.711005,-8.5933,0.522350
A_series_n18_tt_l1e-6_w1e-5_dc_en1,0.540000,0.402711,13.728920,-8.4739,0.522350
A_series_n18_tt_l1e-6_w1e-5_dc_en1,0.560000,0.422537,13.746265,-8.3582,0.522350
A_series_n18_tt_l1e-6_w1e-5_dc_en1,0.580000,0.442369,13.763099,-8.2460,0.522350
A_series_n18_tt_l1e-6_w1e-5_dc_en1,0.600000,0.462205,13.779475,-8.1368,0.522350
A_series_n18_tt_l1e-6_w1e-5_dc_en1,0.620000,0.482046,13.795436,-8.0304,0.522350
A_series_n18_tt_l1e-6_w1e-5_dc_en1,0.640000,0.501890,13.811021,-7.9265,0.522350
A_series_n18_tt_l1e-6_w1e-5_dc_en1,0.660000,0.521737,13.826261,-7.8249,0.522350
A_series_n18_tt_l1e-6_w1e-5_dc_en1,0.680000,0.541588,13.841187,-7.7254,0.522350
A_series_n18_tt_l1e-6_w1e-5_dc_en1,0.700000,0.561442,13.855823,-7.6278,0.522350
A_series_n18_tt_l1e-6_w1e-5_dc_en1,0.720000,0.581298,13.870192,-7.5321,0.522350
A_series_n18_tt_l1e-6_w1e-5_dc_en1,0.740000,0.601157,13.884314,-7.4379,0.522350
A_series_n18_tt_l1e-6_w1e-5_dc_en1,0.760000,0.621018,13.898206,-7.3453,0.522350
A_series_n18_tt_l1e-6_w1e-5_dc_en1,0.780000,0.640881,13.911885,-7.2541,0.522350
A_series_n18_tt_l1e-6_w1e-5_dc_en1,0.800000,0.660746,13.925365,-7.1642,0.522350
A_series_n18_tt_l1e-6_w1e-5_dc_en1,0.820000,0.680613,13.938659,-7.0756,0.522350
A_series_n18_tt_l1e-6_w1e-5_dc_en1,0.840000,0.700482,13.951778,-6.9881,0.522350
A_series_n18_tt_l1e-6_w1e-5_dc_en1,0.860000,0.720353,13.964734,-6.9018,0.522350
A_series_n18_tt_l1e-6_w1e-5_dc_en1,0.880000,0.740225,13.977535,-6.8164,0.522350
A_series_n18_tt_l1e-6_w1e-5_dc_en1,0.900000,0.760098,13.990191,-6.7321,0.522350
A_series_n18_tt_l1e-6_w1e-5_dc_en1,0.920000,0.779973,14.002710,-6.6486,0.522350
A_series_n18_tt_l1e-6_w1e-5_dc_en1,0.940000,0.799849,14.015100,-6.5660,0.522350
A_series_n18_tt_l1e-6_w1e-5_dc_en1,0.960000,0.819726,14.027367,-6.4842,0.522350
A_series_n18_tt_l1e-6_w1e-5_dc_en1,0.980000,0.839605,14.039517,-6.4032,0.522350
A_series_n18_tt_l1e-6_w1e-5_dc_en1,1.000000,0.859484,14.051557,-6.3230,0.522350
A_series_n18_tt_l1e-6_w1e-5_dc_en1,1.020000,0.879365,14.063492,-6.2434,0.522350
A_series_n18_tt_l1e-6_w1e-5_dc_en1,1.040000,0.899247,14.075326,-6.1645,0.522350
A_series_n18_tt_l1e-6_w1e-5_dc_en1,1.060000,0.919129,14.087066,-6.0862,0.522350
A_series_n18_tt_l1e-6_w1e-5_dc_en1,1.080000,0.939013,14.098715,-6.0086,0.522350
A_series_n18_tt_l1e-6_w1e-5_dc_en1,1.100000,0.958897,14.110276,-5.9315,0.522350
A_series_n18_tt_l1e-6_w1e-5_dc_en1,1.120000,0.978782,14.121755,-5.8550,0.522350
A_series_n18_tt_l1e-6_w1e-5_dc_en1,1.140000,0.998668,14.133155,-5.7790,0.522350
A_series_n18_tt_l1e-6_w1e-5_dc_en1,1.160000,1.018555,14.144478,-5.7035,0.522350
A_series_n18_tt_l1e-6_w1e-5_dc_en1,1.180000,1.038443,14.155729,-5.6285,0.522350
A_series_n18_tt_l1e-6_w1e-5_dc_en1,1.200000,1.058331,14.166910,-5.5539,0.522350
A_series_n18_tt_l1e-6_w1e-5_dc_en1,1.220000,1.078220,14.178025,-5.4798,0.522350
A_series_n18_tt_l1e-6_w1e-5_dc_en1,1.240000,1.098109,14.189075,-5.4062,0.522350
A_series_n18_tt_l1e-6_w1e-5_dc_en1,1.260000,1.117999,14.200064,-5.3329,0.522350
A_series_n18_tt_l1e-6_w1e-5_dc_en1,1.280000,1.137890,14.210995,-5.2600,0.522350
A_series_n18_tt_l1e-6_w1e-5_dc_en1,1.300000,1.157781,14.221869,-5.1875,0.522350
A_series_n18_tt_l1e-6_w1e-5_dc_en1,1.320000,1.177673,14.232689,-5.1154,0.522350
A_series_n18_tt_l1e-6_w1e-5_dc_en1,1.340000,1.197565,14.243459,-5.0436,0.522350
A_series_n18_tt_l1e-6_w1e-5_dc_en1,1.360000,1.217458,14.254180,-4.9721,0.522350
A_series_n18_tt_l1e-6_w1e-5_dc_en1,1.380000,1.237351,14.264854,-4.9010,0.522350
A_series_n18_tt_l1e-6_w1e-5_dc_en1,1.400000,1.257245,14.275484,-4.8301,0.522350
A_series_n18_tt_l1e-6_w1e-5_dc_en1,1.420000,1.277139,14.286074,-4.7595,0.522350
A_series_n18_tt_l1e-6_w1e-5_dc_en1,1.440000,1.297034,14.296624,-4.6892,0.522350
A_series_n18_tt_l1e-6_w1e-5_dc_en1,1.460000,1.316929,14.307139,-4.6191,0.522350
A_series_n18_tt_l1e-6_w1e-5_dc_en1,1.480000,1.336824,14.317621,-4.5492,0.522350
A_series_n18_tt_l1e-6_w1e-5_dc_en1,1.500000,1.356719,14.328072,-4.4795,0.522350
A_series_n18_tt_l1e-6_w1e-5_dc_en1,1.520000,1.376615,14.338496,-4.4100,0.522350
A_series_n18_tt_l1e-6_w1e-5_dc_en1,1.540000,1.396511,14.348896,-4.3407,0.522350
A_series_n18_tt_l1e-6_w1e-5_dc_en1,1.560000,1.416407,14.359277,-4.2715,0.522350
A_series_n18_tt_l1e-6_w1e-5_dc_en1,1.580000,1.436304,14.369640,-4.2024,0.522350
A_series_n18_tt_l1e-6_w1e-5_dc_en1,1.600000,1.456200,14.379990,-4.1334,0.522350
A_series_n18_tt_l1e-6_w1e-5_dc_en1,1.620000,1.476097,14.390332,-4.0645,0.522350
A_series_n18_tt_l1e-6_w1e-5_dc_en1,1.640000,1.495993,14.400670,-3.9955,0.522350
A_series_n18_tt_l1e-6_w1e-5_dc_en1,1.660000,1.515890,14.411008,-3.9266,0.522350
A_series_n18_tt_l1e-6_w1e-5_dc_en1,1.680000,1.535786,14.421352,-3.8577,0.522350
A_series_n18_tt_l1e-6_w1e-5_dc_en1,1.700000,1.555683,14.431707,-3.7886,0.522350
A_series_n18_tt_l1e-6_w1e-5_dc_en1,1.720000,1.575579,14.442078,-3.7195,0.522350
A_series_n18_tt_l1e-6_w1e-5_dc_en1,1.740000,1.595475,14.452472,-3.6502,0.522350
A_series_n18_tt_l1e-6_w1e-5_dc_en1,1.760000,1.615371,14.462895,-3.5807,0.522350
A_series_n18_tt_l1e-6_w1e-5_dc_en1,1.780000,1.635266,14.473354,-3.5110,0.522350
A_series_n18_tt_l1e-6_w1e-5_dc_en1,1.800000,1.655161,14.483856,-3.4410,0.522350
A_series_n18_tt_l1e-6_w1e-5_dc_en0,0.000000,0.000000,-0.000000,-100.0000,0.522350
A_series_n18_tt_l1e-6_w1e-5_dc_en0,0.020000,0.020000,0.000015,-99.9999,0.522350
A_series_n18_tt_l1e-6_w1e-5_dc_en0,0.040000,0.040000,0.000020,-99.9999,0.522350
A_series_n18_tt_l1e-6_w1e-5_dc_en0,0.060000,0.060000,0.000020,-99.9999,0.522350
A_series_n18_tt_l1e-6_w1e-5_dc_en0,0.080000,0.080000,0.000021,-99.9999,0.522350
A_series_n18_tt_l1e-6_w1e-5_dc_en0,0.100000,0.100000,0.000021,-99.9999,0.522350
A_series_n18_tt_l1e-6_w1e-5_dc_en0,0.120000,0.120000,0.000021,-99.9999,0.522350
A_series_n18_tt_l1e-6_w1e-5_dc_en0,0.140000,0.140000,0.000021,-99.9999,0.522350
A_series_n18_tt_l1e-6_w1e-5_dc_en0,0.160000,0.160000,0.000021,-99.9999,0.522350
A_series_n18_tt_l1e-6_w1e-5_dc_en0,0.180000,0.180000,0.000021,-99.9999,0.522350
A_series_n18_tt_l1e-6_w1e-5_dc_en0,0.200000,0.200000,0.000021,-99.9999,0.522350
A_series_n18_tt_l1e-6_w1e-5_dc_en0,0.220000,0.220000,0.000021,-99.9999,0.522350
A_series_n18_tt_l1e-6_w1e-5_dc_en0,0.240000,0.240000,0.000022,-99.9999,0.522350
A_series_n18_tt_l1e-6_w1e-5_dc_en0,0.260000,0.260000,0.000022,-99.9999,0.522350
A_series_n18_tt_l1e-6_w1e-5_dc_en0,0.280000,0.280000,0.000022,-99.9999,0.522350
A_series_n18_tt_l1e-6_w1e-5_dc_en0,0.300000,0.300000,0.000022,-99.9999,0.522350
A_series_n18_tt_l1e-6_w1e-5_dc_en0,0.320000,0.320000,0.000022,-99.9999,0.522350
A_series_n18_tt_l1e-6_w1e-5_dc_en0,0.340000,0.340000,0.000022,-99.9999,0.522350
A_series_n18_tt_l1e-6_w1e-5_dc_en0,0.360000,0.360000,0.000022,-99.9999,0.522350
A_series_n18_tt_l1e-6_w1e-5_dc_en0,0.380000,0.380000,0.000022,-99.9999,0.522350
A_series_n18_tt_l1e-6_w1e-5_dc_en0,0.400000,0.400000,0.000022,-99.9999,0.522350
A_series_n18_tt_l1e-6_w1e-5_dc_en0,0.420000,0.420000,0.000022,-99.9999,0.522350
A_series_n18_tt_l1e-6_w1e-5_dc_en0,0.440000,0.440000,0.000022,-99.9999,0.522350
A_series_n18_tt_l1e-6_w1e-5_dc_en0,0.460000,0.460000,0.000022,-99.9999,0.522350
A_series_n18_tt_l1e-6_w1e-5_dc_en0,0.480000,0.480000,0.000022,-99.9999,0.522350
A_series_n18_tt_l1e-6_w1e-5_dc_en0,0.500000,0.500000,0.000022,-99.9999,0.522350
A_series_n18_tt_l1e-6_w1e-5_dc_en0,0.520000,0.520000,0.000022,-99.9999,0.522350
A_series_n18_tt_l1e-6_w1e-5_dc_en0,0.540000,0.540000,0.000022,-99.9999,0.522350
A_series_n18_tt_l1e-6_w1e-5_dc_en0,0.560000,0.560000,0.000022,-99.9999,0.522350
A_series_n18_tt_l1e-6_w1e-5_dc_en0,0.580000,0.580000,0.000022,-99.9999,0.522350
A_series_n18_tt_l1e-6_w1e-5_dc_en0,0.600000,0.600000,0.000022,-99.9999,0.522350
A_series_n18_tt_l1e-6_w1e-5_dc_en0,0.620000,0.620000,0.000022,-99.9999,0.522350
A_series_n18_tt_l1e-6_w1e-5_dc_en0,0.640000,0.640000,0.000022,-99.9999,0.522350
A_series_n18_tt_l1e-6_w1e-5_dc_en0,0.660000,0.660000,0.000022,-99.9999,0.522350
A_series_n18_tt_l1e-6_w1e-5_dc_en0,0.680000,0.680000,0.000022,-99.9999,0.522350
A_series_n18_tt_l1e-6_w1e-5_dc_en0,0.700000,0.700000,0.000022,-99.9999,0.522350
A_series_n18_tt_l1e-6_w1e-5_dc_en0,0.720000,0.720000,0.000022,-99.9999,0.522350
A_series_n18_tt_l1e-6_w1e-5_dc_en0,0.740000,0.740000,0.000023,-99.9998,0.522350
A_series_n18_tt_l1e-6_w1e-5_dc_en0,0.760000,0.760000,0.000023,-99.9998,0.522350
A_series_n18_tt_l1e-6_w1e-5_dc_en0,0.780000,0.780000,0.000023,-99.9998,0.522350
A_series_n18_tt_l1e-6_w1e-5_dc_en0,0.800000,0.800000,0.000023,-99.9998,0.522350
A_series_n18_tt_l1e-6_w1e-5_dc_en0,0.820000,0.820000,0.000023,-99.9998,0.522350
A_series_n18_tt_l1e-6_w1e-5_dc_en0,0.840000,0.840000,0.000023,-99.9998,0.522350
A_series_n18_tt_l1e-6_w1e-5_dc_en0,0.860000,0.860000,0.000023,-99.9998,0.522350
A_series_n18_tt_l1e-6_w1e-5_dc_en0,0.880000,0.880000,0.000023,-99.9998,0.522350
A_series_n18_tt_l1e-6_w1e-5_dc_en0,0.900000,0.900000,0.000023,-99.9998,0.522350
A_series_n18_tt_l1e-6_w1e-5_dc_en0,0.920000,0.920000,0.000023,-99.9998,0.522350
A_series_n18_tt_l1e-6_w1e-5_dc_en0,0.940000,0.940000,0.000023,-99.9998,0.522350
A_series_n18_tt_l1e-6_w1e-5_dc_en0,0.960000,0.960000,0.000023,-99.9998,0.522350
A_series_n18_tt_l1e-6_w1e-5_dc_en0,0.980000,0.980000,0.000023,-99.9998,0.522350
A_series_n18_tt_l1e-6_w1e-5_dc_en0,1.000000,1.000000,0.000023,-99.9998,0.522350
A_series_n18_tt_l1e-6_w1e-5_dc_en0,1.020000,1.020000,0.000023,-99.9998,0.522350
A_series_n18_tt_l1e-6_w1e-5_dc_en0,1.040000,1.040000,0.000023,-99.9998,0.522350
A_series_n18_tt_l1e-6_w1e-5_dc_en0,1.060000,1.060000,0.000023,-99.9998,0.522350
A_series_n18_tt_l1e-6_w1e-5_dc_en0,1.080000,1.080000,0.000023,-99.9998,0.522350
A_series_n18_tt_l1e-6_w1e-5_dc_en0,1.100000,1.100000,0.000023,-99.9998,0.522350
A_series_n18_tt_l1e-6_w1e-5_dc_en0,1.120000,1.120000,0.000023,-99.9998,0.522350
A_series_n18_tt_l1e-6_w1e-5_dc_en0,1.140000,1.140000,0.000023,-99.9998,0.522350
A_series_n18_tt_l1e-6_w1e-5_dc_en0,1.160000,1.160000,0.000023,-99.9998,0.522350
A_series_n18_tt_l1e-6_w1e-5_dc_en0,1.180000,1.180000,0.000023,-99.9998,0.522350
A_series_n18_tt_l1e-6_w1e-5_dc_en0,1.200000,1.200000,0.000023,-99.9998,0.522350
A_series_n18_tt_l1e-6_w1e-5_dc_en0,1.220000,1.220000,0.000023,-99.9998,0.522350
A_series_n18_tt_l1e-6_w1e-5_dc_en0,1.240000,1.240000,0.000023,-99.9998,0.522350
A_series_n18_tt_l1e-6_w1e-5_dc_en0,1.260000,1.260000,0.000023,-99.9998,0.522350
A_series_n18_tt_l1e-6_w1e-5_dc_en0,1.280000,1.280000,0.000023,-99.9998,0.522350
A_series_n18_tt_l1e-6_w1e-5_dc_en0,1.300000,1.300000,0.000023,-99.9998,0.522350
A_series_n18_tt_l1e-6_w1e-5_dc_en0,1.320000,1.320000,0.000023,-99.9998,0.522350
A_series_n18_tt_l1e-6_w1e-5_dc_en0,1.340000,1.340000,0.000023,-99.9998,0.522350
A_series_n18_tt_l1e-6_w1e-5_dc_en0,1.360000,1.360000,0.000023,-99.9998,0.522350
A_series_n18_tt_l1e-6_w1e-5_dc_en0,1.380000,1.380000,0.000023,-99.9998,0.522350
A_series_n18_tt_l1e-6_w1e-5_dc_en0,1.400000,1.400000,0.000023,-99.9998,0.522350
A_series_n18_tt_l1e-6_w1e-5_dc_en0,1.420000,1.420000,0.000023,-99.9998,0.522350
A_series_n18_tt_l1e-6_w1e-5_dc_en0,1.440000,1.440000,0.000023,-99.9998,0.522350
A_series_n18_tt_l1e-6_w1e-5_dc_en0,1.460000,1.460000,0.000023,-99.9998,0.522350
A_series_n18_tt_l1e-6_w1e-5_dc_en0,1.480000,1.480000,0.000023,-99.9998,0.522350
A_series_n18_tt_l1e-6_w1e-5_dc_en0,1.500000,1.500000,0.000023,-99.9998,0.522350
A_series_n18_tt_l1e-6_w1e-5_dc_en0,1.520000,1.520000,0.000023,-99.9998,0.522350
A_series_n18_tt_l1e-6_w1e-5_dc_en0,1.540000,1.540000,0.000023,-99.9998,0.522350
A_series_n18_tt_l1e-6_w1e-5_dc_en0,1.560000,1.560000,0.000024,-99.9998,0.522350
A_series_n18_tt_l1e-6_w1e-5_dc_en0,1.580000,1.580000,0.000024,-99.9998,0.522350
A_series_n18_tt_l1e-6_w1e-5_dc_en0,1.600000,1.600000,0.000024,-99.9998,0.522350
A_series_n18_tt_l1e-6_w1e-5_dc_en0,1.620000,1.620000,0.000024,-99.9998,0.522350
A_series_n18_tt_l1e-6_w1e-5_dc_en0,1.640000,1.640000,0.000024,-99.9998,0.522350
A_series_n18_tt_l1e-6_w1e-5_dc_en0,1.660000,1.660000,0.000024,-99.9998,0.522350
A_series_n18_tt_l1e-6_w1e-5_dc_en0,1.680000,1.680000,0.000024,-99.9998,0.522350
A_series_n18_tt_l1e-6_w1e-5_dc_en0,1.700000,1.700000,0.000024,-99.9998,0.522350
A_series_n18_tt_l1e-6_w1e-5_dc_en0,1.720000,1.720000,0.000024,-99.9998,0.522350
A_series_n18_tt_l1e-6_w1e-5_dc_en0,1.740000,1.740000,0.000024,-99.9998,0.522350
A_series_n18_tt_l1e-6_w1e-5_dc_en0,1.760000,1.760000,0.000024,-99.9998,0.522350
A_series_n18_tt_l1e-6_w1e-5_dc_en0,1.780000,1.780000,0.000024,-99.9998,0.522350
A_series_n18_tt_l1e-6_w1e-5_dc_en0,1.800000,1.800000,0.000024,-99.9998,0.522350
B_gate_n18_tt_l1e-6_w1e-5_dc_en1,0.000000,0.000000,-0.000000,-100.0000,0.522350
B_gate_n18_tt_l1e-6_w1e-5_dc_en1,0.020000,0.005431,1.456937,-90.2871,0.522350
B_gate_n18_tt_l1e-6_w1e-5_dc_en1,0.040000,0.011097,2.890325,-80.7312,0.522350
B_gate_n18_tt_l1e-6_w1e-5_dc_en1,0.060000,0.017031,4.296945,-71.3537,0.522350
B_gate_n18_tt_l1e-6_w1e-5_dc_en1,0.080000,0.023272,5.672760,-62.1816,0.522350
B_gate_n18_tt_l1e-6_w1e-5_dc_en1,0.100000,0.029874,7.012612,-53.2493,0.522350
B_gate_n18_tt_l1e-6_w1e-5_dc_en1,0.120000,0.036903,8.309720,-44.6019,0.522350
B_gate_n18_tt_l1e-6_w1e-5_dc_en1,0.140000,0.044451,9.554876,-36.3008,0.522350
B_gate_n18_tt_l1e-6_w1e-5_dc_en1,0.160000,0.052650,10.735023,-28.4332,0.522350
B_gate_n18_tt_l1e-6_w1e-5_dc_en1,0.180000,0.061694,11.830603,-21.1293,0.522350
B_gate_n18_tt_l1e-6_w1e-5_dc_en1,0.200000,0.071899,12.810075,-14.5995,0.522350
B_gate_n18_tt_l1e-6_w1e-5_dc_en1,0.220000,0.083822,13.617785,-9.2148,0.522350
B_gate_n18_tt_l1e-6_w1e-5_dc_en1,0.240000,0.098452,14.154773,-5.6348,0.522350
B_gate_n18_tt_l1e-6_w1e-5_dc_en1,0.260000,0.116267,14.373346,-4.1777,0.522350
B_gate_n18_tt_l1e-6_w1e-5_dc_en1,0.280000,0.135394,14.460631,-3.5958,0.522350
B_gate_n18_tt_l1e-6_w1e-5_dc_en1,0.300000,0.154811,14.518925,-3.2072,0.522350
B_gate_n18_tt_l1e-6_w1e-5_dc_en1,0.320000,0.174340,14.566029,-2.8931,0.522350
B_gate_n18_tt_l1e-6_w1e-5_dc_en1,0.340000,0.193934,14.606633,-2.6224,0.522350
B_gate_n18_tt_l1e-6_w1e-5_dc_en1,0.360000,0.213572,14.642774,-2.3815,0.522350
B_gate_n18_tt_l1e-6_w1e-5_dc_en1,0.380000,0.233244,14.675601,-2.1627,0.522350
B_gate_n18_tt_l1e-6_w1e-5_dc_en1,0.400000,0.252942,14.705848,-1.9610,0.522350
B_gate_n18_tt_l1e-6_w1e-5_dc_en1,0.420000,0.272660,14.734023,-1.7732,0.522350
B_gate_n18_tt_l1e-6_w1e-5_dc_en1,0.440000,0.292395,14.760495,-1.5967,0.522350
B_gate_n18_tt_l1e-6_w1e-5_dc_en1,0.460000,0.312145,14.785541,-1.4297,0.522350
B_gate_n18_tt_l1e-6_w1e-5_dc_en1,0.480000,0.331906,14.809375,-1.2708,0.522350
B_gate_n18_tt_l1e-6_w1e-5_dc_en1,0.500000,0.351678,14.832165,-1.1189,0.522350
B_gate_n18_tt_l1e-6_w1e-5_dc_en1,0.520000,0.371460,14.854048,-0.9730,0.522350
B_gate_n18_tt_l1e-6_w1e-5_dc_en1,0.540000,0.391249,14.875134,-0.8324,0.522350
B_gate_n18_tt_l1e-6_w1e-5_dc_en1,0.560000,0.411045,14.895514,-0.6966,0.522350
B_gate_n18_tt_l1e-6_w1e-5_dc_en1,0.580000,0.430847,14.915267,-0.5649,0.522350
B_gate_n18_tt_l1e-6_w1e-5_dc_en1,0.600000,0.450655,14.934456,-0.4370,0.522350
B_gate_n18_tt_l1e-6_w1e-5_dc_en1,0.620000,0.470469,14.953137,-0.3124,0.522350
B_gate_n18_tt_l1e-6_w1e-5_dc_en1,0.640000,0.490286,14.971357,-0.1910,0.522350
B_gate_n18_tt_l1e-6_w1e-5_dc_en1,0.660000,0.510108,14.989158,-0.0723,0.522350
B_gate_n18_tt_l1e-6_w1e-5_dc_en1,0.680000,0.529934,15.006576,0.0438,0.522350
B_gate_n18_tt_l1e-6_w1e-5_dc_en1,0.700000,0.549764,15.023641,0.1576,0.522350
B_gate_n18_tt_l1e-6_w1e-5_dc_en1,0.720000,0.569596,15.040383,0.2692,0.522350
B_gate_n18_tt_l1e-6_w1e-5_dc_en1,0.740000,0.589432,15.056826,0.3788,0.522350
B_gate_n18_tt_l1e-6_w1e-5_dc_en1,0.760000,0.609270,15.072990,0.4866,0.522350
B_gate_n18_tt_l1e-6_w1e-5_dc_en1,0.780000,0.629111,15.088898,0.5927,0.522350
B_gate_n18_tt_l1e-6_w1e-5_dc_en1,0.800000,0.648954,15.104565,0.6971,0.522350
B_gate_n18_tt_l1e-6_w1e-5_dc_en1,0.820000,0.668800,15.120007,0.8000,0.522350
B_gate_n18_tt_l1e-6_w1e-5_dc_en1,0.840000,0.688648,15.135240,0.9016,0.522350
B_gate_n18_tt_l1e-6_w1e-5_dc_en1,0.860000,0.708497,15.150276,1.0018,0.522350
B_gate_n18_tt_l1e-6_w1e-5_dc_en1,0.880000,0.728349,15.165127,1.1008,0.522350
B_gate_n18_tt_l1e-6_w1e-5_dc_en1,0.900000,0.748202,15.179803,1.1987,0.522350
B_gate_n18_tt_l1e-6_w1e-5_dc_en1,0.920000,0.768057,15.194316,1.2954,0.522350
B_gate_n18_tt_l1e-6_w1e-5_dc_en1,0.940000,0.787913,15.208673,1.3912,0.522350
B_gate_n18_tt_l1e-6_w1e-5_dc_en1,0.960000,0.807771,15.222884,1.4859,0.522350
B_gate_n18_tt_l1e-6_w1e-5_dc_en1,0.980000,0.827630,15.236955,1.5797,0.522350
B_gate_n18_tt_l1e-6_w1e-5_dc_en1,1.000000,0.847491,15.250895,1.6726,0.522350
B_gate_n18_tt_l1e-6_w1e-5_dc_en1,1.020000,0.867353,15.264709,1.7647,0.522350
B_gate_n18_tt_l1e-6_w1e-5_dc_en1,1.040000,0.887216,15.278404,1.8560,0.522350
B_gate_n18_tt_l1e-6_w1e-5_dc_en1,1.060000,0.907080,15.291985,1.9466,0.522350
B_gate_n18_tt_l1e-6_w1e-5_dc_en1,1.080000,0.926945,15.305458,2.0364,0.522350
B_gate_n18_tt_l1e-6_w1e-5_dc_en1,1.100000,0.946812,15.318828,2.1255,0.522350
B_gate_n18_tt_l1e-6_w1e-5_dc_en1,1.120000,0.966679,15.332100,2.2140,0.522350
B_gate_n18_tt_l1e-6_w1e-5_dc_en1,1.140000,0.986547,15.345277,2.3018,0.522350
B_gate_n18_tt_l1e-6_w1e-5_dc_en1,1.160000,1.006416,15.358364,2.3891,0.522350
B_gate_n18_tt_l1e-6_w1e-5_dc_en1,1.180000,1.026286,15.371364,2.4758,0.522350
B_gate_n18_tt_l1e-6_w1e-5_dc_en1,1.200000,1.046157,15.384282,2.5619,0.522350
B_gate_n18_tt_l1e-6_w1e-5_dc_en1,1.220000,1.066029,15.397121,2.6475,0.522350
B_gate_n18_tt_l1e-6_w1e-5_dc_en1,1.240000,1.085901,15.409883,2.7326,0.522350
B_gate_n18_tt_l1e-6_w1e-5_dc_en1,1.260000,1.105774,15.422574,2.8172,0.522350
B_gate_n18_tt_l1e-6_w1e-5_dc_en1,1.280000,1.125648,15.435194,2.9013,0.522350
B_gate_n18_tt_l1e-6_w1e-5_dc_en1,1.300000,1.145523,15.447748,2.9850,0.522350
B_gate_n18_tt_l1e-6_w1e-5_dc_en1,1.320000,1.165398,15.460238,3.0683,0.522350
B_gate_n18_tt_l1e-6_w1e-5_dc_en1,1.340000,1.185273,15.472667,3.1511,0.522350
B_gate_n18_tt_l1e-6_w1e-5_dc_en1,1.360000,1.205150,15.485038,3.2336,0.522350
B_gate_n18_tt_l1e-6_w1e-5_dc_en1,1.380000,1.225026,15.497354,3.3157,0.522350
B_gate_n18_tt_l1e-6_w1e-5_dc_en1,1.400000,1.244904,15.509617,3.3974,0.522350
B_gate_n18_tt_l1e-6_w1e-5_dc_en1,1.420000,1.264782,15.521831,3.4789,0.522350
B_gate_n18_tt_l1e-6_w1e-5_dc_en1,1.440000,1.284660,15.533998,3.5600,0.522350
B_gate_n18_tt_l1e-6_w1e-5_dc_en1,1.460000,1.304539,15.546122,3.6408,0.522350
B_gate_n18_tt_l1e-6_w1e-5_dc_en1,1.480000,1.324418,15.558205,3.7214,0.522350
B_gate_n18_tt_l1e-6_w1e-5_dc_en1,1.500000,1.344297,15.570251,3.8017,0.522350
B_gate_n18_tt_l1e-6_w1e-5_dc_en1,1.520000,1.364177,15.582263,3.8818,0.522350
B_gate_n18_tt_l1e-6_w1e-5_dc_en1,1.540000,1.384058,15.594244,3.9616,0.522350
B_gate_n18_tt_l1e-6_w1e-5_dc_en1,1.560000,1.403938,15.606200,4.0413,0.522350
B_gate_n18_tt_l1e-6_w1e-5_dc_en1,1.580000,1.423819,15.618132,4.1209,0.522350
B_gate_n18_tt_l1e-6_w1e-5_dc_en1,1.600000,1.443700,15.630047,4.2003,0.522350
B_gate_n18_tt_l1e-6_w1e-5_dc_en1,1.620000,1.463581,15.641948,4.2797,0.522350
B_gate_n18_tt_l1e-6_w1e-5_dc_en1,1.640000,1.483462,15.653840,4.3589,0.522350
B_gate_n18_tt_l1e-6_w1e-5_dc_en1,1.660000,1.503343,15.665727,4.4382,0.522350
B_gate_n18_tt_l1e-6_w1e-5_dc_en1,1.680000,1.523224,15.677617,4.5174,0.522350
B_gate_n18_tt_l1e-6_w1e-5_dc_en1,1.700000,1.543105,15.689514,4.5968,0.522350
B_gate_n18_tt_l1e-6_w1e-5_dc_en1,1.720000,1.562986,15.701424,4.6762,0.522350
B_gate_n18_tt_l1e-6_w1e-5_dc_en1,1.740000,1.582866,15.713354,4.7557,0.522350
B_gate_n18_tt_l1e-6_w1e-5_dc_en1,1.760000,1.602747,15.725311,4.8354,0.522350
B_gate_n18_tt_l1e-6_w1e-5_dc_en1,1.780000,1.622627,15.737302,4.9153,0.522350
B_gate_n18_tt_l1e-6_w1e-5_dc_en1,1.800000,1.642507,15.749334,4.9956,0.522350
B_gate_n18_tt_l1e-6_w1e-5_dc_en0,0.000000,0.000000,-0.000000,-100.0000,0.000000
B_gate_n18_tt_l1e-6_w1e-5_dc_en0,0.020000,0.020000,0.000015,-99.9999,0.000000
B_gate_n18_tt_l1e-6_w1e-5_dc_en0,0.040000,0.040000,0.000020,-99.9999,0.000000
B_gate_n18_tt_l1e-6_w1e-5_dc_en0,0.060000,0.060000,0.000021,-99.9999,0.000000
B_gate_n18_tt_l1e-6_w1e-5_dc_en0,0.080000,0.080000,0.000021,-99.9999,0.000000
B_gate_n18_tt_l1e-6_w1e-5_dc_en0,0.100000,0.100000,0.000021,-99.9999,0.000000
B_gate_n18_tt_l1e-6_w1e-5_dc_en0,0.120000,0.120000,0.000021,-99.9999,0.000000
B_gate_n18_tt_l1e-6_w1e-5_dc_en0,0.140000,0.140000,0.000021,-99.9999,0.000000
B_gate_n18_tt_l1e-6_w1e-5_dc_en0,0.160000,0.160000,0.000021,-99.9999,0.000000
B_gate_n18_tt_l1e-6_w1e-5_dc_en0,0.180000,0.180000,0.000021,-99.9999,0.000000
B_gate_n18_tt_l1e-6_w1e-5_dc_en0,0.200000,0.200000,0.000021,-99.9999,0.000000
B_gate_n18_tt_l1e-6_w1e-5_dc_en0,0.220000,0.220000,0.000021,-99.9999,0.000000
B_gate_n18_tt_l1e-6_w1e-5_dc_en0,0.240000,0.240000,0.000022,-99.9999,0.000000
B_gate_n18_tt_l1e-6_w1e-5_dc_en0,0.260000,0.260000,0.000022,-99.9999,0.000000
B_gate_n18_tt_l1e-6_w1e-5_dc_en0,0.280000,0.280000,0.000022,-99.9999,0.000000
B_gate_n18_tt_l1e-6_w1e-5_dc_en0,0.300000,0.300000,0.000022,-99.9999,0.000000
B_gate_n18_tt_l1e-6_w1e-5_dc_en0,0.320000,0.320000,0.000022,-99.9999,0.000000
B_gate_n18_tt_l1e-6_w1e-5_dc_en0,0.340000,0.340000,0.000022,-99.9999,0.000000
B_gate_n18_tt_l1e-6_w1e-5_dc_en0,0.360000,0.360000,0.000022,-99.9999,0.000000
B_gate_n18_tt_l1e-6_w1e-5_dc_en0,0.380000,0.380000,0.000022,-99.9999,0.000000
B_gate_n18_tt_l1e-6_w1e-5_dc_en0,0.400000,0.400000,0.000022,-99.9999,0.000000
B_gate_n18_tt_l1e-6_w1e-5_dc_en0,0.420000,0.420000,0.000022,-99.9999,0.000000
B_gate_n18_tt_l1e-6_w1e-5_dc_en0,0.440000,0.440000,0.000022,-99.9999,0.000000
B_gate_n18_tt_l1e-6_w1e-5_dc_en0,0.460000,0.460000,0.000022,-99.9999,0.000000
B_gate_n18_tt_l1e-6_w1e-5_dc_en0,0.480000,0.480000,0.000022,-99.9999,0.000000
B_gate_n18_tt_l1e-6_w1e-5_dc_en0,0.500000,0.500000,0.000022,-99.9999,0.000000
B_gate_n18_tt_l1e-6_w1e-5_dc_en0,0.520000,0.520000,0.000022,-99.9999,0.000000
B_gate_n18_tt_l1e-6_w1e-5_dc_en0,0.540000,0.540000,0.000022,-99.9999,0.000000
B_gate_n18_tt_l1e-6_w1e-5_dc_en0,0.560000,0.560000,0.000023,-99.9998,0.000000
B_gate_n18_tt_l1e-6_w1e-5_dc_en0,0.580000,0.580000,0.000023,-99.9998,0.000000
B_gate_n18_tt_l1e-6_w1e-5_dc_en0,0.600000,0.600000,0.000023,-99.9998,0.000000
B_gate_n18_tt_l1e-6_w1e-5_dc_en0,0.620000,0.620000,0.000023,-99.9998,0.000000
B_gate_n18_tt_l1e-6_w1e-5_dc_en0,0.640000,0.640000,0.000023,-99.9998,0.000000
B_gate_n18_tt_l1e-6_w1e-5_dc_en0,0.660000,0.660000,0.000023,-99.9998,0.000000
B_gate_n18_tt_l1e-6_w1e-5_dc_en0,0.680000,0.680000,0.000023,-99.9998,0.000000
B_gate_n18_tt_l1e-6_w1e-5_dc_en0,0.700000,0.700000,0.000023,-99.9998,0.000000
B_gate_n18_tt_l1e-6_w1e-5_dc_en0,0.720000,0.720000,0.000023,-99.9998,0.000000
B_gate_n18_tt_l1e-6_w1e-5_dc_en0,0.740000,0.740000,0.000023,-99.9998,0.000000
B_gate_n18_tt_l1e-6_w1e-5_dc_en0,0.760000,0.760000,0.000023,-99.9998,0.000000
B_gate_n18_tt_l1e-6_w1e-5_dc_en0,0.780000,0.780000,0.000023,-99.9998,0.000000
B_gate_n18_tt_l1e-6_w1e-5_dc_en0,0.800000,0.800000,0.000023,-99.9998,0.000000
B_gate_n18_tt_l1e-6_w1e-5_dc_en0,0.820000,0.820000,0.000023,-99.9998,0.000000
B_gate_n18_tt_l1e-6_w1e-5_dc_en0,0.840000,0.840000,0.000023,-99.9998,0.000000
B_gate_n18_tt_l1e-6_w1e-5_dc_en0,0.860000,0.860000,0.000023,-99.9998,0.000000
B_gate_n18_tt_l1e-6_w1e-5_dc_en0,0.880000,0.880000,0.000023,-99.9998,0.000000
B_gate_n18_tt_l1e-6_w1e-5_dc_en0,0.900000,0.900000,0.000024,-99.9998,0.000000
B_gate_n18_tt_l1e-6_w1e-5_dc_en0,0.920000,0.920000,0.000024,-99.9998,0.000000
B_gate_n18_tt_l1e-6_w1e-5_dc_en0,0.940000,0.940000,0.000024,-99.9998,0.000000
B_gate_n18_tt_l1e-6_w1e-5_dc_en0,0.960000,0.960000,0.000024,-99.9998,0.000000
B_gate_n18_tt_l1e-6_w1e-5_dc_en0,0.980000,0.980000,0.000024,-99.9998,0.000000
B_gate_n18_tt_l1e-6_w1e-5_dc_en0,1.000000,1.000000,0.000024,-99.9998,0.000000
B_gate_n18_tt_l1e-6_w1e-5_dc_en0,1.020000,1.020000,0.000024,-99.9998,0.000000
B_gate_n18_tt_l1e-6_w1e-5_dc_en0,1.040000,1.040000,0.000024,-99.9998,0.000000
B_gate_n18_tt_l1e-6_w1e-5_dc_en0,1.060000,1.060000,0.000024,-99.9998,0.000000
B_gate_n18_tt_l1e-6_w1e-5_dc_en0,1.080000,1.080000,0.000024,-99.9998,0.000000
B_gate_n18_tt_l1e-6_w1e-5_dc_en0,1.100000,1.100000,0.000024,-99.9998,0.000000
B_gate_n18_tt_l1e-6_w1e-5_dc_en0,1.120000,1.120000,0.000024,-99.9998,0.000000
B_gate_n18_tt_l1e-6_w1e-5_dc_en0,1.140000,1.140000,0.000024,-99.9998,0.000000
B_gate_n18_tt_l1e-6_w1e-5_dc_en0,1.160000,1.160000,0.000024,-99.9998,0.000000
B_gate_n18_tt_l1e-6_w1e-5_dc_en0,1.180000,1.180000,0.000024,-99.9998,0.000000
B_gate_n18_tt_l1e-6_w1e-5_dc_en0,1.200000,1.200000,0.000024,-99.9998,0.000000
B_gate_n18_tt_l1e-6_w1e-5_dc_en0,1.220000,1.220000,0.000025,-99.9998,0.000000
B_gate_n18_tt_l1e-6_w1e-5_dc_en0,1.240000,1.240000,0.000025,-99.9998,0.000000
B_gate_n18_tt_l1e-6_w1e-5_dc_en0,1.260000,1.260000,0.000025,-99.9998,0.000000
B_gate_n18_tt_l1e-6_w1e-5_dc_en0,1.280000,1.280000,0.000025,-99.9998,0.000000
B_gate_n18_tt_l1e-6_w1e-5_dc_en0,1.300000,1.300000,0.000025,-99.9998,0.000000
B_gate_n18_tt_l1e-6_w1e-5_dc_en0,1.320000,1.320000,0.000025,-99.9998,0.000000
B_gate_n18_tt_l1e-6_w1e-5_dc_en0,1.340000,1.340000,0.000025,-99.9998,0.000000
B_gate_n18_tt_l1e-6_w1e-5_dc_en0,1.360000,1.360000,0.000025,-99.9998,0.000000
B_gate_n18_tt_l1e-6_w1e-5_dc_en0,1.380000,1.380000,0.000025,-99.9998,0.000000
B_gate_n18_tt_l1e-6_w1e-5_dc_en0,1.400000,1.400000,0.000025,-99.9998,0.000000
B_gate_n18_tt_l1e-6_w1e-5_dc_en0,1.420000,1.420000,0.000025,-99.9998,0.000000
B_gate_n18_tt_l1e-6_w1e-5_dc_en0,1.440000,1.440000,0.000025,-99.9998,0.000000
B_gate_n18_tt_l1e-6_w1e-5_dc_en0,1.460000,1.460000,0.000025,-99.9998,0.000000
B_gate_n18_tt_l1e-6_w1e-5_dc_en0,1.480000,1.480000,0.000025,-99.9998,0.000000
B_gate_n18_tt_l1e-6_w1e-5_dc_en0,1.500000,1.500000,0.000025,-99.9998,0.000000
B_gate_n18_tt_l1e-6_w1e-5_dc_en0,1.520000,1.520000,0.000025,-99.9998,0.000000
B_gate_n18_tt_l1e-6_w1e-5_dc_en0,1.540000,1.540000,0.000026,-99.9998,0.000000
B_gate_n18_tt_l1e-6_w1e-5_dc_en0,1.560000,1.560000,0.000026,-99.9998,0.000000
B_gate_n18_tt_l1e-6_w1e-5_dc_en0,1.580000,1.580000,0.000026,-99.9998,0.000000
B_gate_n18_tt_l1e-6_w1e-5_dc_en0,1.600000,1.600000,0.000026,-99.9998,0.000000
B_gate_n18_tt_l1e-6_w1e-5_dc_en0,1.620000,1.620000,0.000026,-99.9998,0.000000
B_gate_n18_tt_l1e-6_w1e-5_dc_en0,1.640000,1.640000,0.000026,-99.9998,0.000000
B_gate_n18_tt_l1e-6_w1e-5_dc_en0,1.660000,1.660000,0.000026,-99.9998,0.000000
B_gate_n18_tt_l1e-6_w1e-5_dc_en0,1.680000,1.680000,0.000026,-99.9998,0.000000
B_gate_n18_tt_l1e-6_w1e-5_dc_en0,1.700000,1.700000,0.000026,-99.9998,0.000000
B_gate_n18_tt_l1e-6_w1e-5_dc_en0,1.720000,1.720000,0.000026,-99.9998,0.000000
B_gate_n18_tt_l1e-6_w1e-5_dc_en0,1.740000,1.740000,0.000027,-99.9998,0.000000
B_gate_n18_tt_l1e-6_w1e-5_dc_en0,1.760000,1.760000,0.000027,-99.9998,0.000000
B_gate_n18_tt_l1e-6_w1e-5_dc_en0,1.780000,1.780000,0.000027,-99.9998,0.000000
B_gate_n18_tt_l1e-6_w1e-5_dc_en0,1.800000,1.800000,0.000027,-99.9998,0.000000
C_cascode_n18_tt_l1e-6_w1e-5_dc_en1,0.000000,0.000000,-0.000000,-100.0000,0.522350
C_cascode_n18_tt_l1e-6_w1e-5_dc_en1,0.020000,0.005940,1.406042,-90.6264,0.522350
C_cascode_n18_tt_l1e-6_w1e-5_dc_en1,0.040000,0.012100,2.789982,-81.4001,0.522350
C_cascode_n18_tt_l1e-6_w1e-5_dc_en1,0.060000,0.018510,4.148997,-72.3400,0.522350
C_cascode_n18_tt_l1e-6_w1e-5_dc_en1,0.080000,0.025204,5.479589,-63.4694,0.522350
C_cascode_n18_tt_l1e-6_w1e-5_dc_en1,0.100000,0.032227,6.777342,-54.8177,0.522350
C_cascode_n18_tt_l1e-6_w1e-5_dc_en1,0.120000,0.039635,8.036536,-46.4231,0.522350
C_cascode_n18_tt_l1e-6_w1e-5_dc_en1,0.140000,0.047505,9.249536,-38.3364,0.522350
C_cascode_n18_tt_l1e-6_w1e-5_dc_en1,0.160000,0.055942,10.405761,-30.6283,0.522350
C_cascode_n18_tt_l1e-6_w1e-5_dc_en1,0.180000,0.065102,11.489796,-23.4014,0.522350
C_cascode_n18_tt_l1e-6_w1e-5_dc_en1,0.200000,0.075223,12.477688,-16.8154,0.522350
C_cascode_n18_tt_l1e-6_w1e-5_dc_en1,0.220000,0.086711,13.328949,-11.1403,0.522350
C_cascode_n18_tt_l1e-6_w1e-5_dc_en1,0.240000,0.100301,13.969930,-6.8671,0.522350
C_cascode_n18_tt_l1e-6_w1e-5_dc_en1,0.260000,0.116947,14.305320,-4.6312,0.522350
C_cascode_n18_tt_l1e-6_w1e-5_dc_en1,0.280000,0.135744,14.425603,-3.8293,0.522350
C_cascode_n18_tt_l1e-6_w1e-5_dc_en1,0.300000,0.155081,14.491875,-3.3875,0.522350
C_cascode_n18_tt_l1e-6_w1e-5_dc_en1,0.320000,0.174577,14.542285,-3.0514,0.522350
C_cascode_n18_tt_l1e-6_w1e-5_dc_en1,0.340000,0.194153,14.584670,-2.7689,0.522350
C_cascode_n18_tt_l1e-6_w1e-5_dc_en1,0.360000,0.213782,14.621829,-2.5211,0.522350
C_cascode_n18_tt_l1e-6_w1e-5_dc_en1,0.380000,0.233448,14.655184,-2.2988,0.522350
C_cascode_n18_tt_l1e-6_w1e-5_dc_en1,0.400000,0.253144,14.685595,-2.0960,0.522350
C_cascode_n18_tt_l1e-6_w1e-5_dc_en1,0.420000,0.272864,14.713628,-1.9091,0.522350
C_cascode_n18_tt_l1e-6_w1e-5_dc_en1,0.440000,0.292603,14.739674,-1.7355,0.522350
C_cascode_n18_tt_l1e-6_w1e-5_dc_en1,0.460000,0.312360,14.764009,-1.5733,0.522350
C_cascode_n18_tt_l1e-6_w1e-5_dc_en1,0.480000,0.332132,14.786822,-1.4212,0.522350
C_cascode_n18_tt_l1e-6_w1e-5_dc_en1,0.500000,0.351918,14.808241,-1.2784,0.522350
C_cascode_n18_tt_l1e-6_w1e-5_dc_en1,0.520000,0.371717,14.828336,-1.1444,0.522350
C_cascode_n18_tt_l1e-6_w1e-5_dc_en1,0.540000,0.391529,14.847128,-1.0191,0.522350
C_cascode_n18_tt_l1e-6_w1e-5_dc_en1,0.560000,0.411354,14.864587,-0.9028,0.522350
C_cascode_n18_tt_l1e-6_w1e-5_dc_en1,0.580000,0.431194,14.880636,-0.7958,0.522350
C_cascode_n18_tt_l1e-6_w1e-5_dc_en1,0.600000,0.451049,14.895147,-0.6990,0.522350
C_cascode_n18_tt_l1e-6_w1e-5_dc_en1,0.620000,0.470920,14.907951,-0.6137,0.522350
C_cascode_n18_tt_l1e-6_w1e-5_dc_en1,0.640000,0.490812,14.918838,-0.5411,0.522350
C_cascode_n18_tt_l1e-6_w1e-5_dc_en1,0.660000,0.510724,14.927574,-0.4828,0.522350
C_cascode_n18_tt_l1e-6_w1e-5_dc_en1,0.680000,0.530661,14.933901,-0.4407,0.522350
C_cascode_n18_tt_l1e-6_w1e-5_dc_en1,0.700000,0.550624,14.937593,-0.4160,0.522350
C_cascode_n18_tt_l1e-6_w1e-5_dc_en1,0.720000,0.570611,14.938940,-0.4071,0.522350
C_cascode_n18_tt_l1e-6_w1e-5_dc_en1,0.740000,0.590607,14.939347,-0.4044,0.522350
C_cascode_n18_tt_l1e-6_w1e-5_dc_en1,0.760000,0.610604,14.939576,-0.4028,0.522350
C_cascode_n18_tt_l1e-6_w1e-5_dc_en1,0.780000,0.630602,14.939753,-0.4016,0.522350
C_cascode_n18_tt_l1e-6_w1e-5_dc_en1,0.800000,0.650601,14.939903,-0.4006,0.522350
C_cascode_n18_tt_l1e-6_w1e-5_dc_en1,0.820000,0.670600,14.940035,-0.3998,0.522350
C_cascode_n18_tt_l1e-6_w1e-5_dc_en1,0.840000,0.690598,14.940153,-0.3990,0.522350
C_cascode_n18_tt_l1e-6_w1e-5_dc_en1,0.860000,0.710597,14.940261,-0.3983,0.522350
C_cascode_n18_tt_l1e-6_w1e-5_dc_en1,0.880000,0.730596,14.940362,-0.3976,0.522350
C_cascode_n18_tt_l1e-6_w1e-5_dc_en1,0.900000,0.750595,14.940455,-0.3970,0.522350
C_cascode_n18_tt_l1e-6_w1e-5_dc_en1,0.920000,0.770595,14.940544,-0.3964,0.522350
C_cascode_n18_tt_l1e-6_w1e-5_dc_en1,0.940000,0.790594,14.940628,-0.3958,0.522350
C_cascode_n18_tt_l1e-6_w1e-5_dc_en1,0.960000,0.810593,14.940708,-0.3953,0.522350
C_cascode_n18_tt_l1e-6_w1e-5_dc_en1,0.980000,0.830592,14.940784,-0.3948,0.522350
C_cascode_n18_tt_l1e-6_w1e-5_dc_en1,1.000000,0.850591,14.940858,-0.3943,0.522350
C_cascode_n18_tt_l1e-6_w1e-5_dc_en1,1.020000,0.870591,14.940929,-0.3938,0.522350
C_cascode_n18_tt_l1e-6_w1e-5_dc_en1,1.040000,0.890590,14.940998,-0.3933,0.522350
C_cascode_n18_tt_l1e-6_w1e-5_dc_en1,1.060000,0.910589,14.941064,-0.3929,0.522350
C_cascode_n18_tt_l1e-6_w1e-5_dc_en1,1.080000,0.930589,14.941129,-0.3925,0.522350
C_cascode_n18_tt_l1e-6_w1e-5_dc_en1,1.100000,0.950588,14.941192,-0.3921,0.522350
C_cascode_n18_tt_l1e-6_w1e-5_dc_en1,1.120000,0.970587,14.941254,-0.3916,0.522350
C_cascode_n18_tt_l1e-6_w1e-5_dc_en1,1.140000,0.990587,14.941314,-0.3912,0.522350
C_cascode_n18_tt_l1e-6_w1e-5_dc_en1,1.160000,1.010586,14.941373,-0.3908,0.522350
C_cascode_n18_tt_l1e-6_w1e-5_dc_en1,1.180000,1.030586,14.941431,-0.3905,0.522350
C_cascode_n18_tt_l1e-6_w1e-5_dc_en1,1.200000,1.050585,14.941487,-0.3901,0.522350
C_cascode_n18_tt_l1e-6_w1e-5_dc_en1,1.220000,1.070585,14.941543,-0.3897,0.522350
C_cascode_n18_tt_l1e-6_w1e-5_dc_en1,1.240000,1.090584,14.941598,-0.3893,0.522350
C_cascode_n18_tt_l1e-6_w1e-5_dc_en1,1.260000,1.110583,14.941651,-0.3890,0.522350
C_cascode_n18_tt_l1e-6_w1e-5_dc_en1,1.280000,1.130583,14.941704,-0.3886,0.522350
C_cascode_n18_tt_l1e-6_w1e-5_dc_en1,1.300000,1.150582,14.941757,-0.3883,0.522350
C_cascode_n18_tt_l1e-6_w1e-5_dc_en1,1.320000,1.170582,14.941808,-0.3879,0.522350
C_cascode_n18_tt_l1e-6_w1e-5_dc_en1,1.340000,1.190581,14.941859,-0.3876,0.522350
C_cascode_n18_tt_l1e-6_w1e-5_dc_en1,1.360000,1.210581,14.941909,-0.3873,0.522350
C_cascode_n18_tt_l1e-6_w1e-5_dc_en1,1.380000,1.230580,14.941959,-0.3869,0.522350
C_cascode_n18_tt_l1e-6_w1e-5_dc_en1,1.400000,1.250580,14.942008,-0.3866,0.522350
C_cascode_n18_tt_l1e-6_w1e-5_dc_en1,1.420000,1.270579,14.942057,-0.3863,0.522350
C_cascode_n18_tt_l1e-6_w1e-5_dc_en1,1.440000,1.290579,14.942105,-0.3860,0.522350
C_cascode_n18_tt_l1e-6_w1e-5_dc_en1,1.460000,1.310578,14.942152,-0.3857,0.522350
C_cascode_n18_tt_l1e-6_w1e-5_dc_en1,1.480000,1.330578,14.942199,-0.3853,0.522350
C_cascode_n18_tt_l1e-6_w1e-5_dc_en1,1.500000,1.350578,14.942246,-0.3850,0.522350
C_cascode_n18_tt_l1e-6_w1e-5_dc_en1,1.520000,1.370577,14.942292,-0.3847,0.522350
C_cascode_n18_tt_l1e-6_w1e-5_dc_en1,1.540000,1.390577,14.942338,-0.3844,0.522350
C_cascode_n18_tt_l1e-6_w1e-5_dc_en1,1.560000,1.410576,14.942384,-0.3841,0.522350
C_cascode_n18_tt_l1e-6_w1e-5_dc_en1,1.580000,1.430576,14.942429,-0.3838,0.522350
C_cascode_n18_tt_l1e-6_w1e-5_dc_en1,1.600000,1.450575,14.942475,-0.3835,0.522350
C_cascode_n18_tt_l1e-6_w1e-5_dc_en1,1.620000,1.470575,14.942519,-0.3832,0.522350
C_cascode_n18_tt_l1e-6_w1e-5_dc_en1,1.640000,1.490574,14.942564,-0.3829,0.522350
C_cascode_n18_tt_l1e-6_w1e-5_dc_en1,1.660000,1.510574,14.942609,-0.3826,0.522350
C_cascode_n18_tt_l1e-6_w1e-5_dc_en1,1.680000,1.530573,14.942654,-0.3823,0.522350
C_cascode_n18_tt_l1e-6_w1e-5_dc_en1,1.700000,1.550573,14.942699,-0.3820,0.522350
C_cascode_n18_tt_l1e-6_w1e-5_dc_en1,1.720000,1.570573,14.942745,-0.3817,0.522350
C_cascode_n18_tt_l1e-6_w1e-5_dc_en1,1.740000,1.590572,14.942791,-0.3814,0.522350
C_cascode_n18_tt_l1e-6_w1e-5_dc_en1,1.760000,1.610572,14.942838,-0.3811,0.522350
C_cascode_n18_tt_l1e-6_w1e-5_dc_en1,1.780000,1.630571,14.942887,-0.3808,0.522350
C_cascode_n18_tt_l1e-6_w1e-5_dc_en1,1.800000,1.650571,14.942937,-0.3804,0.522350
C_cascode_n18_tt_l1e-6_w1e-5_dc_en0,0.000000,0.000000,-0.000001,-100.0000,0.000000
C_cascode_n18_tt_l1e-6_w1e-5_dc_en0,0.020000,0.020000,0.000014,-99.9999,0.000000
C_cascode_n18_tt_l1e-6_w1e-5_dc_en0,0.040000,0.040000,0.000019,-99.9999,0.000000
C_cascode_n18_tt_l1e-6_w1e-5_dc_en0,0.060000,0.060000,0.000020,-99.9999,0.000000
C_cascode_n18_tt_l1e-6_w1e-5_dc_en0,0.080000,0.080000,0.000020,-99.9999,0.000000
C_cascode_n18_tt_l1e-6_w1e-5_dc_en0,0.100000,0.100000,0.000020,-99.9999,0.000000
C_cascode_n18_tt_l1e-6_w1e-5_dc_en0,0.120000,0.120000,0.000020,-99.9999,0.000000
C_cascode_n18_tt_l1e-6_w1e-5_dc_en0,0.140000,0.140000,0.000020,-99.9999,0.000000
C_cascode_n18_tt_l1e-6_w1e-5_dc_en0,0.160000,0.160000,0.000021,-99.9999,0.000000
C_cascode_n18_tt_l1e-6_w1e-5_dc_en0,0.180000,0.180000,0.000021,-99.9999,0.000000
C_cascode_n18_tt_l1e-6_w1e-5_dc_en0,0.200000,0.200000,0.000021,-99.9999,0.000000
C_cascode_n18_tt_l1e-6_w1e-5_dc_en0,0.220000,0.220000,0.000021,-99.9999,0.000000
C_cascode_n18_tt_l1e-6_w1e-5_dc_en0,0.240000,0.240000,0.000021,-99.9999,0.000000
C_cascode_n18_tt_l1e-6_w1e-5_dc_en0,0.260000,0.260000,0.000021,-99.9999,0.000000
C_cascode_n18_tt_l1e-6_w1e-5_dc_en0,0.280000,0.280000,0.000021,-99.9999,0.000000
C_cascode_n18_tt_l1e-6_w1e-5_dc_en0,0.300000,0.300000,0.000021,-99.9999,0.000000
C_cascode_n18_tt_l1e-6_w1e-5_dc_en0,0.320000,0.320000,0.000021,-99.9999,0.000000
C_cascode_n18_tt_l1e-6_w1e-5_dc_en0,0.340000,0.340000,0.000021,-99.9999,0.000000
C_cascode_n18_tt_l1e-6_w1e-5_dc_en0,0.360000,0.360000,0.000022,-99.9999,0.000000
C_cascode_n18_tt_l1e-6_w1e-5_dc_en0,0.380000,0.380000,0.000022,-99.9999,0.000000
C_cascode_n18_tt_l1e-6_w1e-5_dc_en0,0.400000,0.400000,0.000022,-99.9999,0.000000
C_cascode_n18_tt_l1e-6_w1e-5_dc_en0,0.420000,0.420000,0.000022,-99.9999,0.000000
C_cascode_n18_tt_l1e-6_w1e-5_dc_en0,0.440000,0.440000,0.000022,-99.9999,0.000000
C_cascode_n18_tt_l1e-6_w1e-5_dc_en0,0.460000,0.460000,0.000022,-99.9999,0.000000
C_cascode_n18_tt_l1e-6_w1e-5_dc_en0,0.480000,0.480000,0.000022,-99.9999,0.000000
C_cascode_n18_tt_l1e-6_w1e-5_dc_en0,0.500000,0.500000,0.000022,-99.9999,0.000000
C_cascode_n18_tt_l1e-6_w1e-5_dc_en0,0.520000,0.520000,0.000022,-99.9999,0.000000
C_cascode_n18_tt_l1e-6_w1e-5_dc_en0,0.540000,0.540000,0.000022,-99.9999,0.000000
C_cascode_n18_tt_l1e-6_w1e-5_dc_en0,0.560000,0.560000,0.000023,-99.9998,0.000000
C_cascode_n18_tt_l1e-6_w1e-5_dc_en0,0.580000,0.580000,0.000023,-99.9998,0.000000
C_cascode_n18_tt_l1e-6_w1e-5_dc_en0,0.600000,0.600000,0.000023,-99.9998,0.000000
C_cascode_n18_tt_l1e-6_w1e-5_dc_en0,0.620000,0.620000,0.000023,-99.9998,0.000000
C_cascode_n18_tt_l1e-6_w1e-5_dc_en0,0.640000,0.640000,0.000023,-99.9998,0.000000
C_cascode_n18_tt_l1e-6_w1e-5_dc_en0,0.660000,0.660000,0.000023,-99.9998,0.000000
C_cascode_n18_tt_l1e-6_w1e-5_dc_en0,0.680000,0.680000,0.000023,-99.9998,0.000000
C_cascode_n18_tt_l1e-6_w1e-5_dc_en0,0.700000,0.700000,0.000023,-99.9998,0.000000
C_cascode_n18_tt_l1e-6_w1e-5_dc_en0,0.720000,0.720000,0.000023,-99.9998,0.000000
C_cascode_n18_tt_l1e-6_w1e-5_dc_en0,0.740000,0.740000,0.000024,-99.9998,0.000000
C_cascode_n18_tt_l1e-6_w1e-5_dc_en0,0.760000,0.760000,0.000024,-99.9998,0.000000
C_cascode_n18_tt_l1e-6_w1e-5_dc_en0,0.780000,0.780000,0.000024,-99.9998,0.000000
C_cascode_n18_tt_l1e-6_w1e-5_dc_en0,0.800000,0.800000,0.000024,-99.9998,0.000000
C_cascode_n18_tt_l1e-6_w1e-5_dc_en0,0.820000,0.820000,0.000024,-99.9998,0.000000
C_cascode_n18_tt_l1e-6_w1e-5_dc_en0,0.840000,0.840000,0.000024,-99.9998,0.000000
C_cascode_n18_tt_l1e-6_w1e-5_dc_en0,0.860000,0.860000,0.000024,-99.9998,0.000000
C_cascode_n18_tt_l1e-6_w1e-5_dc_en0,0.880000,0.880000,0.000024,-99.9998,0.000000
C_cascode_n18_tt_l1e-6_w1e-5_dc_en0,0.900000,0.900000,0.000024,-99.9998,0.000000
C_cascode_n18_tt_l1e-6_w1e-5_dc_en0,0.920000,0.920000,0.000024,-99.9998,0.000000
C_cascode_n18_tt_l1e-6_w1e-5_dc_en0,0.940000,0.940000,0.000024,-99.9998,0.000000
C_cascode_n18_tt_l1e-6_w1e-5_dc_en0,0.960000,0.960000,0.000024,-99.9998,0.000000
C_cascode_n18_tt_l1e-6_w1e-5_dc_en0,0.980000,0.980000,0.000024,-99.9998,0.000000
C_cascode_n18_tt_l1e-6_w1e-5_dc_en0,1.000000,1.000000,0.000024,-99.9998,0.000000
C_cascode_n18_tt_l1e-6_w1e-5_dc_en0,1.020000,1.020000,0.000024,-99.9998,0.000000
C_cascode_n18_tt_l1e-6_w1e-5_dc_en0,1.040000,1.040000,0.000024,-99.9998,0.000000
C_cascode_n18_tt_l1e-6_w1e-5_dc_en0,1.060000,1.060000,0.000025,-99.9998,0.000000
C_cascode_n18_tt_l1e-6_w1e-5_dc_en0,1.080000,1.080000,0.000025,-99.9998,0.000000
C_cascode_n18_tt_l1e-6_w1e-5_dc_en0,1.100000,1.100000,0.000025,-99.9998,0.000000
C_cascode_n18_tt_l1e-6_w1e-5_dc_en0,1.120000,1.120000,0.000025,-99.9998,0.000000
C_cascode_n18_tt_l1e-6_w1e-5_dc_en0,1.140000,1.140000,0.000025,-99.9998,0.000000
C_cascode_n18_tt_l1e-6_w1e-5_dc_en0,1.160000,1.160000,0.000025,-99.9998,0.000000
C_cascode_n18_tt_l1e-6_w1e-5_dc_en0,1.180000,1.180000,0.000025,-99.9998,0.000000
C_cascode_n18_tt_l1e-6_w1e-5_dc_en0,1.200000,1.200000,0.000025,-99.9998,0.000000
C_cascode_n18_tt_l1e-6_w1e-5_dc_en0,1.220000,1.220000,0.000025,-99.9998,0.000000
C_cascode_n18_tt_l1e-6_w1e-5_dc_en0,1.240000,1.240000,0.000025,-99.9998,0.000000
C_cascode_n18_tt_l1e-6_w1e-5_dc_en0,1.260000,1.260000,0.000025,-99.9998,0.000000
C_cascode_n18_tt_l1e-6_w1e-5_dc_en0,1.280000,1.280000,0.000025,-99.9998,0.000000
C_cascode_n18_tt_l1e-6_w1e-5_dc_en0,1.300000,1.300000,0.000025,-99.9998,0.000000
C_cascode_n18_tt_l1e-6_w1e-5_dc_en0,1.320000,1.320000,0.000025,-99.9998,0.000000
C_cascode_n18_tt_l1e-6_w1e-5_dc_en0,1.340000,1.340000,0.000025,-99.9998,0.000000
C_cascode_n18_tt_l1e-6_w1e-5_dc_en0,1.360000,1.360000,0.000025,-99.9998,0.000000
C_cascode_n18_tt_l1e-6_w1e-5_dc_en0,1.380000,1.380000,0.000025,-99.9998,0.000000
C_cascode_n18_tt_l1e-6_w1e-5_dc_en0,1.400000,1.400000,0.000025,-99.9998,0.000000
C_cascode_n18_tt_l1e-6_w1e-5_dc_en0,1.420000,1.420000,0.000025,-99.9998,0.000000
C_cascode_n18_tt_l1e-6_w1e-5_dc_en0,1.440000,1.440000,0.000025,-99.9998,0.000000
C_cascode_n18_tt_l1e-6_w1e-5_dc_en0,1.460000,1.460000,0.000025,-99.9998,0.000000
C_cascode_n18_tt_l1e-6_w1e-5_dc_en0,1.480000,1.480000,0.000025,-99.9998,0.000000
C_cascode_n18_tt_l1e-6_w1e-5_dc_en0,1.500000,1.500000,0.000025,-99.9998,0.000000
C_cascode_n18_tt_l1e-6_w1e-5_dc_en0,1.520000,1.520000,0.000025,-99.9998,0.000000
C_cascode_n18_tt_l1e-6_w1e-5_dc_en0,1.540000,1.540000,0.000025,-99.9998,0.000000
C_cascode_n18_tt_l1e-6_w1e-5_dc_en0,1.560000,1.560000,0.000025,-99.9998,0.000000
C_cascode_n18_tt_l1e-6_w1e-5_dc_en0,1.580000,1.580000,0.000025,-99.9998,0.000000
C_cascode_n18_tt_l1e-6_w1e-5_dc_en0,1.600000,1.600000,0.000025,-99.9998,0.000000
C_cascode_n18_tt_l1e-6_w1e-5_dc_en0,1.620000,1.620000,0.000025,-99.9998,0.000000
C_cascode_n18_tt_l1e-6_w1e-5_dc_en0,1.640000,1.640000,0.000025,-99.9998,0.000000
C_cascode_n18_tt_l1e-6_w1e-5_dc_en0,1.660000,1.660000,0.000025,-99.9998,0.000000
C_cascode_n18_tt_l1e-6_w1e-5_dc_en0,1.680000,1.680000,0.000025,-99.9998,0.000000
C_cascode_n18_tt_l1e-6_w1e-5_dc_en0,1.700000,1.700000,0.000025,-99.9998,0.000000
C_cascode_n18_tt_l1e-6_w1e-5_dc_en0,1.720000,1.720000,0.000025,-99.9998,0.000000
C_cascode_n18_tt_l1e-6_w1e-5_dc_en0,1.740000,1.740000,0.000025,-99.9998,0.000000
C_cascode_n18_tt_l1e-6_w1e-5_dc_en0,1.760000,1.760000,0.000026,-99.9998,0.000000
C_cascode_n18_tt_l1e-6_w1e-5_dc_en0,1.780000,1.780000,0.000026,-99.9998,0.000000
C_cascode_n18_tt_l1e-6_w1e-5_dc_en0,1.800000,1.800000,0.000026,-99.9998,0.000000
B_gate_n33_tt_l1e-6_w1e-5_dc_en1,0.000000,-0.000000,0.000000,-100.0000,0.905825
B_gate_n33_tt_l1e-6_w1e-5_dc_en1,0.020000,0.005795,1.420513,-90.5299,0.905825
B_gate_n33_tt_l1e-6_w1e-5_dc_en1,0.040000,0.011839,2.816146,-81.2257,0.905825
B_gate_n33_tt_l1e-6_w1e-5_dc_en1,0.060000,0.018164,4.183581,-72.1095,0.905825
B_gate_n33_tt_l1e-6_w1e-5_dc_en1,0.080000,0.024813,5.518687,-63.2088,0.905825
B_gate_n33_tt_l1e-6_w1e-5_dc_en1,0.100000,0.031838,6.816227,-54.5585,0.905825
B_gate_n33_tt_l1e-6_w1e-5_dc_en1,0.120000,0.039306,8.069395,-46.2040,0.905825
B_gate_n33_tt_l1e-6_w1e-5_dc_en1,0.140000,0.047309,9.269086,-38.2061,0.905825
B_gate_n33_tt_l1e-6_w1e-5_dc_en1,0.160000,0.055973,10.402682,-30.6488,0.905825
B_gate_n33_tt_l1e-6_w1e-5_dc_en1,0.180000,0.065480,11.451954,-23.6536,0.905825
B_gate_n33_tt_l1e-6_w1e-5_dc_en1,0.200000,0.076107,12.389337,-17.4044,0.905825
B_gate_n33_tt_l1e-6_w1e-5_dc_en1,0.220000,0.088279,13.172059,-12.1863,0.905825
B_gate_n33_tt_l1e-6_w1e-5_dc_en1,0.240000,0.102591,13.740939,-8.3937,0.905825
B_gate_n33_tt_l1e-6_w1e-5_dc_en1,0.260000,0.119335,14.066492,-6.2234,0.905825
B_gate_n33_tt_l1e-6_w1e-5_dc_en1,0.280000,0.137725,14.227540,-5.1497,0.905825
B_gate_n33_tt_l1e-6_w1e-5_dc_en1,0.300000,0.156800,14.320016,-4.5332,0.905825
B_gate_n33_tt_l1e-6_w1e-5_dc_en1,0.320000,0.176156,14.384439,-4.1037,0.905825
B_gate_n33_tt_l1e-6_w1e-5_dc_en1,0.340000,0.195653,14.434694,-3.7687,0.905825
B_gate_n33_tt_l1e-6_w1e-5_dc_en1,0.360000,0.215236,14.476389,-3.4907,0.905825
B_gate_n33_tt_l1e-6_w1e-5_dc_en1,0.380000,0.234877,14.512280,-3.2515,0.905825
B_gate_n33_tt_l1e-6_w1e-5_dc_en1,0.400000,0.254561,14.543939,-3.0404,0.905825
B_gate_n33_tt_l1e-6_w1e-5_dc_en1,0.420000,0.274276,14.572356,-2.8510,0.905825
B_gate_n33_tt_l1e-6_w1e-5_dc_en1,0.440000,0.294018,14.598201,-2.6787,0.905825
B_gate_n33_tt_l1e-6_w1e-5_dc_en1,0.460000,0.313780,14.621951,-2.5203,0.905825
B_gate_n33_tt_l1e-6_w1e-5_dc_en1,0.480000,0.333560,14.643959,-2.3736,0.905825
B_gate_n33_tt_l1e-6_w1e-5_dc_en1,0.500000,0.353355,14.664493,-2.2367,0.905825
B_gate_n33_tt_l1e-6_w1e-5_dc_en1,0.520000,0.373162,14.683766,-2.1082,0.905825
B_gate_n33_tt_l1e-6_w1e-5_dc_en1,0.540000,0.392981,14.701944,-1.9870,0.905825
B_gate_n33_tt_l1e-6_w1e-5_dc_en1,0.560000,0.412808,14.719164,-1.8722,0.905825
B_gate_n33_tt_l1e-6_w1e-5_dc_en1,0.580000,0.432645,14.735538,-1.7631,0.905825
B_gate_n33_tt_l1e-6_w1e-5_dc_en1,0.600000,0.452488,14.751160,-1.6589,0.905825
B_gate_n33_tt_l1e-6_w1e-5_dc_en1,0.620000,0.472339,14.766107,-1.5593,0.905825
B_gate_n33_tt_l1e-6_w1e-5_dc_en1,0.640000,0.492196,14.780448,-1.4637,0.905825
B_gate_n33_tt_l1e-6_w1e-5_dc_en1,0.660000,0.512058,14.794238,-1.3717,0.905825
B_gate_n33_tt_l1e-6_w1e-5_dc_en1,0.680000,0.531925,14.807529,-1.2831,0.905825
B_gate_n33_tt_l1e-6_w1e-5_dc_en1,0.700000,0.551796,14.820362,-1.1976,0.905825
B_gate_n33_tt_l1e-6_w1e-5_dc_en1,0.720000,0.571672,14.832777,-1.1148,0.905825
B_gate_n33_tt_l1e-6_w1e-5_dc_en1,0.740000,0.591552,14.844805,-1.0346,0.905825
B_gate_n33_tt_l1e-6_w1e-5_dc_en1,0.760000,0.611435,14.856477,-0.9568,0.905825
B_gate_n33_tt_l1e-6_w1e-5_dc_en1,0.780000,0.631322,14.867819,-0.8812,0.905825
B_gate_n33_tt_l1e-6_w1e-5_dc_en1,0.800000,0.651211,14.878853,-0.8076,0.905825
B_gate_n33_tt_l1e-6_w1e-5_dc_en1,0.820000,0.671104,14.889602,-0.7360,0.905825
B_gate_n33_tt_l1e-6_w1e-5_dc_en1,0.840000,0.690999,14.900085,-0.6661,0.905825
B_gate_n33_tt_l1e-6_w1e-5_dc_en1,0.860000,0.710897,14.910317,-0.5979,0.905825
B_gate_n33_tt_l1e-6_w1e-5_dc_en1,0.880000,0.730797,14.920315,-0.5312,0.905825
B_gate_n33_tt_l1e-6_w1e-5_dc_en1,0.900000,0.750699,14.930093,-0.4660,0.905825
B_gate_n33_tt_l1e-6_w1e-5_dc_en1,0.920000,0.770603,14.939664,-0.4022,0.905825
B_gate_n33_tt_l1e-6_w1e-5_dc_en1,0.940000,0.790510,14.949040,-0.3397,0.905825
B_gate_n33_tt_l1e-6_w1e-5_dc_en1,0.960000,0.810418,14.958230,-0.2785,0.905825
B_gate_n33_tt_l1e-6_w1e-5_dc_en1,0.980000,0.830328,14.967246,-0.2184,0.905825
B_gate_n33_tt_l1e-6_w1e-5_dc_en1,1.000000,0.850239,14.976097,-0.1594,0.905825
B_gate_n33_tt_l1e-6_w1e-5_dc_en1,1.020000,0.870152,14.984790,-0.1014,0.905825
B_gate_n33_tt_l1e-6_w1e-5_dc_en1,1.040000,0.890067,14.993334,-0.0444,0.905825
B_gate_n33_tt_l1e-6_w1e-5_dc_en1,1.060000,0.909983,15.001736,0.0116,0.905825
B_gate_n33_tt_l1e-6_w1e-5_dc_en1,1.080000,0.929900,15.010002,0.0667,0.905825
B_gate_n33_tt_l1e-6_w1e-5_dc_en1,1.100000,0.949819,15.018140,0.1209,0.905825
B_gate_n33_tt_l1e-6_w1e-5_dc_en1,1.120000,0.969738,15.026154,0.1744,0.905825
B_gate_n33_tt_l1e-6_w1e-5_dc_en1,1.140000,0.989659,15.034051,0.2270,0.905825
B_gate_n33_tt_l1e-6_w1e-5_dc_en1,1.160000,1.009582,15.041835,0.2789,0.905825
B_gate_n33_tt_l1e-6_w1e-5_dc_en1,1.180000,1.029505,15.049511,0.3301,0.905825
B_gate_n33_tt_l1e-6_w1e-5_dc_en1,1.200000,1.049429,15.057084,0.3806,0.905825
B_gate_n33_tt_l1e-6_w1e-5_dc_en1,1.220000,1.069354,15.064558,0.4304,0.905825
B_gate_n33_tt_l1e-6_w1e-5_dc_en1,1.240000,1.089281,15.071937,0.4796,0.905825
B_gate_n33_tt_l1e-6_w1e-5_dc_en1,1.260000,1.109208,15.079224,0.5282,0.905825
B_gate_n33_tt_l1e-6_w1e-5_dc_en1,1.280000,1.129136,15.086423,0.5762,0.905825
B_gate_n33_tt_l1e-6_w1e-5_dc_en1,1.300000,1.149065,15.093538,0.6236,0.905825
B_gate_n33_tt_l1e-6_w1e-5_dc_en1,1.320000,1.168994,15.100571,0.6705,0.905825
B_gate_n33_tt_l1e-6_w1e-5_dc_en1,1.340000,1.188925,15.107525,0.7168,0.905825
B_gate_n33_tt_l1e-6_w1e-5_dc_en1,1.360000,1.208856,15.114404,0.7627,0.905825
B_gate_n33_tt_l1e-6_w1e-5_dc_en1,1.380000,1.228788,15.121210,0.8081,0.905825
B_gate_n33_tt_l1e-6_w1e-5_dc_en1,1.400000,1.248721,15.127945,0.8530,0.905825
B_gate_n33_tt_l1e-6_w1e-5_dc_en1,1.420000,1.268654,15.134612,0.8974,0.905825
B_gate_n33_tt_l1e-6_w1e-5_dc_en1,1.440000,1.288588,15.141214,0.9414,0.905825
B_gate_n33_tt_l1e-6_w1e-5_dc_en1,1.460000,1.308522,15.147751,0.9850,0.905825
B_gate_n33_tt_l1e-6_w1e-5_dc_en1,1.480000,1.328458,15.154227,1.0282,0.905825
B_gate_n33_tt_l1e-6_w1e-5_dc_en1,1.500000,1.348394,15.160644,1.0710,0.905825
B_gate_n33_tt_l1e-6_w1e-5_dc_en1,1.520000,1.368330,15.167002,1.1133,0.905825
B_gate_n33_tt_l1e-6_w1e-5_dc_en1,1.540000,1.388267,15.173305,1.1554,0.905825
B_gate_n33_tt_l1e-6_w1e-5_dc_en1,1.560000,1.408204,15.179553,1.1970,0.905825
B_gate_n33_tt_l1e-6_w1e-5_dc_en1,1.580000,1.428143,15.185749,1.2383,0.905825
B_gate_n33_tt_l1e-6_w1e-5_dc_en1,1.600000,1.448081,15.191895,1.2793,0.905825
B_gate_n33_tt_l1e-6_w1e-5_dc_en1,1.620000,1.468020,15.197990,1.3199,0.905825
B_gate_n33_tt_l1e-6_w1e-5_dc_en1,1.640000,1.487960,15.204038,1.3603,0.905825
B_gate_n33_tt_l1e-6_w1e-5_dc_en1,1.660000,1.507900,15.210040,1.4003,0.905825
B_gate_n33_tt_l1e-6_w1e-5_dc_en1,1.680000,1.527840,15.215997,1.4400,0.905825
B_gate_n33_tt_l1e-6_w1e-5_dc_en1,1.700000,1.547781,15.221910,1.4794,0.905825
B_gate_n33_tt_l1e-6_w1e-5_dc_en1,1.720000,1.567722,15.227782,1.5185,0.905825
B_gate_n33_tt_l1e-6_w1e-5_dc_en1,1.740000,1.587664,15.233613,1.5574,0.905825
B_gate_n33_tt_l1e-6_w1e-5_dc_en1,1.760000,1.607606,15.239404,1.5960,0.905825
B_gate_n33_tt_l1e-6_w1e-5_dc_en1,1.780000,1.627548,15.245158,1.6344,0.905825
B_gate_n33_tt_l1e-6_w1e-5_dc_en1,1.800000,1.647491,15.250875,1.6725,0.905825
B_gate_n33_tt_l1e-6_w1e-5_dc_en1,1.820000,1.667434,15.256557,1.7104,0.905825
B_gate_n33_tt_l1e-6_w1e-5_dc_en1,1.840000,1.687378,15.262206,1.7480,0.905825
B_gate_n33_tt_l1e-6_w1e-5_dc_en1,1.860000,1.707322,15.267823,1.7855,0.905825
B_gate_n33_tt_l1e-6_w1e-5_dc_en1,1.880000,1.727266,15.273409,1.8227,0.905825
B_gate_n33_tt_l1e-6_w1e-5_dc_en1,1.900000,1.747210,15.278966,1.8598,0.905825
B_gate_n33_tt_l1e-6_w1e-5_dc_en1,1.920000,1.767155,15.284496,1.8966,0.905825
B_gate_n33_tt_l1e-6_w1e-5_dc_en1,1.940000,1.787100,15.290001,1.9333,0.905825
B_gate_n33_tt_l1e-6_w1e-5_dc_en1,1.960000,1.807045,15.295482,1.9699,0.905825
B_gate_n33_tt_l1e-6_w1e-5_dc_en1,1.980000,1.826991,15.300942,2.0063,0.905825
B_gate_n33_tt_l1e-6_w1e-5_dc_en1,2.000000,1.846936,15.306383,2.0426,0.905825
B_gate_n33_tt_l1e-6_w1e-5_dc_en1,2.020000,1.866882,15.311807,2.0787,0.905825
B_gate_n33_tt_l1e-6_w1e-5_dc_en1,2.040000,1.886828,15.317216,2.1148,0.905825
B_gate_n33_tt_l1e-6_w1e-5_dc_en1,2.060000,1.906774,15.322613,2.1508,0.905825
B_gate_n33_tt_l1e-6_w1e-5_dc_en1,2.080000,1.926720,15.328000,2.1867,0.905825
B_gate_n33_tt_l1e-6_w1e-5_dc_en1,2.100000,1.946666,15.333382,2.2225,0.905825
B_gate_n33_tt_l1e-6_w1e-5_dc_en1,2.120000,1.966612,15.338761,2.2584,0.905825
B_gate_n33_tt_l1e-6_w1e-5_dc_en1,2.140000,1.986559,15.344140,2.2943,0.905825
B_gate_n33_tt_l1e-6_w1e-5_dc_en1,2.160000,2.006505,15.349523,2.3302,0.905825
B_gate_n33_tt_l1e-6_w1e-5_dc_en1,2.180000,2.026451,15.354914,2.3661,0.905825
B_gate_n33_tt_l1e-6_w1e-5_dc_en1,2.200000,2.046397,15.360318,2.4021,0.905825
B_gate_n33_tt_l1e-6_w1e-5_dc_en1,2.220000,2.066343,15.365739,2.4383,0.905825
B_gate_n33_tt_l1e-6_w1e-5_dc_en1,2.240000,2.086288,15.371182,2.4745,0.905825
B_gate_n33_tt_l1e-6_w1e-5_dc_en1,2.260000,2.106233,15.376653,2.5110,0.905825
B_gate_n33_tt_l1e-6_w1e-5_dc_en1,2.280000,2.126178,15.382156,2.5477,0.905825
B_gate_n33_tt_l1e-6_w1e-5_dc_en1,2.300000,2.146123,15.387698,2.5847,0.905825
B_gate_n33_tt_l1e-6_w1e-5_dc_en1,2.320000,2.166067,15.393286,2.6219,0.905825
B_gate_n33_tt_l1e-6_w1e-5_dc_en1,2.340000,2.186011,15.398926,2.6595,0.905825
B_gate_n33_tt_l1e-6_w1e-5_dc_en1,2.360000,2.205954,15.404625,2.6975,0.905825
B_gate_n33_tt_l1e-6_w1e-5_dc_en1,2.380000,2.225896,15.410393,2.7360,0.905825
B_gate_n33_tt_l1e-6_w1e-5_dc_en1,2.400000,2.245838,15.416236,2.7749,0.905825
B_gate_n33_tt_l1e-6_w1e-5_dc_en1,2.420000,2.265778,15.422163,2.8144,0.905825
B_gate_n33_tt_l1e-6_w1e-5_dc_en1,2.440000,2.285718,15.428185,2.8546,0.905825
B_gate_n33_tt_l1e-6_w1e-5_dc_en1,2.460000,2.305657,15.434311,2.8954,0.905825
B_gate_n33_tt_l1e-6_w1e-5_dc_en1,2.480000,2.325594,15.440551,2.9370,0.905825
B_gate_n33_tt_l1e-6_w1e-5_dc_en1,2.500000,2.345531,15.446916,2.9794,0.905825
B_gate_n33_tt_l1e-6_w1e-5_dc_en1,2.520000,2.365466,15.453419,3.0228,0.905825
B_gate_n33_tt_l1e-6_w1e-5_dc_en1,2.540000,2.385399,15.460071,3.0671,0.905825
B_gate_n33_tt_l1e-6_w1e-5_dc_en1,2.560000,2.405331,15.466885,3.1126,0.905825
B_gate_n33_tt_l1e-6_w1e-5_dc_en1,2.580000,2.425261,15.473876,3.1592,0.905825
B_gate_n33_tt_l1e-6_w1e-5_dc_en1,2.600000,2.445189,15.481057,3.2070,0.905825
B_gate_n33_tt_l1e-6_w1e-5_dc_en1,2.620000,2.465116,15.488443,3.2563,0.905825
B_gate_n33_tt_l1e-6_w1e-5_dc_en1,2.640000,2.485039,15.496051,3.3070,0.905825
B_gate_n33_tt_l1e-6_w1e-5_dc_en1,2.660000,2.504961,15.503896,3.3593,0.905825
B_gate_n33_tt_l1e-6_w1e-5_dc_en1,2.680000,2.524880,15.511996,3.4133,0.905825
B_gate_n33_tt_l1e-6_w1e-5_dc_en1,2.700000,2.544796,15.520369,3.4691,0.905825
B_gate_n33_tt_l1e-6_w1e-5_dc_en1,2.720000,2.564710,15.529033,3.5269,0.905825
B_gate_n33_tt_l1e-6_w1e-5_dc_en1,2.740000,2.584620,15.538008,3.5867,0.905825
B_gate_n33_tt_l1e-6_w1e-5_dc_en1,2.760000,2.604527,15.547315,3.6488,0.905825
B_gate_n33_tt_l1e-6_w1e-5_dc_en1,2.780000,2.624430,15.556974,3.7132,0.905825
B_gate_n33_tt_l1e-6_w1e-5_dc_en1,2.800000,2.644330,15.567007,3.7800,0.905825
B_gate_n33_tt_l1e-6_w1e-5_dc_en1,2.820000,2.664226,15.577438,3.8496,0.905825
B_gate_n33_tt_l1e-6_w1e-5_dc_en1,2.840000,2.684117,15.588289,3.9219,0.905825
B_gate_n33_tt_l1e-6_w1e-5_dc_en1,2.860000,2.704004,15.599586,3.9972,0.905825
B_gate_n33_tt_l1e-6_w1e-5_dc_en1,2.880000,2.723886,15.611353,4.0757,0.905825
B_gate_n33_tt_l1e-6_w1e-5_dc_en1,2.900000,2.743764,15.623617,4.1574,0.905825
B_gate_n33_tt_l1e-6_w1e-5_dc_en1,2.920000,2.763636,15.636404,4.2427,0.905825
B_gate_n33_tt_l1e-6_w1e-5_dc_en1,2.940000,2.783503,15.649743,4.3316,0.905825
B_gate_n33_tt_l1e-6_w1e-5_dc_en1,2.960000,2.803363,15.663661,4.4244,0.905825
B_gate_n33_tt_l1e-6_w1e-5_dc_en1,2.980000,2.823218,15.678190,4.5213,0.905825
B_gate_n33_tt_l1e-6_w1e-5_dc_en1,3.000000,2.843066,15.693358,4.6224,0.905825
B_gate_n33_tt_l1e-6_w1e-5_dc_en1,3.020000,2.862908,15.709198,4.7280,0.905825
B_gate_n33_tt_l1e-6_w1e-5_dc_en1,3.040000,2.882743,15.725741,4.8383,0.905825
B_gate_n33_tt_l1e-6_w1e-5_dc_en1,3.060000,2.902570,15.743020,4.9535,0.905825
B_gate_n33_tt_l1e-6_w1e-5_dc_en1,3.080000,2.922389,15.761069,5.0738,0.905825
B_gate_n33_tt_l1e-6_w1e-5_dc_en1,3.100000,2.942201,15.779923,5.1995,0.905825
B_gate_n33_tt_l1e-6_w1e-5_dc_en1,3.120000,2.962004,15.799617,5.3308,0.905825
B_gate_n33_tt_l1e-6_w1e-5_dc_en1,3.140000,2.981798,15.820187,5.4679,0.905825
B_gate_n33_tt_l1e-6_w1e-5_dc_en1,3.160000,3.001583,15.841671,5.6111,0.905825
B_gate_n33_tt_l1e-6_w1e-5_dc_en1,3.180000,3.021359,15.864106,5.7607,0.905825
B_gate_n33_tt_l1e-6_w1e-5_dc_en1,3.200000,3.041125,15.887530,5.9169,0.905825
B_gate_n33_tt_l1e-6_w1e-5_dc_en1,3.220000,3.060880,15.911984,6.0799,0.905825
B_gate_n33_tt_l1e-6_w1e-5_dc_en1,3.240000,3.080625,15.937506,6.2500,0.905825
B_gate_n33_tt_l1e-6_w1e-5_dc_en1,3.260000,3.100359,15.964139,6.4276,0.905825
B_gate_n33_tt_l1e-6_w1e-5_dc_en1,3.280000,3.120081,15.991923,6.6128,0.905825
B_gate_n33_tt_l1e-6_w1e-5_dc_en1,3.300000,3.139791,16.020901,6.8060,0.905825
C_cascode_n33_tt_l1e-6_w1e-5_dc_v16,0.000000,-0.000000,0.000000,-100.0000,0.905825
C_cascode_n33_tt_l1e-6_w1e-5_dc_v16,0.020000,0.006400,1.359953,-90.9336,0.905825
C_cascode_n33_tt_l1e-6_w1e-5_dc_v16,0.040000,0.013030,2.696985,-82.0201,0.905825
C_cascode_n33_tt_l1e-6_w1e-5_dc_v16,0.060000,0.019917,4.008280,-73.2781,0.905825
C_cascode_n33_tt_l1e-6_w1e-5_dc_v16,0.080000,0.027096,5.290373,-64.7308,0.905825
C_cascode_n33_tt_l1e-6_w1e-5_dc_v16,0.100000,0.034611,6.538930,-56.4071,0.905825
C_cascode_n33_tt_l1e-6_w1e-5_dc_v16,0.120000,0.042516,7.748412,-48.3439,0.905825
C_cascode_n33_tt_l1e-6_w1e-5_dc_v16,0.140000,0.050885,8.911544,-40.5897,0.905825
C_cascode_n33_tt_l1e-6_w1e-5_dc_v16,0.160000,0.059815,10.018470,-33.2102,0.905825
C_cascode_n33_tt_l1e-6_w1e-5_dc_v16,0.180000,0.069447,11.055320,-26.2979,0.905825
C_cascode_n33_tt_l1e-6_w1e-5_dc_v16,0.200000,0.079983,12.001700,-19.9887,0.905825
C_cascode_n33_tt_l1e-6_w1e-5_dc_v16,0.220000,0.091736,12.826398,-14.4907,0.905825
C_cascode_n33_tt_l1e-6_w1e-5_dc_v16,0.240000,0.105177,13.482318,-10.1179,0.905825
C_cascode_n33_tt_l1e-6_w1e-5_dc_v16,0.260000,0.120819,13.918079,-7.2128,0.905825
C_cascode_n33_tt_l1e-6_w1e-5_dc_v16,0.280000,0.138514,14.148602,-5.6760,0.905825
C_cascode_n33_tt_l1e-6_w1e-5_dc_v16,0.300000,0.157307,14.269348,-4.8710,0.905825
C_cascode_n33_tt_l1e-6_w1e-5_dc_v16,0.320000,0.176541,14.345878,-4.3608,0.905825
C_cascode_n33_tt_l1e-6_w1e-5_dc_v16,0.340000,0.195976,14.402368,-3.9842,0.905825
C_cascode_n33_tt_l1e-6_w1e-5_dc_v16,0.360000,0.215523,14.447741,-3.6817,0.905825
C_cascode_n33_tt_l1e-6_w1e-5_dc_v16,0.380000,0.235140,14.485969,-3.4269,0.905825
C_cascode_n33_tt_l1e-6_w1e-5_dc_v16,0.400000,0.254808,14.519150,-3.2057,0.905825
C_cascode_n33_tt_l1e-6_w1e-5_dc_v16,0.420000,0.274515,14.548534,-3.0098,0.905825
C_cascode_n33_tt_l1e-6_w1e-5_dc_v16,0.440000,0.294251,14.574930,-2.8338,0.905825
C_cascode_n33_tt_l1e-6_w1e-5_dc_v16,0.460000,0.314011,14.598890,-2.6741,0.905825
C_cascode_n33_tt_l1e-6_w1e-5_dc_v16,0.480000,0.333792,14.620809,-2.5279,0.905825
C_cascode_n33_tt_l1e-6_w1e-5_dc_v16,0.500000,0.353590,14.640971,-2.3935,0.905825
C_cascode_n33_tt_l1e-6_w1e-5_dc_v16,0.520000,0.373404,14.659584,-2.2694,0.905825
C_cascode_n33_tt_l1e-6_w1e-5_dc_v16,0.540000,0.393232,14.676799,-2.1547,0.905825
C_cascode_n33_tt_l1e-6_w1e-5_dc_v16,0.560000,0.413073,14.692719,-2.0485,0.905825
C_cascode_n33_tt_l1e-6_w1e-5_dc_v16,0.580000,0.432926,14.707407,-1.9506,0.905825
C_cascode_n33_tt_l1e-6_w1e-5_dc_v16,0.600000,0.452791,14.720891,-1.8607,0.905825
C_cascode_n33_tt_l1e-6_w1e-5_dc_v16,0.620000,0.472668,14.733164,-1.7789,0.905825
C_cascode_n33_tt_l1e-6_w1e-5_dc_v16,0.640000,0.492558,14.744186,-1.7054,0.905825
C_cascode_n33_tt_l1e-6_w1e-5_dc_v16,0.660000,0.512461,14.753880,-1.6408,0.905825
C_cascode_n33_tt_l1e-6_w1e-5_dc_v16,0.680000,0.532379,14.762135,-1.5858,0.905825
C_cascode_n33_tt_l1e-6_w1e-5_dc_v16,0.700000,0.552312,14.768807,-1.5413,0.905825
C_cascode_n33_tt_l1e-6_w1e-5_dc_v16,0.720000,0.572263,14.773729,-1.5085,0.905825
C_cascode_n33_tt_l1e-6_w1e-5_dc_v16,0.740000,0.592232,14.776798,-1.4880,0.905825
C_cascode_n33_tt_l1e-6_w1e-5_dc_v16,0.760000,0.612217,14.778268,-1.4782,0.905825
C_cascode_n33_tt_l1e-6_w1e-5_dc_v16,0.780000,0.632211,14.778887,-1.4741,0.905825
C_cascode_n33_tt_l1e-6_w1e-5_dc_v16,0.800000,0.652208,14.779211,-1.4719,0.905825
C_cascode_n33_tt_l1e-6_w1e-5_dc_v16,0.820000,0.672206,14.779429,-1.4705,0.905825
C_cascode_n33_tt_l1e-6_w1e-5_dc_v16,0.840000,0.692204,14.779595,-1.4694,0.905825
C_cascode_n33_tt_l1e-6_w1e-5_dc_v16,0.860000,0.712203,14.779732,-1.4685,0.905825
C_cascode_n33_tt_l1e-6_w1e-5_dc_v16,0.880000,0.732202,14.779848,-1.4677,0.905825
C_cascode_n33_tt_l1e-6_w1e-5_dc_v16,0.900000,0.752200,14.779951,-1.4670,0.905825
C_cascode_n33_tt_l1e-6_w1e-5_dc_v16,0.920000,0.772200,14.780042,-1.4664,0.905825
C_cascode_n33_tt_l1e-6_w1e-5_dc_v16,0.940000,0.792199,14.780125,-1.4658,0.905825
C_cascode_n33_tt_l1e-6_w1e-5_dc_v16,0.960000,0.812198,14.780201,-1.4653,0.905825
C_cascode_n33_tt_l1e-6_w1e-5_dc_v16,0.980000,0.832197,14.780271,-1.4649,0.905825
C_cascode_n33_tt_l1e-6_w1e-5_dc_v16,1.000000,0.852197,14.780336,-1.4644,0.905825
C_cascode_n33_tt_l1e-6_w1e-5_dc_v16,1.020000,0.872196,14.780397,-1.4640,0.905825
C_cascode_n33_tt_l1e-6_w1e-5_dc_v16,1.040000,0.892195,14.780455,-1.4636,0.905825
C_cascode_n33_tt_l1e-6_w1e-5_dc_v16,1.060000,0.912195,14.780509,-1.4633,0.905825
C_cascode_n33_tt_l1e-6_w1e-5_dc_v16,1.080000,0.932194,14.780561,-1.4629,0.905825
C_cascode_n33_tt_l1e-6_w1e-5_dc_v16,1.100000,0.952194,14.780610,-1.4626,0.905825
C_cascode_n33_tt_l1e-6_w1e-5_dc_v16,1.120000,0.972193,14.780657,-1.4623,0.905825
C_cascode_n33_tt_l1e-6_w1e-5_dc_v16,1.140000,0.992193,14.780703,-1.4620,0.905825
C_cascode_n33_tt_l1e-6_w1e-5_dc_v16,1.160000,1.012193,14.780746,-1.4617,0.905825
C_cascode_n33_tt_l1e-6_w1e-5_dc_v16,1.180000,1.032192,14.780788,-1.4614,0.905825
C_cascode_n33_tt_l1e-6_w1e-5_dc_v16,1.200000,1.052192,14.780828,-1.4611,0.905825
C_cascode_n33_tt_l1e-6_w1e-5_dc_v16,1.220000,1.072191,14.780867,-1.4609,0.905825
C_cascode_n33_tt_l1e-6_w1e-5_dc_v16,1.240000,1.092191,14.780905,-1.4606,0.905825
C_cascode_n33_tt_l1e-6_w1e-5_dc_v16,1.260000,1.112191,14.780941,-1.4604,0.905825
C_cascode_n33_tt_l1e-6_w1e-5_dc_v16,1.280000,1.132190,14.780976,-1.4602,0.905825
C_cascode_n33_tt_l1e-6_w1e-5_dc_v16,1.300000,1.152190,14.781011,-1.4599,0.905825
C_cascode_n33_tt_l1e-6_w1e-5_dc_v16,1.320000,1.172190,14.781045,-1.4597,0.905825
C_cascode_n33_tt_l1e-6_w1e-5_dc_v16,1.340000,1.192189,14.781077,-1.4595,0.905825
C_cascode_n33_tt_l1e-6_w1e-5_dc_v16,1.360000,1.212189,14.781109,-1.4593,0.905825
C_cascode_n33_tt_l1e-6_w1e-5_dc_v16,1.380000,1.232189,14.781140,-1.4591,0.905825
C_cascode_n33_tt_l1e-6_w1e-5_dc_v16,1.400000,1.252188,14.781171,-1.4589,0.905825
C_cascode_n33_tt_l1e-6_w1e-5_dc_v16,1.420000,1.272188,14.781201,-1.4587,0.905825
C_cascode_n33_tt_l1e-6_w1e-5_dc_v16,1.440000,1.292188,14.781230,-1.4585,0.905825
C_cascode_n33_tt_l1e-6_w1e-5_dc_v16,1.460000,1.312187,14.781258,-1.4583,0.905825
C_cascode_n33_tt_l1e-6_w1e-5_dc_v16,1.480000,1.332187,14.781286,-1.4581,0.905825
C_cascode_n33_tt_l1e-6_w1e-5_dc_v16,1.500000,1.352187,14.781314,-1.4579,0.905825
C_cascode_n33_tt_l1e-6_w1e-5_dc_v16,1.520000,1.372187,14.781341,-1.4577,0.905825
C_cascode_n33_tt_l1e-6_w1e-5_dc_v16,1.540000,1.392186,14.781367,-1.4576,0.905825
C_cascode_n33_tt_l1e-6_w1e-5_dc_v16,1.560000,1.412186,14.781393,-1.4574,0.905825
C_cascode_n33_tt_l1e-6_w1e-5_dc_v16,1.580000,1.432186,14.781419,-1.4572,0.905825
C_cascode_n33_tt_l1e-6_w1e-5_dc_v16,1.600000,1.452186,14.781444,-1.4570,0.905825
C_cascode_n33_tt_l1e-6_w1e-5_dc_v16,1.620000,1.472185,14.781469,-1.4569,0.905825
C_cascode_n33_tt_l1e-6_w1e-5_dc_v16,1.640000,1.492185,14.781493,-1.4567,0.905825
C_cascode_n33_tt_l1e-6_w1e-5_dc_v16,1.660000,1.512185,14.781518,-1.4565,0.905825
C_cascode_n33_tt_l1e-6_w1e-5_dc_v16,1.680000,1.532185,14.781541,-1.4564,0.905825
C_cascode_n33_tt_l1e-6_w1e-5_dc_v16,1.700000,1.552184,14.781565,-1.4562,0.905825
C_cascode_n33_tt_l1e-6_w1e-5_dc_v16,1.720000,1.572184,14.781588,-1.4561,0.905825
C_cascode_n33_tt_l1e-6_w1e-5_dc_v16,1.740000,1.592184,14.781611,-1.4559,0.905825
C_cascode_n33_tt_l1e-6_w1e-5_dc_v16,1.760000,1.612184,14.781633,-1.4558,0.905825
C_cascode_n33_tt_l1e-6_w1e-5_dc_v16,1.780000,1.632183,14.781655,-1.4556,0.905825
C_cascode_n33_tt_l1e-6_w1e-5_dc_v16,1.800000,1.652183,14.781677,-1.4555,0.905825
C_cascode_n33_tt_l1e-6_w1e-5_dc_v16,1.820000,1.672183,14.781699,-1.4553,0.905825
C_cascode_n33_tt_l1e-6_w1e-5_dc_v16,1.840000,1.692183,14.781721,-1.4552,0.905825
C_cascode_n33_tt_l1e-6_w1e-5_dc_v16,1.860000,1.712183,14.781742,-1.4551,0.905825
C_cascode_n33_tt_l1e-6_w1e-5_dc_v16,1.880000,1.732182,14.781763,-1.4549,0.905825
C_cascode_n33_tt_l1e-6_w1e-5_dc_v16,1.900000,1.752182,14.781784,-1.4548,0.905825
C_cascode_n33_tt_l1e-6_w1e-5_dc_v16,1.920000,1.772182,14.781804,-1.4546,0.905825
C_cascode_n33_tt_l1e-6_w1e-5_dc_v16,1.940000,1.792182,14.781824,-1.4545,0.905825
C_cascode_n33_tt_l1e-6_w1e-5_dc_v16,1.960000,1.812182,14.781845,-1.4544,0.905825
C_cascode_n33_tt_l1e-6_w1e-5_dc_v16,1.980000,1.832181,14.781865,-1.4542,0.905825
C_cascode_n33_tt_l1e-6_w1e-5_dc_v16,2.000000,1.852181,14.781884,-1.4541,0.905825
C_cascode_n33_tt_l1e-6_w1e-5_dc_v16,2.020000,1.872181,14.781904,-1.4540,0.905825
C_cascode_n33_tt_l1e-6_w1e-5_dc_v16,2.040000,1.892181,14.781924,-1.4538,0.905825
C_cascode_n33_tt_l1e-6_w1e-5_dc_v16,2.060000,1.912181,14.781943,-1.4537,0.905825
C_cascode_n33_tt_l1e-6_w1e-5_dc_v16,2.080000,1.932180,14.781962,-1.4536,0.905825
C_cascode_n33_tt_l1e-6_w1e-5_dc_v16,2.100000,1.952180,14.781981,-1.4535,0.905825
C_cascode_n33_tt_l1e-6_w1e-5_dc_v16,2.120000,1.972180,14.782000,-1.4533,0.905825
C_cascode_n33_tt_l1e-6_w1e-5_dc_v16,2.140000,1.992180,14.782020,-1.4532,0.905825
C_cascode_n33_tt_l1e-6_w1e-5_dc_v16,2.160000,2.012180,14.782039,-1.4531,0.905825
C_cascode_n33_tt_l1e-6_w1e-5_dc_v16,2.180000,2.032179,14.782058,-1.4529,0.905825
C_cascode_n33_tt_l1e-6_w1e-5_dc_v16,2.200000,2.052179,14.782077,-1.4528,0.905825
C_cascode_n33_tt_l1e-6_w1e-5_dc_v16,2.220000,2.072179,14.782096,-1.4527,0.905825
C_cascode_n33_tt_l1e-6_w1e-5_dc_v16,2.240000,2.092179,14.782116,-1.4526,0.905825
C_cascode_n33_tt_l1e-6_w1e-5_dc_v16,2.260000,2.112179,14.782136,-1.4524,0.905825
C_cascode_n33_tt_l1e-6_w1e-5_dc_v16,2.280000,2.132178,14.782156,-1.4523,0.905825
C_cascode_n33_tt_l1e-6_w1e-5_dc_v16,2.300000,2.152178,14.782177,-1.4522,0.905825
C_cascode_n33_tt_l1e-6_w1e-5_dc_v16,2.320000,2.172178,14.782199,-1.4520,0.905825
C_cascode_n33_tt_l1e-6_w1e-5_dc_v16,2.340000,2.192178,14.782222,-1.4519,0.905825
C_cascode_n33_tt_l1e-6_w1e-5_dc_v16,2.360000,2.212178,14.782246,-1.4517,0.905825
C_cascode_n33_tt_l1e-6_w1e-5_dc_v16,2.380000,2.232177,14.782271,-1.4515,0.905825
C_cascode_n33_tt_l1e-6_w1e-5_dc_v16,2.400000,2.252177,14.782298,-1.4513,0.905825
C_cascode_n33_tt_l1e-6_w1e-5_dc_v16,2.420000,2.272177,14.782327,-1.4512,0.905825
C_cascode_n33_tt_l1e-6_w1e-5_dc_v16,2.440000,2.292176,14.782358,-1.4509,0.905825
C_cascode_n33_tt_l1e-6_w1e-5_dc_v16,2.460000,2.312176,14.782392,-1.4507,0.905825
C_cascode_n33_tt_l1e-6_w1e-5_dc_v16,2.480000,2.332176,14.782429,-1.4505,0.905825
C_cascode_n33_tt_l1e-6_w1e-5_dc_v16,2.500000,2.352175,14.782470,-1.4502,0.905825
C_cascode_n33_tt_l1e-6_w1e-5_dc_v16,2.520000,2.372175,14.782516,-1.4499,0.905825
C_cascode_n33_tt_l1e-6_w1e-5_dc_v16,2.540000,2.392174,14.782566,-1.4496,0.905825
C_cascode_n33_tt_l1e-6_w1e-5_dc_v16,2.560000,2.412174,14.782623,-1.4492,0.905825
C_cascode_n33_tt_l1e-6_w1e-5_dc_v16,2.580000,2.432173,14.782686,-1.4488,0.905825
C_cascode_n33_tt_l1e-6_w1e-5_dc_v16,2.600000,2.452172,14.782758,-1.4483,0.905825
C_cascode_n33_tt_l1e-6_w1e-5_dc_v16,2.620000,2.472172,14.782838,-1.4477,0.905825
C_cascode_n33_tt_l1e-6_w1e-5_dc_v16,2.640000,2.492171,14.782928,-1.4471,0.905825
C_cascode_n33_tt_l1e-6_w1e-5_dc_v16,2.660000,2.512170,14.783030,-1.4465,0.905825
C_cascode_n33_tt_l1e-6_w1e-5_dc_v16,2.680000,2.532169,14.783145,-1.4457,0.905825
C_cascode_n33_tt_l1e-6_w1e-5_dc_v16,2.700000,2.552167,14.783274,-1.4448,0.905825
C_cascode_n33_tt_l1e-6_w1e-5_dc_v16,2.720000,2.572166,14.783420,-1.4439,0.905825
C_cascode_n33_tt_l1e-6_w1e-5_dc_v16,2.740000,2.592164,14.783584,-1.4428,0.905825
C_cascode_n33_tt_l1e-6_w1e-5_dc_v16,2.760000,2.612162,14.783769,-1.4415,0.905825
C_cascode_n33_tt_l1e-6_w1e-5_dc_v16,2.780000,2.632160,14.783976,-1.4402,0.905825
C_cascode_n33_tt_l1e-6_w1e-5_dc_v16,2.800000,2.652158,14.784210,-1.4386,0.905825
C_cascode_n33_tt_l1e-6_w1e-5_dc_v16,2.820000,2.672155,14.784471,-1.4369,0.905825
C_cascode_n33_tt_l1e-6_w1e-5_dc_v16,2.840000,2.692152,14.784763,-1.4349,0.905825
C_cascode_n33_tt_l1e-6_w1e-5_dc_v16,2.860000,2.712149,14.785090,-1.4327,0.905825
C_cascode_n33_tt_l1e-6_w1e-5_dc_v16,2.880000,2.732145,14.785455,-1.4303,0.905825
C_cascode_n33_tt_l1e-6_w1e-5_dc_v16,2.900000,2.752141,14.785861,-1.4276,0.905825
C_cascode_n33_tt_l1e-6_w1e-5_dc_v16,2.920000,2.772137,14.786313,-1.4246,0.905825
C_cascode_n33_tt_l1e-6_w1e-5_dc_v16,2.940000,2.792132,14.786815,-1.4212,0.905825
C_cascode_n33_tt_l1e-6_w1e-5_dc_v16,2.960000,2.812126,14.787371,-1.4175,0.905825
C_cascode_n33_tt_l1e-6_w1e-5_dc_v16,2.980000,2.832120,14.787987,-1.4134,0.905825
C_cascode_n33_tt_l1e-6_w1e-5_dc_v16,3.000000,2.852113,14.788668,-1.4089,0.905825
C_cascode_n33_tt_l1e-6_w1e-5_dc_v16,3.020000,2.872106,14.789419,-1.4039,0.905825
C_cascode_n33_tt_l1e-6_w1e-5_dc_v16,3.040000,2.892098,14.790246,-1.3984,0.905825
C_cascode_n33_tt_l1e-6_w1e-5_dc_v16,3.060000,2.912088,14.791155,-1.3923,0.905825
C_cascode_n33_tt_l1e-6_w1e-5_dc_v16,3.080000,2.932078,14.792154,-1.3856,0.905825
C_cascode_n33_tt_l1e-6_w1e-5_dc_v16,3.100000,2.952068,14.793249,-1.3783,0.905825
C_cascode_n33_tt_l1e-6_w1e-5_dc_v16,3.120000,2.972056,14.794448,-1.3703,0.905825
C_cascode_n33_tt_l1e-6_w1e-5_dc_v16,3.140000,2.992042,14.795758,-1.3616,0.905825
C_cascode_n33_tt_l1e-6_w1e-5_dc_v16,3.160000,3.012028,14.797187,-1.3521,0.905825
C_cascode_n33_tt_l1e-6_w1e-5_dc_v16,3.180000,3.032013,14.798745,-1.3417,0.905825
C_cascode_n33_tt_l1e-6_w1e-5_dc_v16,3.200000,3.051996,14.800441,-1.3304,0.905825
C_cascode_n33_tt_l1e-6_w1e-5_dc_v16,3.220000,3.071977,14.802283,-1.3181,0.905825
C_cascode_n33_tt_l1e-6_w1e-5_dc_v16,3.240000,3.091957,14.804283,-1.3048,0.905825
C_cascode_n33_tt_l1e-6_w1e-5_dc_v16,3.260000,3.111936,14.806450,-1.2903,0.905825
C_cascode_n33_tt_l1e-6_w1e-5_dc_v16,3.280000,3.131912,14.808795,-1.2747,0.905825
C_cascode_n33_tt_l1e-6_w1e-5_dc_v16,3.300000,3.151887,14.811330,-1.2578,0.905825
C_cascode_n33_tt_l1e-6_w1e-5_dc_v24,0.000000,-0.000000,0.000000,-100.0000,0.905825
C_cascode_n33_tt_l1e-6_w1e-5_dc_v24,0.020000,0.006159,1.384068,-90.7729,0.905825
C_cascode_n33_tt_l1e-6_w1e-5_dc_v24,0.040000,0.012551,2.744902,-81.7007,0.905825
C_cascode_n33_tt_l1e-6_w1e-5_dc_v24,0.060000,0.019205,4.079500,-72.8033,0.905825
C_cascode_n33_tt_l1e-6_w1e-5_dc_v24,0.080000,0.026159,5.384149,-64.1057,0.905825
C_cascode_n33_tt_l1e-6_w1e-5_dc_v24,0.100000,0.033458,6.654167,-55.6389,0.905825
C_cascode_n33_tt_l1e-6_w1e-5_dc_v24,0.120000,0.041165,7.883509,-47.4433,0.905825
C_cascode_n33_tt_l1e-6_w1e-5_dc_v24,0.140000,0.049358,9.064158,-39.5723,0.905825
C_cascode_n33_tt_l1e-6_w1e-5_dc_v24,0.160000,0.058149,10.185112,-32.0993,0.905825
C_cascode_n33_tt_l1e-6_w1e-5_dc_v24,0.180000,0.067693,11.230655,-25.1290,0.905825
C_cascode_n33_tt_l1e-6_w1e-5_dc_v24,0.200000,0.078227,12.177287,-18.8181,0.905825
C_cascode_n33_tt_l1e-6_w1e-5_dc_v24,0.220000,0.090115,12.988549,-13.4097,0.905825
C_cascode_n33_tt_l1e-6_w1e-5_dc_v24,0.240000,0.103895,13.610463,-9.2636,0.905825
C_cascode_n33_tt_l1e-6_w1e-5_dc_v24,0.260000,0.120038,13.996174,-6.6922,0.905825
C_cascode_n33_tt_l1e-6_w1e-5_dc_v24,0.280000,0.138092,14.190776,-5.3948,0.905825
C_cascode_n33_tt_l1e-6_w1e-5_dc_v24,0.300000,0.157036,14.296448,-4.6903,0.905825
C_cascode_n33_tt_l1e-6_w1e-5_dc_v24,0.320000,0.176333,14.366745,-4.2217,0.905825
C_cascode_n33_tt_l1e-6_w1e-5_dc_v24,0.340000,0.195798,14.420211,-3.8653,0.905825
C_cascode_n33_tt_l1e-6_w1e-5_dc_v24,0.360000,0.215361,14.463936,-3.5738,0.905825
C_cascode_n33_tt_l1e-6_w1e-5_dc_v24,0.380000,0.234988,14.501237,-3.3251,0.905825
C_cascode_n33_tt_l1e-6_w1e-5_dc_v24,0.400000,0.254661,14.533934,-3.1071,0.905825
C_cascode_n33_tt_l1e-6_w1e-5_dc_v24,0.420000,0.274369,14.563147,-2.9124,0.905825
C_cascode_n33_tt_l1e-6_w1e-5_dc_v24,0.440000,0.294104,14.589620,-2.7359,0.905825
C_cascode_n33_tt_l1e-6_w1e-5_dc_v24,0.460000,0.313861,14.613876,-2.5742,0.905825
C_cascode_n33_tt_l1e-6_w1e-5_dc_v24,0.480000,0.333637,14.636297,-2.4247,0.905825
C_cascode_n33_tt_l1e-6_w1e-5_dc_v24,0.500000,0.353428,14.657174,-2.2855,0.905825
C_cascode_n33_tt_l1e-6_w1e-5_dc_v24,0.520000,0.373233,14.676731,-2.1551,0.905825
C_cascode_n33_tt_l1e-6_w1e-5_dc_v24,0.540000,0.393049,14.695147,-2.0324,0.905825
C_cascode_n33_tt_l1e-6_w1e-5_dc_v24,0.560000,0.412874,14.712566,-1.9162,0.905825
C_cascode_n33_tt_l1e-6_w1e-5_dc_v24,0.580000,0.432709,14.729105,-1.8060,0.905825
C_cascode_n33_tt_l1e-6_w1e-5_dc_v24,0.600000,0.452551,14.744864,-1.7009,0.905825
C_cascode_n33_tt_l1e-6_w1e-5_dc_v24,0.620000,0.472401,14.759923,-1.6005,0.905825
C_cascode_n33_tt_l1e-6_w1e-5_dc_v24,0.640000,0.492256,14.774353,-1.5043,0.905825
C_cascode_n33_tt_l1e-6_w1e-5_dc_v24,0.660000,0.512118,14.788213,-1.4119,0.905825
C_cascode_n33_tt_l1e-6_w1e-5_dc_v24,0.680000,0.531984,14.801554,-1.3230,0.905825
C_cascode_n33_tt_l1e-6_w1e-5_dc_v24,0.700000,0.551856,14.814421,-1.2372,0.905825
C_cascode_n33_tt_l1e-6_w1e-5_dc_v24,0.720000,0.571731,14.826852,-1.1543,0.905825
C_cascode_n33_tt_l1e-6_w1e-5_dc_v24,0.740000,0.591611,14.838881,-1.0741,0.905825
C_cascode_n33_tt_l1e-6_w1e-5_dc_v24,0.760000,0.611495,14.850537,-0.9964,0.905825
C_cascode_n33_tt_l1e-6_w1e-5_dc_v24,0.780000,0.631382,14.861847,-0.9210,0.905825
C_cascode_n33_tt_l1e-6_w1e-5_dc_v24,0.800000,0.651272,14.872834,-0.8478,0.905825
C_cascode_n33_tt_l1e-6_w1e-5_dc_v24,0.820000,0.671165,14.883519,-0.7765,0.905825
C_cascode_n33_tt_l1e-6_w1e-5_dc_v24,0.840000,0.691061,14.893919,-0.7072,0.905825
C_cascode_n33_tt_l1e-6_w1e-5_dc_v24,0.860000,0.710959,14.904051,-0.6397,0.905825
C_cascode_n33_tt_l1e-6_w1e-5_dc_v24,0.880000,0.730861,14.913928,-0.5738,0.905825
C_cascode_n33_tt_l1e-6_w1e-5_dc_v24,0.900000,0.750764,14.923563,-0.5096,0.905825
C_cascode_n33_tt_l1e-6_w1e-5_dc_v24,0.920000,0.770670,14.932966,-0.4469,0.905825
C_cascode_n33_tt_l1e-6_w1e-5_dc_v24,0.940000,0.790579,14.942147,-0.3857,0.905825
C_cascode_n33_tt_l1e-6_w1e-5_dc_v24,0.960000,0.810489,14.951112,-0.3259,0.905825
C_cascode_n33_tt_l1e-6_w1e-5_dc_v24,0.980000,0.830401,14.959868,-0.2675,0.905825
C_cascode_n33_tt_l1e-6_w1e-5_dc_v24,1.000000,0.850316,14.968417,-0.2106,0.905825
C_cascode_n33_tt_l1e-6_w1e-5_dc_v24,1.020000,0.870232,14.976763,-0.1549,0.905825
C_cascode_n33_tt_l1e-6_w1e-5_dc_v24,1.040000,0.890151,14.984904,-0.1006,0.905825
C_cascode_n33_tt_l1e-6_w1e-5_dc_v24,1.060000,0.910072,14.992838,-0.0477,0.905825
C_cascode_n33_tt_l1e-6_w1e-5_dc_v24,1.080000,0.929994,15.000560,0.0037,0.905825
C_cascode_n33_tt_l1e-6_w1e-5_dc_v24,1.100000,0.949919,15.008060,0.0537,0.905825
C_cascode_n33_tt_l1e-6_w1e-5_dc_v24,1.120000,0.969847,15.015325,0.1022,0.905825
C_cascode_n33_tt_l1e-6_w1e-5_dc_v24,1.140000,0.989777,15.022337,0.1489,0.905825
C_cascode_n33_tt_l1e-6_w1e-5_dc_v24,1.160000,1.009709,15.029072,0.1938,0.905825
C_cascode_n33_tt_l1e-6_w1e-5_dc_v24,1.180000,1.029645,15.035498,0.2367,0.905825
C_cascode_n33_tt_l1e-6_w1e-5_dc_v24,1.200000,1.049584,15.041576,0.2772,0.905825
C_cascode_n33_tt_l1e-6_w1e-5_dc_v24,1.220000,1.069527,15.047255,0.3150,0.905825
C_cascode_n33_tt_l1e-6_w1e-5_dc_v24,1.240000,1.089475,15.052473,0.3498,0.905825
C_cascode_n33_tt_l1e-6_w1e-5_dc_v24,1.260000,1.109428,15.057157,0.3810,0.905825
C_cascode_n33_tt_l1e-6_w1e-5_dc_v24,1.280000,1.129388,15.061219,0.4081,0.905825
C_cascode_n33_tt_l1e-6_w1e-5_dc_v24,1.300000,1.149354,15.064559,0.4304,0.905825
C_cascode_n33_tt_l1e-6_w1e-5_dc_v24,1.320000,1.169329,15.067071,0.4471,0.905825
C_cascode_n33_tt_l1e-6_w1e-5_dc_v24,1.340000,1.189313,15.068682,0.4579,0.905825
C_cascode_n33_tt_l1e-6_w1e-5_dc_v24,1.360000,1.209305,15.069487,0.4632,0.905825
C_cascode_n33_tt_l1e-6_w1e-5_dc_v24,1.380000,1.229302,15.069835,0.4656,0.905825
C_cascode_n33_tt_l1e-6_w1e-5_dc_v24,1.400000,1.249300,15.070015,0.4668,0.905825
C_cascode_n33_tt_l1e-6_w1e-5_dc_v24,1.420000,1.269299,15.070135,0.4676,0.905825
C_cascode_n33_tt_l1e-6_w1e-5_dc_v24,1.440000,1.289298,15.070226,0.4682,0.905825
C_cascode_n33_tt_l1e-6_w1e-5_dc_v24,1.460000,1.309297,15.070301,0.4687,0.905825
C_cascode_n33_tt_l1e-6_w1e-5_dc_v24,1.480000,1.329296,15.070364,0.4691,0.905825
C_cascode_n33_tt_l1e-6_w1e-5_dc_v24,1.500000,1.349296,15.070420,0.4695,0.905825
C_cascode_n33_tt_l1e-6_w1e-5_dc_v24,1.520000,1.369295,15.070470,0.4698,0.905825
C_cascode_n33_tt_l1e-6_w1e-5_dc_v24,1.540000,1.389295,15.070515,0.4701,0.905825
C_cascode_n33_tt_l1e-6_w1e-5_dc_v24,1.560000,1.409294,15.070556,0.4704,0.905825
C_cascode_n33_tt_l1e-6_w1e-5_dc_v24,1.580000,1.429294,15.070594,0.4706,0.905825
C_cascode_n33_tt_l1e-6_w1e-5_dc_v24,1.600000,1.449294,15.070630,0.4709,0.905825
C_cascode_n33_tt_l1e-6_w1e-5_dc_v24,1.620000,1.469293,15.070663,0.4711,0.905825
C_cascode_n33_tt_l1e-6_w1e-5_dc_v24,1.640000,1.489293,15.070694,0.4713,0.905825
C_cascode_n33_tt_l1e-6_w1e-5_dc_v24,1.660000,1.509293,15.070724,0.4715,0.905825
C_cascode_n33_tt_l1e-6_w1e-5_dc_v24,1.680000,1.529292,15.070752,0.4717,0.905825
C_cascode_n33_tt_l1e-6_w1e-5_dc_v24,1.700000,1.549292,15.070779,0.4719,0.905825
C_cascode_n33_tt_l1e-6_w1e-5_dc_v24,1.720000,1.569292,15.070805,0.4720,0.905825
C_cascode_n33_tt_l1e-6_w1e-5_dc_v24,1.740000,1.589292,15.070829,0.4722,0.905825
C_cascode_n33_tt_l1e-6_w1e-5_dc_v24,1.760000,1.609291,15.070853,0.4724,0.905825
C_cascode_n33_tt_l1e-6_w1e-5_dc_v24,1.780000,1.629291,15.070875,0.4725,0.905825
C_cascode_n33_tt_l1e-6_w1e-5_dc_v24,1.800000,1.649291,15.070897,0.4726,0.905825
C_cascode_n33_tt_l1e-6_w1e-5_dc_v24,1.820000,1.669291,15.070918,0.4728,0.905825
C_cascode_n33_tt_l1e-6_w1e-5_dc_v24,1.840000,1.689291,15.070939,0.4729,0.905825
C_cascode_n33_tt_l1e-6_w1e-5_dc_v24,1.860000,1.709290,15.070959,0.4731,0.905825
C_cascode_n33_tt_l1e-6_w1e-5_dc_v24,1.880000,1.729290,15.070978,0.4732,0.905825
C_cascode_n33_tt_l1e-6_w1e-5_dc_v24,1.900000,1.749290,15.070997,0.4733,0.905825
C_cascode_n33_tt_l1e-6_w1e-5_dc_v24,1.920000,1.769290,15.071015,0.4734,0.905825
C_cascode_n33_tt_l1e-6_w1e-5_dc_v24,1.940000,1.789290,15.071033,0.4736,0.905825
C_cascode_n33_tt_l1e-6_w1e-5_dc_v24,1.960000,1.809289,15.071050,0.4737,0.905825
C_cascode_n33_tt_l1e-6_w1e-5_dc_v24,1.980000,1.829289,15.071067,0.4738,0.905825
C_cascode_n33_tt_l1e-6_w1e-5_dc_v24,2.000000,1.849289,15.071084,0.4739,0.905825
C_cascode_n33_tt_l1e-6_w1e-5_dc_v24,2.020000,1.869289,15.071100,0.4740,0.905825
C_cascode_n33_tt_l1e-6_w1e-5_dc_v24,2.040000,1.889289,15.071116,0.4741,0.905825
C_cascode_n33_tt_l1e-6_w1e-5_dc_v24,2.060000,1.909289,15.071132,0.4742,0.905825
C_cascode_n33_tt_l1e-6_w1e-5_dc_v24,2.080000,1.929289,15.071147,0.4743,0.905825
C_cascode_n33_tt_l1e-6_w1e-5_dc_v24,2.100000,1.949288,15.071162,0.4744,0.905825
C_cascode_n33_tt_l1e-6_w1e-5_dc_v24,2.120000,1.969288,15.071176,0.4745,0.905825
C_cascode_n33_tt_l1e-6_w1e-5_dc_v24,2.140000,1.989288,15.071191,0.4746,0.905825
C_cascode_n33_tt_l1e-6_w1e-5_dc_v24,2.160000,2.009288,15.071205,0.4747,0.905825
C_cascode_n33_tt_l1e-6_w1e-5_dc_v24,2.180000,2.029288,15.071219,0.4748,0.905825
C_cascode_n33_tt_l1e-6_w1e-5_dc_v24,2.200000,2.049288,15.071233,0.4749,0.905825
C_cascode_n33_tt_l1e-6_w1e-5_dc_v24,2.220000,2.069288,15.071246,0.4750,0.905825
C_cascode_n33_tt_l1e-6_w1e-5_dc_v24,2.240000,2.089287,15.071260,0.4751,0.905825
C_cascode_n33_tt_l1e-6_w1e-5_dc_v24,2.260000,2.109287,15.071273,0.4752,0.905825
C_cascode_n33_tt_l1e-6_w1e-5_dc_v24,2.280000,2.129287,15.071286,0.4752,0.905825
C_cascode_n33_tt_l1e-6_w1e-5_dc_v24,2.300000,2.149287,15.071299,0.4753,0.905825
C_cascode_n33_tt_l1e-6_w1e-5_dc_v24,2.320000,2.169287,15.071311,0.4754,0.905825
C_cascode_n33_tt_l1e-6_w1e-5_dc_v24,2.340000,2.189287,15.071324,0.4755,0.905825
C_cascode_n33_tt_l1e-6_w1e-5_dc_v24,2.360000,2.209287,15.071336,0.4756,0.905825
C_cascode_n33_tt_l1e-6_w1e-5_dc_v24,2.380000,2.229287,15.071348,0.4757,0.905825
C_cascode_n33_tt_l1e-6_w1e-5_dc_v24,2.400000,2.249286,15.071360,0.4757,0.905825
C_cascode_n33_tt_l1e-6_w1e-5_dc_v24,2.420000,2.269286,15.071372,0.4758,0.905825
C_cascode_n33_tt_l1e-6_w1e-5_dc_v24,2.440000,2.289286,15.071384,0.4759,0.905825
C_cascode_n33_tt_l1e-6_w1e-5_dc_v24,2.460000,2.309286,15.071395,0.4760,0.905825
C_cascode_n33_tt_l1e-6_w1e-5_dc_v24,2.480000,2.329286,15.071407,0.4760,0.905825
C_cascode_n33_tt_l1e-6_w1e-5_dc_v24,2.500000,2.349286,15.071418,0.4761,0.905825
C_cascode_n33_tt_l1e-6_w1e-5_dc_v24,2.520000,2.369286,15.071429,0.4762,0.905825
C_cascode_n33_tt_l1e-6_w1e-5_dc_v24,2.540000,2.389286,15.071440,0.4763,0.905825
C_cascode_n33_tt_l1e-6_w1e-5_dc_v24,2.560000,2.409285,15.071451,0.4763,0.905825
C_cascode_n33_tt_l1e-6_w1e-5_dc_v24,2.580000,2.429285,15.071462,0.4764,0.905825
C_cascode_n33_tt_l1e-6_w1e-5_dc_v24,2.600000,2.449285,15.071473,0.4765,0.905825
C_cascode_n33_tt_l1e-6_w1e-5_dc_v24,2.620000,2.469285,15.071484,0.4766,0.905825
C_cascode_n33_tt_l1e-6_w1e-5_dc_v24,2.640000,2.489285,15.071495,0.4766,0.905825
C_cascode_n33_tt_l1e-6_w1e-5_dc_v24,2.660000,2.509285,15.071505,0.4767,0.905825
C_cascode_n33_tt_l1e-6_w1e-5_dc_v24,2.680000,2.529285,15.071516,0.4768,0.905825
C_cascode_n33_tt_l1e-6_w1e-5_dc_v24,2.700000,2.549285,15.071526,0.4768,0.905825
C_cascode_n33_tt_l1e-6_w1e-5_dc_v24,2.720000,2.569285,15.071537,0.4769,0.905825
C_cascode_n33_tt_l1e-6_w1e-5_dc_v24,2.740000,2.589285,15.071548,0.4770,0.905825
C_cascode_n33_tt_l1e-6_w1e-5_dc_v24,2.760000,2.609284,15.071558,0.4771,0.905825
C_cascode_n33_tt_l1e-6_w1e-5_dc_v24,2.780000,2.629284,15.071569,0.4771,0.905825
C_cascode_n33_tt_l1e-6_w1e-5_dc_v24,2.800000,2.649284,15.071580,0.4772,0.905825
C_cascode_n33_tt_l1e-6_w1e-5_dc_v24,2.820000,2.669284,15.071591,0.4773,0.905825
C_cascode_n33_tt_l1e-6_w1e-5_dc_v24,2.840000,2.689284,15.071603,0.4774,0.905825
C_cascode_n33_tt_l1e-6_w1e-5_dc_v24,2.860000,2.709284,15.071615,0.4774,0.905825
C_cascode_n33_tt_l1e-6_w1e-5_dc_v24,2.880000,2.729284,15.071627,0.4775,0.905825
C_cascode_n33_tt_l1e-6_w1e-5_dc_v24,2.900000,2.749284,15.071640,0.4776,0.905825
C_cascode_n33_tt_l1e-6_w1e-5_dc_v24,2.920000,2.769283,15.071654,0.4777,0.905825
C_cascode_n33_tt_l1e-6_w1e-5_dc_v24,2.940000,2.789283,15.071669,0.4778,0.905825
C_cascode_n33_tt_l1e-6_w1e-5_dc_v24,2.960000,2.809283,15.071685,0.4779,0.905825
C_cascode_n33_tt_l1e-6_w1e-5_dc_v24,2.980000,2.829283,15.071703,0.4780,0.905825
C_cascode_n33_tt_l1e-6_w1e-5_dc_v24,3.000000,2.849283,15.071722,0.4781,0.905825
C_cascode_n33_tt_l1e-6_w1e-5_dc_v24,3.020000,2.869283,15.071743,0.4783,0.905825
C_cascode_n33_tt_l1e-6_w1e-5_dc_v24,3.040000,2.889282,15.071767,0.4784,0.905825
C_cascode_n33_tt_l1e-6_w1e-5_dc_v24,3.060000,2.909282,15.071793,0.4786,0.905825
C_cascode_n33_tt_l1e-6_w1e-5_dc_v24,3.080000,2.929282,15.071823,0.4788,0.905825
C_cascode_n33_tt_l1e-6_w1e-5_dc_v24,3.100000,2.949281,15.071857,0.4790,0.905825
C_cascode_n33_tt_l1e-6_w1e-5_dc_v24,3.120000,2.969281,15.071895,0.4793,0.905825
C_cascode_n33_tt_l1e-6_w1e-5_dc_v24,3.140000,2.989281,15.071938,0.4796,0.905825
C_cascode_n33_tt_l1e-6_w1e-5_dc_v24,3.160000,3.009280,15.071987,0.4799,0.905825
C_cascode_n33_tt_l1e-6_w1e-5_dc_v24,3.180000,3.029280,15.072044,0.4803,0.905825
C_cascode_n33_tt_l1e-6_w1e-5_dc_v24,3.200000,3.049279,15.072108,0.4807,0.905825
C_cascode_n33_tt_l1e-6_w1e-5_dc_v24,3.220000,3.069278,15.072181,0.4812,0.905825
C_cascode_n33_tt_l1e-6_w1e-5_dc_v24,3.240000,3.089277,15.072265,0.4818,0.905825
C_cascode_n33_tt_l1e-6_w1e-5_dc_v24,3.260000,3.109276,15.072360,0.4824,0.905825
C_cascode_n33_tt_l1e-6_w1e-5_dc_v24,3.280000,3.129275,15.072468,0.4831,0.905825
C_cascode_n33_tt_l1e-6_w1e-5_dc_v24,3.300000,3.149274,15.072591,0.4839,0.905825
C_cascode_n33_tt_l1e-6_w1e-5_dc_v16off,0.000000,0.000000,-0.000000,-100.0000,-0.000000
C_cascode_n33_tt_l1e-6_w1e-5_dc_v16off,0.020000,0.020000,0.000000,-100.0000,0.000000
C_cascode_n33_tt_l1e-6_w1e-5_dc_v16off,0.040000,0.040000,0.000000,-100.0000,0.000000
C_cascode_n33_tt_l1e-6_w1e-5_dc_v16off,0.060000,0.060000,0.000000,-100.0000,0.000000
C_cascode_n33_tt_l1e-6_w1e-5_dc_v16off,0.080000,0.080000,0.000000,-100.0000,0.000000
C_cascode_n33_tt_l1e-6_w1e-5_dc_v16off,0.100000,0.100000,0.000000,-100.0000,0.000000
C_cascode_n33_tt_l1e-6_w1e-5_dc_v16off,0.120000,0.120000,0.000000,-100.0000,0.000000
C_cascode_n33_tt_l1e-6_w1e-5_dc_v16off,0.140000,0.140000,0.000000,-100.0000,0.000000
C_cascode_n33_tt_l1e-6_w1e-5_dc_v16off,0.160000,0.160000,0.000000,-100.0000,0.000000
C_cascode_n33_tt_l1e-6_w1e-5_dc_v16off,0.180000,0.180000,0.000000,-100.0000,0.000000
C_cascode_n33_tt_l1e-6_w1e-5_dc_v16off,0.200000,0.200000,0.000000,-100.0000,0.000000
C_cascode_n33_tt_l1e-6_w1e-5_dc_v16off,0.220000,0.220000,0.000000,-100.0000,0.000000
C_cascode_n33_tt_l1e-6_w1e-5_dc_v16off,0.240000,0.240000,0.000000,-100.0000,0.000000
C_cascode_n33_tt_l1e-6_w1e-5_dc_v16off,0.260000,0.260000,0.000000,-100.0000,0.000000
C_cascode_n33_tt_l1e-6_w1e-5_dc_v16off,0.280000,0.280000,0.000000,-100.0000,0.000000
C_cascode_n33_tt_l1e-6_w1e-5_dc_v16off,0.300000,0.300000,0.000000,-100.0000,0.000000
C_cascode_n33_tt_l1e-6_w1e-5_dc_v16off,0.320000,0.320000,0.000000,-100.0000,0.000000
C_cascode_n33_tt_l1e-6_w1e-5_dc_v16off,0.340000,0.340000,0.000000,-100.0000,0.000000
C_cascode_n33_tt_l1e-6_w1e-5_dc_v16off,0.360000,0.360000,0.000000,-100.0000,0.000000
C_cascode_n33_tt_l1e-6_w1e-5_dc_v16off,0.380000,0.380000,0.000000,-100.0000,0.000000
C_cascode_n33_tt_l1e-6_w1e-5_dc_v16off,0.400000,0.400000,0.000000,-100.0000,0.000000
C_cascode_n33_tt_l1e-6_w1e-5_dc_v16off,0.420000,0.420000,0.000000,-100.0000,0.000000
C_cascode_n33_tt_l1e-6_w1e-5_dc_v16off,0.440000,0.440000,0.000000,-100.0000,0.000000
C_cascode_n33_tt_l1e-6_w1e-5_dc_v16off,0.460000,0.460000,0.000000,-100.0000,0.000000
C_cascode_n33_tt_l1e-6_w1e-5_dc_v16off,0.480000,0.480000,0.000000,-100.0000,0.000000
C_cascode_n33_tt_l1e-6_w1e-5_dc_v16off,0.500000,0.500000,0.000000,-100.0000,0.000000
C_cascode_n33_tt_l1e-6_w1e-5_dc_v16off,0.520000,0.520000,0.000000,-100.0000,0.000000
C_cascode_n33_tt_l1e-6_w1e-5_dc_v16off,0.540000,0.540000,0.000000,-100.0000,0.000000
C_cascode_n33_tt_l1e-6_w1e-5_dc_v16off,0.560000,0.560000,0.000000,-100.0000,0.000000
C_cascode_n33_tt_l1e-6_w1e-5_dc_v16off,0.580000,0.580000,0.000000,-100.0000,0.000000
C_cascode_n33_tt_l1e-6_w1e-5_dc_v16off,0.600000,0.600000,0.000000,-100.0000,0.000000
C_cascode_n33_tt_l1e-6_w1e-5_dc_v16off,0.620000,0.620000,0.000000,-100.0000,0.000000
C_cascode_n33_tt_l1e-6_w1e-5_dc_v16off,0.640000,0.640000,0.000000,-100.0000,0.000000
C_cascode_n33_tt_l1e-6_w1e-5_dc_v16off,0.660000,0.660000,0.000000,-100.0000,0.000000
C_cascode_n33_tt_l1e-6_w1e-5_dc_v16off,0.680000,0.680000,0.000000,-100.0000,0.000000
C_cascode_n33_tt_l1e-6_w1e-5_dc_v16off,0.700000,0.700000,0.000000,-100.0000,0.000000
C_cascode_n33_tt_l1e-6_w1e-5_dc_v16off,0.720000,0.720000,0.000000,-100.0000,0.000000
C_cascode_n33_tt_l1e-6_w1e-5_dc_v16off,0.740000,0.740000,0.000000,-100.0000,0.000000
C_cascode_n33_tt_l1e-6_w1e-5_dc_v16off,0.760000,0.760000,0.000000,-100.0000,0.000000
C_cascode_n33_tt_l1e-6_w1e-5_dc_v16off,0.780000,0.780000,0.000000,-100.0000,0.000000
C_cascode_n33_tt_l1e-6_w1e-5_dc_v16off,0.800000,0.800000,0.000000,-100.0000,0.000000
C_cascode_n33_tt_l1e-6_w1e-5_dc_v16off,0.820000,0.820000,0.000000,-100.0000,0.000000
C_cascode_n33_tt_l1e-6_w1e-5_dc_v16off,0.840000,0.840000,0.000000,-100.0000,0.000000
C_cascode_n33_tt_l1e-6_w1e-5_dc_v16off,0.860000,0.860000,0.000000,-100.0000,0.000000
C_cascode_n33_tt_l1e-6_w1e-5_dc_v16off,0.880000,0.880000,0.000000,-100.0000,0.000000
C_cascode_n33_tt_l1e-6_w1e-5_dc_v16off,0.900000,0.900000,0.000000,-100.0000,0.000000
C_cascode_n33_tt_l1e-6_w1e-5_dc_v16off,0.920000,0.920000,0.000000,-100.0000,0.000000
C_cascode_n33_tt_l1e-6_w1e-5_dc_v16off,0.940000,0.940000,0.000000,-100.0000,0.000000
C_cascode_n33_tt_l1e-6_w1e-5_dc_v16off,0.960000,0.960000,0.000000,-100.0000,0.000000
C_cascode_n33_tt_l1e-6_w1e-5_dc_v16off,0.980000,0.980000,0.000000,-100.0000,0.000000
C_cascode_n33_tt_l1e-6_w1e-5_dc_v16off,1.000000,1.000000,0.000000,-100.0000,0.000000
C_cascode_n33_tt_l1e-6_w1e-5_dc_v16off,1.020000,1.020000,0.000000,-100.0000,0.000000
C_cascode_n33_tt_l1e-6_w1e-5_dc_v16off,1.040000,1.040000,0.000000,-100.0000,0.000000
C_cascode_n33_tt_l1e-6_w1e-5_dc_v16off,1.060000,1.060000,0.000000,-100.0000,0.000000
C_cascode_n33_tt_l1e-6_w1e-5_dc_v16off,1.080000,1.080000,0.000000,-100.0000,0.000000
C_cascode_n33_tt_l1e-6_w1e-5_dc_v16off,1.100000,1.100000,0.000000,-100.0000,0.000000
C_cascode_n33_tt_l1e-6_w1e-5_dc_v16off,1.120000,1.120000,0.000000,-100.0000,0.000000
C_cascode_n33_tt_l1e-6_w1e-5_dc_v16off,1.140000,1.140000,0.000000,-100.0000,0.000000
C_cascode_n33_tt_l1e-6_w1e-5_dc_v16off,1.160000,1.160000,0.000000,-100.0000,0.000000
C_cascode_n33_tt_l1e-6_w1e-5_dc_v16off,1.180000,1.180000,0.000000,-100.0000,0.000000
C_cascode_n33_tt_l1e-6_w1e-5_dc_v16off,1.200000,1.200000,0.000000,-100.0000,0.000000
C_cascode_n33_tt_l1e-6_w1e-5_dc_v16off,1.220000,1.220000,0.000000,-100.0000,0.000000
C_cascode_n33_tt_l1e-6_w1e-5_dc_v16off,1.240000,1.240000,0.000000,-100.0000,0.000000
C_cascode_n33_tt_l1e-6_w1e-5_dc_v16off,1.260000,1.260000,0.000000,-100.0000,0.000000
C_cascode_n33_tt_l1e-6_w1e-5_dc_v16off,1.280000,1.280000,0.000000,-100.0000,0.000000
C_cascode_n33_tt_l1e-6_w1e-5_dc_v16off,1.300000,1.300000,0.000000,-100.0000,0.000000
C_cascode_n33_tt_l1e-6_w1e-5_dc_v16off,1.320000,1.320000,0.000000,-100.0000,0.000000
C_cascode_n33_tt_l1e-6_w1e-5_dc_v16off,1.340000,1.340000,0.000000,-100.0000,0.000000
C_cascode_n33_tt_l1e-6_w1e-5_dc_v16off,1.360000,1.360000,0.000000,-100.0000,0.000000
C_cascode_n33_tt_l1e-6_w1e-5_dc_v16off,1.380000,1.380000,0.000000,-100.0000,0.000000
C_cascode_n33_tt_l1e-6_w1e-5_dc_v16off,1.400000,1.400000,0.000000,-100.0000,0.000000
C_cascode_n33_tt_l1e-6_w1e-5_dc_v16off,1.420000,1.420000,0.000000,-100.0000,0.000000
C_cascode_n33_tt_l1e-6_w1e-5_dc_v16off,1.440000,1.440000,0.000000,-100.0000,0.000000
C_cascode_n33_tt_l1e-6_w1e-5_dc_v16off,1.460000,1.460000,0.000000,-100.0000,0.000000
C_cascode_n33_tt_l1e-6_w1e-5_dc_v16off,1.480000,1.480000,0.000000,-100.0000,0.000000
C_cascode_n33_tt_l1e-6_w1e-5_dc_v16off,1.500000,1.500000,0.000000,-100.0000,0.000000
C_cascode_n33_tt_l1e-6_w1e-5_dc_v16off,1.520000,1.520000,0.000000,-100.0000,0.000000
C_cascode_n33_tt_l1e-6_w1e-5_dc_v16off,1.540000,1.540000,0.000000,-100.0000,0.000000
C_cascode_n33_tt_l1e-6_w1e-5_dc_v16off,1.560000,1.560000,0.000000,-100.0000,0.000000
C_cascode_n33_tt_l1e-6_w1e-5_dc_v16off,1.580000,1.580000,0.000000,-100.0000,0.000000
C_cascode_n33_tt_l1e-6_w1e-5_dc_v16off,1.600000,1.600000,0.000000,-100.0000,0.000000
C_cascode_n33_tt_l1e-6_w1e-5_dc_v16off,1.620000,1.620000,0.000000,-100.0000,0.000000
C_cascode_n33_tt_l1e-6_w1e-5_dc_v16off,1.640000,1.640000,0.000000,-100.0000,0.000000
C_cascode_n33_tt_l1e-6_w1e-5_dc_v16off,1.660000,1.660000,0.000000,-100.0000,0.000000
C_cascode_n33_tt_l1e-6_w1e-5_dc_v16off,1.680000,1.680000,0.000000,-100.0000,0.000000
C_cascode_n33_tt_l1e-6_w1e-5_dc_v16off,1.700000,1.700000,0.000000,-100.0000,0.000000
C_cascode_n33_tt_l1e-6_w1e-5_dc_v16off,1.720000,1.720000,0.000000,-100.0000,0.000000
C_cascode_n33_tt_l1e-6_w1e-5_dc_v16off,1.740000,1.740000,0.000001,-100.0000,0.000000
C_cascode_n33_tt_l1e-6_w1e-5_dc_v16off,1.760000,1.760000,0.000001,-100.0000,0.000000
C_cascode_n33_tt_l1e-6_w1e-5_dc_v16off,1.780000,1.780000,0.000001,-100.0000,0.000000
C_cascode_n33_tt_l1e-6_w1e-5_dc_v16off,1.800000,1.800000,0.000001,-100.0000,0.000000
C_cascode_n33_tt_l1e-6_w1e-5_dc_v16off,1.820000,1.820000,0.000001,-100.0000,0.000000
C_cascode_n33_tt_l1e-6_w1e-5_dc_v16off,1.840000,1.840000,0.000001,-100.0000,0.000000
C_cascode_n33_tt_l1e-6_w1e-5_dc_v16off,1.860000,1.860000,0.000001,-100.0000,0.000000
C_cascode_n33_tt_l1e-6_w1e-5_dc_v16off,1.880000,1.880000,0.000001,-100.0000,0.000000
C_cascode_n33_tt_l1e-6_w1e-5_dc_v16off,1.900000,1.900000,0.000001,-100.0000,0.000000
C_cascode_n33_tt_l1e-6_w1e-5_dc_v16off,1.920000,1.920000,0.000001,-100.0000,0.000000
C_cascode_n33_tt_l1e-6_w1e-5_dc_v16off,1.940000,1.940000,0.000001,-100.0000,0.000000
C_cascode_n33_tt_l1e-6_w1e-5_dc_v16off,1.960000,1.960000,0.000001,-100.0000,0.000000
C_cascode_n33_tt_l1e-6_w1e-5_dc_v16off,1.980000,1.980000,0.000001,-100.0000,0.000000
C_cascode_n33_tt_l1e-6_w1e-5_dc_v16off,2.000000,2.000000,0.000001,-100.0000,0.000000
C_cascode_n33_tt_l1e-6_w1e-5_dc_v16off,2.020000,2.020000,0.000001,-100.0000,0.000000
C_cascode_n33_tt_l1e-6_w1e-5_dc_v16off,2.040000,2.040000,0.000001,-100.0000,0.000000
C_cascode_n33_tt_l1e-6_w1e-5_dc_v16off,2.060000,2.060000,0.000001,-100.0000,0.000000
C_cascode_n33_tt_l1e-6_w1e-5_dc_v16off,2.080000,2.080000,0.000001,-100.0000,0.000000
C_cascode_n33_tt_l1e-6_w1e-5_dc_v16off,2.100000,2.100000,0.000001,-100.0000,0.000000
C_cascode_n33_tt_l1e-6_w1e-5_dc_v16off,2.120000,2.120000,0.000001,-100.0000,0.000000
C_cascode_n33_tt_l1e-6_w1e-5_dc_v16off,2.140000,2.140000,0.000001,-100.0000,0.000000
C_cascode_n33_tt_l1e-6_w1e-5_dc_v16off,2.160000,2.160000,0.000001,-100.0000,0.000000
C_cascode_n33_tt_l1e-6_w1e-5_dc_v16off,2.180000,2.180000,0.000001,-100.0000,0.000000
C_cascode_n33_tt_l1e-6_w1e-5_dc_v16off,2.200000,2.200000,0.000001,-100.0000,0.000000
C_cascode_n33_tt_l1e-6_w1e-5_dc_v16off,2.220000,2.220000,0.000001,-100.0000,0.000000
C_cascode_n33_tt_l1e-6_w1e-5_dc_v16off,2.240000,2.240000,0.000001,-100.0000,0.000000
C_cascode_n33_tt_l1e-6_w1e-5_dc_v16off,2.260000,2.260000,0.000001,-100.0000,0.000000
C_cascode_n33_tt_l1e-6_w1e-5_dc_v16off,2.280000,2.280000,0.000001,-100.0000,0.000000
C_cascode_n33_tt_l1e-6_w1e-5_dc_v16off,2.300000,2.300000,0.000001,-100.0000,0.000000
C_cascode_n33_tt_l1e-6_w1e-5_dc_v16off,2.320000,2.320000,0.000001,-100.0000,0.000000
C_cascode_n33_tt_l1e-6_w1e-5_dc_v16off,2.340000,2.340000,0.000001,-100.0000,0.000000
C_cascode_n33_tt_l1e-6_w1e-5_dc_v16off,2.360000,2.360000,0.000001,-100.0000,0.000000
C_cascode_n33_tt_l1e-6_w1e-5_dc_v16off,2.380000,2.380000,0.000001,-100.0000,0.000000
C_cascode_n33_tt_l1e-6_w1e-5_dc_v16off,2.400000,2.400000,0.000001,-100.0000,0.000000
C_cascode_n33_tt_l1e-6_w1e-5_dc_v16off,2.420000,2.420000,0.000001,-100.0000,0.000000
C_cascode_n33_tt_l1e-6_w1e-5_dc_v16off,2.440000,2.440000,0.000001,-100.0000,0.000000
C_cascode_n33_tt_l1e-6_w1e-5_dc_v16off,2.460000,2.460000,0.000001,-100.0000,0.000000
C_cascode_n33_tt_l1e-6_w1e-5_dc_v16off,2.480000,2.480000,0.000001,-100.0000,0.000000
C_cascode_n33_tt_l1e-6_w1e-5_dc_v16off,2.500000,2.500000,0.000001,-100.0000,0.000000
C_cascode_n33_tt_l1e-6_w1e-5_dc_v16off,2.520000,2.520000,0.000001,-100.0000,0.000000
C_cascode_n33_tt_l1e-6_w1e-5_dc_v16off,2.540000,2.540000,0.000001,-100.0000,0.000000
C_cascode_n33_tt_l1e-6_w1e-5_dc_v16off,2.560000,2.560000,0.000001,-100.0000,0.000000
C_cascode_n33_tt_l1e-6_w1e-5_dc_v16off,2.580000,2.580000,0.000001,-100.0000,0.000000
C_cascode_n33_tt_l1e-6_w1e-5_dc_v16off,2.600000,2.600000,0.000001,-100.0000,0.000000
C_cascode_n33_tt_l1e-6_w1e-5_dc_v16off,2.620000,2.620000,0.000001,-100.0000,0.000000
C_cascode_n33_tt_l1e-6_w1e-5_dc_v16off,2.640000,2.640000,0.000001,-100.0000,0.000000
C_cascode_n33_tt_l1e-6_w1e-5_dc_v16off,2.660000,2.660000,0.000001,-100.0000,0.000000
C_cascode_n33_tt_l1e-6_w1e-5_dc_v16off,2.680000,2.680000,0.000001,-100.0000,0.000000
C_cascode_n33_tt_l1e-6_w1e-5_dc_v16off,2.700000,2.700000,0.000001,-100.0000,0.000000
C_cascode_n33_tt_l1e-6_w1e-5_dc_v16off,2.720000,2.720000,0.000001,-100.0000,0.000000
C_cascode_n33_tt_l1e-6_w1e-5_dc_v16off,2.740000,2.740000,0.000001,-100.0000,0.000000
C_cascode_n33_tt_l1e-6_w1e-5_dc_v16off,2.760000,2.760000,0.000001,-100.0000,0.000000
C_cascode_n33_tt_l1e-6_w1e-5_dc_v16off,2.780000,2.780000,0.000001,-100.0000,0.000000
C_cascode_n33_tt_l1e-6_w1e-5_dc_v16off,2.800000,2.800000,0.000001,-100.0000,0.000000
C_cascode_n33_tt_l1e-6_w1e-5_dc_v16off,2.820000,2.820000,0.000001,-100.0000,0.000000
C_cascode_n33_tt_l1e-6_w1e-5_dc_v16off,2.840000,2.840000,0.000001,-100.0000,0.000000
C_cascode_n33_tt_l1e-6_w1e-5_dc_v16off,2.860000,2.860000,0.000001,-100.0000,0.000000
C_cascode_n33_tt_l1e-6_w1e-5_dc_v16off,2.880000,2.880000,0.000001,-100.0000,0.000000
C_cascode_n33_tt_l1e-6_w1e-5_dc_v16off,2.900000,2.900000,0.000002,-100.0000,0.000000
C_cascode_n33_tt_l1e-6_w1e-5_dc_v16off,2.920000,2.920000,0.000002,-100.0000,0.000000
C_cascode_n33_tt_l1e-6_w1e-5_dc_v16off,2.940000,2.940000,0.000002,-100.0000,0.000000
C_cascode_n33_tt_l1e-6_w1e-5_dc_v16off,2.960000,2.960000,0.000002,-100.0000,0.000000
C_cascode_n33_tt_l1e-6_w1e-5_dc_v16off,2.980000,2.980000,0.000002,-100.0000,0.000000
C_cascode_n33_tt_l1e-6_w1e-5_dc_v16off,3.000000,3.000000,0.000002,-100.0000,0.000000
C_cascode_n33_tt_l1e-6_w1e-5_dc_v16off,3.020000,3.020000,0.000002,-100.0000,0.000000
C_cascode_n33_tt_l1e-6_w1e-5_dc_v16off,3.040000,3.040000,0.000002,-100.0000,0.000000
C_cascode_n33_tt_l1e-6_w1e-5_dc_v16off,3.060000,3.060000,0.000002,-100.0000,0.000000
C_cascode_n33_tt_l1e-6_w1e-5_dc_v16off,3.080000,3.080000,0.000002,-100.0000,0.000000
C_cascode_n33_tt_l1e-6_w1e-5_dc_v16off,3.100000,3.100000,0.000002,-100.0000,0.000000
C_cascode_n33_tt_l1e-6_w1e-5_dc_v16off,3.120000,3.120000,0.000002,-100.0000,0.000000
C_cascode_n33_tt_l1e-6_w1e-5_dc_v16off,3.140000,3.140000,0.000002,-100.0000,0.000000
C_cascode_n33_tt_l1e-6_w1e-5_dc_v16off,3.160000,3.160000,0.000002,-100.0000,0.000000
C_cascode_n33_tt_l1e-6_w1e-5_dc_v16off,3.180000,3.180000,0.000002,-100.0000,0.000000
C_cascode_n33_tt_l1e-6_w1e-5_dc_v16off,3.200000,3.200000,0.000002,-100.0000,0.000000
C_cascode_n33_tt_l1e-6_w1e-5_dc_v16off,3.220000,3.220000,0.000002,-100.0000,0.000000
C_cascode_n33_tt_l1e-6_w1e-5_dc_v16off,3.240000,3.240000,0.000002,-100.0000,0.000000
C_cascode_n33_tt_l1e-6_w1e-5_dc_v16off,3.260000,3.260000,0.000002,-100.0000,0.000000
C_cascode_n33_tt_l1e-6_w1e-5_dc_v16off,3.280000,3.280000,0.000002,-100.0000,0.000000
C_cascode_n33_tt_l1e-6_w1e-5_dc_v16off,3.300000,3.300000,0.000002,-100.0000,0.000000
C_cascode_n33_tt_l1e-6_w1e-5_dc_v24,0.000000,-0.000000,0.000000,-100.0000,0.905825
C_cascode_n33_tt_l1e-6_w1e-5_dc_v24,0.020000,0.006159,1.384068,-90.7729,0.905825
C_cascode_n33_tt_l1e-6_w1e-5_dc_v24,0.040000,0.012551,2.744902,-81.7007,0.905825
C_cascode_n33_tt_l1e-6_w1e-5_dc_v24,0.060000,0.019205,4.079500,-72.8033,0.905825
C_cascode_n33_tt_l1e-6_w1e-5_dc_v24,0.080000,0.026159,5.384149,-64.1057,0.905825
C_cascode_n33_tt_l1e-6_w1e-5_dc_v24,0.100000,0.033458,6.654167,-55.6389,0.905825
C_cascode_n33_tt_l1e-6_w1e-5_dc_v24,0.120000,0.041165,7.883509,-47.4433,0.905825
C_cascode_n33_tt_l1e-6_w1e-5_dc_v24,0.140000,0.049358,9.064158,-39.5723,0.905825
C_cascode_n33_tt_l1e-6_w1e-5_dc_v24,0.160000,0.058149,10.185112,-32.0993,0.905825
C_cascode_n33_tt_l1e-6_w1e-5_dc_v24,0.180000,0.067693,11.230655,-25.1290,0.905825
C_cascode_n33_tt_l1e-6_w1e-5_dc_v24,0.200000,0.078227,12.177287,-18.8181,0.905825
C_cascode_n33_tt_l1e-6_w1e-5_dc_v24,0.220000,0.090115,12.988549,-13.4097,0.905825
C_cascode_n33_tt_l1e-6_w1e-5_dc_v24,0.240000,0.103895,13.610463,-9.2636,0.905825
C_cascode_n33_tt_l1e-6_w1e-5_dc_v24,0.260000,0.120038,13.996174,-6.6922,0.905825
C_cascode_n33_tt_l1e-6_w1e-5_dc_v24,0.280000,0.138092,14.190776,-5.3948,0.905825
C_cascode_n33_tt_l1e-6_w1e-5_dc_v24,0.300000,0.157036,14.296448,-4.6903,0.905825
C_cascode_n33_tt_l1e-6_w1e-5_dc_v24,0.320000,0.176333,14.366745,-4.2217,0.905825
C_cascode_n33_tt_l1e-6_w1e-5_dc_v24,0.340000,0.195798,14.420211,-3.8653,0.905825
C_cascode_n33_tt_l1e-6_w1e-5_dc_v24,0.360000,0.215361,14.463936,-3.5738,0.905825
C_cascode_n33_tt_l1e-6_w1e-5_dc_v24,0.380000,0.234988,14.501237,-3.3251,0.905825
C_cascode_n33_tt_l1e-6_w1e-5_dc_v24,0.400000,0.254661,14.533934,-3.1071,0.905825
C_cascode_n33_tt_l1e-6_w1e-5_dc_v24,0.420000,0.274369,14.563147,-2.9124,0.905825
C_cascode_n33_tt_l1e-6_w1e-5_dc_v24,0.440000,0.294104,14.589620,-2.7359,0.905825
C_cascode_n33_tt_l1e-6_w1e-5_dc_v24,0.460000,0.313861,14.613876,-2.5742,0.905825
C_cascode_n33_tt_l1e-6_w1e-5_dc_v24,0.480000,0.333637,14.636297,-2.4247,0.905825
C_cascode_n33_tt_l1e-6_w1e-5_dc_v24,0.500000,0.353428,14.657174,-2.2855,0.905825
C_cascode_n33_tt_l1e-6_w1e-5_dc_v24,0.520000,0.373233,14.676731,-2.1551,0.905825
C_cascode_n33_tt_l1e-6_w1e-5_dc_v24,0.540000,0.393049,14.695147,-2.0324,0.905825
C_cascode_n33_tt_l1e-6_w1e-5_dc_v24,0.560000,0.412874,14.712566,-1.9162,0.905825
C_cascode_n33_tt_l1e-6_w1e-5_dc_v24,0.580000,0.432709,14.729105,-1.8060,0.905825
C_cascode_n33_tt_l1e-6_w1e-5_dc_v24,0.600000,0.452551,14.744864,-1.7009,0.905825
C_cascode_n33_tt_l1e-6_w1e-5_dc_v24,0.620000,0.472401,14.759923,-1.6005,0.905825
C_cascode_n33_tt_l1e-6_w1e-5_dc_v24,0.640000,0.492256,14.774353,-1.5043,0.905825
C_cascode_n33_tt_l1e-6_w1e-5_dc_v24,0.660000,0.512118,14.788213,-1.4119,0.905825
C_cascode_n33_tt_l1e-6_w1e-5_dc_v24,0.680000,0.531984,14.801554,-1.3230,0.905825
C_cascode_n33_tt_l1e-6_w1e-5_dc_v24,0.700000,0.551856,14.814421,-1.2372,0.905825
C_cascode_n33_tt_l1e-6_w1e-5_dc_v24,0.720000,0.571731,14.826852,-1.1543,0.905825
C_cascode_n33_tt_l1e-6_w1e-5_dc_v24,0.740000,0.591611,14.838881,-1.0741,0.905825
C_cascode_n33_tt_l1e-6_w1e-5_dc_v24,0.760000,0.611495,14.850537,-0.9964,0.905825
C_cascode_n33_tt_l1e-6_w1e-5_dc_v24,0.780000,0.631382,14.861847,-0.9210,0.905825
C_cascode_n33_tt_l1e-6_w1e-5_dc_v24,0.800000,0.651272,14.872834,-0.8478,0.905825
C_cascode_n33_tt_l1e-6_w1e-5_dc_v24,0.820000,0.671165,14.883519,-0.7765,0.905825
C_cascode_n33_tt_l1e-6_w1e-5_dc_v24,0.840000,0.691061,14.893919,-0.7072,0.905825
C_cascode_n33_tt_l1e-6_w1e-5_dc_v24,0.860000,0.710959,14.904051,-0.6397,0.905825
C_cascode_n33_tt_l1e-6_w1e-5_dc_v24,0.880000,0.730861,14.913928,-0.5738,0.905825
C_cascode_n33_tt_l1e-6_w1e-5_dc_v24,0.900000,0.750764,14.923563,-0.5096,0.905825
C_cascode_n33_tt_l1e-6_w1e-5_dc_v24,0.920000,0.770670,14.932966,-0.4469,0.905825
C_cascode_n33_tt_l1e-6_w1e-5_dc_v24,0.940000,0.790579,14.942147,-0.3857,0.905825
C_cascode_n33_tt_l1e-6_w1e-5_dc_v24,0.960000,0.810489,14.951112,-0.3259,0.905825
C_cascode_n33_tt_l1e-6_w1e-5_dc_v24,0.980000,0.830401,14.959868,-0.2675,0.905825
C_cascode_n33_tt_l1e-6_w1e-5_dc_v24,1.000000,0.850316,14.968417,-0.2106,0.905825
C_cascode_n33_tt_l1e-6_w1e-5_dc_v24,1.020000,0.870232,14.976763,-0.1549,0.905825
C_cascode_n33_tt_l1e-6_w1e-5_dc_v24,1.040000,0.890151,14.984904,-0.1006,0.905825
C_cascode_n33_tt_l1e-6_w1e-5_dc_v24,1.060000,0.910072,14.992838,-0.0477,0.905825
C_cascode_n33_tt_l1e-6_w1e-5_dc_v24,1.080000,0.929994,15.000560,0.0037,0.905825
C_cascode_n33_tt_l1e-6_w1e-5_dc_v24,1.100000,0.949919,15.008060,0.0537,0.905825
C_cascode_n33_tt_l1e-6_w1e-5_dc_v24,1.120000,0.969847,15.015325,0.1022,0.905825
C_cascode_n33_tt_l1e-6_w1e-5_dc_v24,1.140000,0.989777,15.022337,0.1489,0.905825
C_cascode_n33_tt_l1e-6_w1e-5_dc_v24,1.160000,1.009709,15.029072,0.1938,0.905825
C_cascode_n33_tt_l1e-6_w1e-5_dc_v24,1.180000,1.029645,15.035498,0.2367,0.905825
C_cascode_n33_tt_l1e-6_w1e-5_dc_v24,1.200000,1.049584,15.041576,0.2772,0.905825
C_cascode_n33_tt_l1e-6_w1e-5_dc_v24,1.220000,1.069527,15.047255,0.3150,0.905825
C_cascode_n33_tt_l1e-6_w1e-5_dc_v24,1.240000,1.089475,15.052473,0.3498,0.905825
C_cascode_n33_tt_l1e-6_w1e-5_dc_v24,1.260000,1.109428,15.057157,0.3810,0.905825
C_cascode_n33_tt_l1e-6_w1e-5_dc_v24,1.280000,1.129388,15.061219,0.4081,0.905825
C_cascode_n33_tt_l1e-6_w1e-5_dc_v24,1.300000,1.149354,15.064559,0.4304,0.905825
C_cascode_n33_tt_l1e-6_w1e-5_dc_v24,1.320000,1.169329,15.067071,0.4471,0.905825
C_cascode_n33_tt_l1e-6_w1e-5_dc_v24,1.340000,1.189313,15.068682,0.4579,0.905825
C_cascode_n33_tt_l1e-6_w1e-5_dc_v24,1.360000,1.209305,15.069487,0.4632,0.905825
C_cascode_n33_tt_l1e-6_w1e-5_dc_v24,1.380000,1.229302,15.069835,0.4656,0.905825
C_cascode_n33_tt_l1e-6_w1e-5_dc_v24,1.400000,1.249300,15.070015,0.4668,0.905825
C_cascode_n33_tt_l1e-6_w1e-5_dc_v24,1.420000,1.269299,15.070135,0.4676,0.905825
C_cascode_n33_tt_l1e-6_w1e-5_dc_v24,1.440000,1.289298,15.070226,0.4682,0.905825
C_cascode_n33_tt_l1e-6_w1e-5_dc_v24,1.460000,1.309297,15.070301,0.4687,0.905825
C_cascode_n33_tt_l1e-6_w1e-5_dc_v24,1.480000,1.329296,15.070364,0.4691,0.905825
C_cascode_n33_tt_l1e-6_w1e-5_dc_v24,1.500000,1.349296,15.070420,0.4695,0.905825
C_cascode_n33_tt_l1e-6_w1e-5_dc_v24,1.520000,1.369295,15.070470,0.4698,0.905825
C_cascode_n33_tt_l1e-6_w1e-5_dc_v24,1.540000,1.389295,15.070515,0.4701,0.905825
C_cascode_n33_tt_l1e-6_w1e-5_dc_v24,1.560000,1.409294,15.070556,0.4704,0.905825
C_cascode_n33_tt_l1e-6_w1e-5_dc_v24,1.580000,1.429294,15.070594,0.4706,0.905825
C_cascode_n33_tt_l1e-6_w1e-5_dc_v24,1.600000,1.449294,15.070630,0.4709,0.905825
C_cascode_n33_tt_l1e-6_w1e-5_dc_v24,1.620000,1.469293,15.070663,0.4711,0.905825
C_cascode_n33_tt_l1e-6_w1e-5_dc_v24,1.640000,1.489293,15.070694,0.4713,0.905825
C_cascode_n33_tt_l1e-6_w1e-5_dc_v24,1.660000,1.509293,15.070724,0.4715,0.905825
C_cascode_n33_tt_l1e-6_w1e-5_dc_v24,1.680000,1.529292,15.070752,0.4717,0.905825
C_cascode_n33_tt_l1e-6_w1e-5_dc_v24,1.700000,1.549292,15.070779,0.4719,0.905825
C_cascode_n33_tt_l1e-6_w1e-5_dc_v24,1.720000,1.569292,15.070805,0.4720,0.905825
C_cascode_n33_tt_l1e-6_w1e-5_dc_v24,1.740000,1.589292,15.070829,0.4722,0.905825
C_cascode_n33_tt_l1e-6_w1e-5_dc_v24,1.760000,1.609291,15.070853,0.4724,0.905825
C_cascode_n33_tt_l1e-6_w1e-5_dc_v24,1.780000,1.629291,15.070875,0.4725,0.905825
C_cascode_n33_tt_l1e-6_w1e-5_dc_v24,1.800000,1.649291,15.070897,0.4726,0.905825
C_cascode_n33_tt_l1e-6_w1e-5_dc_v24,1.820000,1.669291,15.070918,0.4728,0.905825
C_cascode_n33_tt_l1e-6_w1e-5_dc_v24,1.840000,1.689291,15.070939,0.4729,0.905825
C_cascode_n33_tt_l1e-6_w1e-5_dc_v24,1.860000,1.709290,15.070959,0.4731,0.905825
C_cascode_n33_tt_l1e-6_w1e-5_dc_v24,1.880000,1.729290,15.070978,0.4732,0.905825
C_cascode_n33_tt_l1e-6_w1e-5_dc_v24,1.900000,1.749290,15.070997,0.4733,0.905825
C_cascode_n33_tt_l1e-6_w1e-5_dc_v24,1.920000,1.769290,15.071015,0.4734,0.905825
C_cascode_n33_tt_l1e-6_w1e-5_dc_v24,1.940000,1.789290,15.071033,0.4736,0.905825
C_cascode_n33_tt_l1e-6_w1e-5_dc_v24,1.960000,1.809289,15.071050,0.4737,0.905825
C_cascode_n33_tt_l1e-6_w1e-5_dc_v24,1.980000,1.829289,15.071067,0.4738,0.905825
C_cascode_n33_tt_l1e-6_w1e-5_dc_v24,2.000000,1.849289,15.071084,0.4739,0.905825
C_cascode_n33_tt_l1e-6_w1e-5_dc_v24,2.020000,1.869289,15.071100,0.4740,0.905825
C_cascode_n33_tt_l1e-6_w1e-5_dc_v24,2.040000,1.889289,15.071116,0.4741,0.905825
C_cascode_n33_tt_l1e-6_w1e-5_dc_v24,2.060000,1.909289,15.071132,0.4742,0.905825
C_cascode_n33_tt_l1e-6_w1e-5_dc_v24,2.080000,1.929289,15.071147,0.4743,0.905825
C_cascode_n33_tt_l1e-6_w1e-5_dc_v24,2.100000,1.949288,15.071162,0.4744,0.905825
C_cascode_n33_tt_l1e-6_w1e-5_dc_v24,2.120000,1.969288,15.071176,0.4745,0.905825
C_cascode_n33_tt_l1e-6_w1e-5_dc_v24,2.140000,1.989288,15.071191,0.4746,0.905825
C_cascode_n33_tt_l1e-6_w1e-5_dc_v24,2.160000,2.009288,15.071205,0.4747,0.905825
C_cascode_n33_tt_l1e-6_w1e-5_dc_v24,2.180000,2.029288,15.071219,0.4748,0.905825
C_cascode_n33_tt_l1e-6_w1e-5_dc_v24,2.200000,2.049288,15.071233,0.4749,0.905825
C_cascode_n33_tt_l1e-6_w1e-5_dc_v24,2.220000,2.069288,15.071246,0.4750,0.905825
C_cascode_n33_tt_l1e-6_w1e-5_dc_v24,2.240000,2.089287,15.071260,0.4751,0.905825
C_cascode_n33_tt_l1e-6_w1e-5_dc_v24,2.260000,2.109287,15.071273,0.4752,0.905825
C_cascode_n33_tt_l1e-6_w1e-5_dc_v24,2.280000,2.129287,15.071286,0.4752,0.905825
C_cascode_n33_tt_l1e-6_w1e-5_dc_v24,2.300000,2.149287,15.071299,0.4753,0.905825
C_cascode_n33_tt_l1e-6_w1e-5_dc_v24,2.320000,2.169287,15.071311,0.4754,0.905825
C_cascode_n33_tt_l1e-6_w1e-5_dc_v24,2.340000,2.189287,15.071324,0.4755,0.905825
C_cascode_n33_tt_l1e-6_w1e-5_dc_v24,2.360000,2.209287,15.071336,0.4756,0.905825
C_cascode_n33_tt_l1e-6_w1e-5_dc_v24,2.380000,2.229287,15.071348,0.4757,0.905825
C_cascode_n33_tt_l1e-6_w1e-5_dc_v24,2.400000,2.249286,15.071360,0.4757,0.905825
C_cascode_n33_tt_l1e-6_w1e-5_dc_v24,2.420000,2.269286,15.071372,0.4758,0.905825
C_cascode_n33_tt_l1e-6_w1e-5_dc_v24,2.440000,2.289286,15.071384,0.4759,0.905825
C_cascode_n33_tt_l1e-6_w1e-5_dc_v24,2.460000,2.309286,15.071395,0.4760,0.905825
C_cascode_n33_tt_l1e-6_w1e-5_dc_v24,2.480000,2.329286,15.071407,0.4760,0.905825
C_cascode_n33_tt_l1e-6_w1e-5_dc_v24,2.500000,2.349286,15.071418,0.4761,0.905825
C_cascode_n33_tt_l1e-6_w1e-5_dc_v24,2.520000,2.369286,15.071429,0.4762,0.905825
C_cascode_n33_tt_l1e-6_w1e-5_dc_v24,2.540000,2.389286,15.071440,0.4763,0.905825
C_cascode_n33_tt_l1e-6_w1e-5_dc_v24,2.560000,2.409285,15.071451,0.4763,0.905825
C_cascode_n33_tt_l1e-6_w1e-5_dc_v24,2.580000,2.429285,15.071462,0.4764,0.905825
C_cascode_n33_tt_l1e-6_w1e-5_dc_v24,2.600000,2.449285,15.071473,0.4765,0.905825
C_cascode_n33_tt_l1e-6_w1e-5_dc_v24,2.620000,2.469285,15.071484,0.4766,0.905825
C_cascode_n33_tt_l1e-6_w1e-5_dc_v24,2.640000,2.489285,15.071495,0.4766,0.905825
C_cascode_n33_tt_l1e-6_w1e-5_dc_v24,2.660000,2.509285,15.071505,0.4767,0.905825
C_cascode_n33_tt_l1e-6_w1e-5_dc_v24,2.680000,2.529285,15.071516,0.4768,0.905825
C_cascode_n33_tt_l1e-6_w1e-5_dc_v24,2.700000,2.549285,15.071526,0.4768,0.905825
C_cascode_n33_tt_l1e-6_w1e-5_dc_v24,2.720000,2.569285,15.071537,0.4769,0.905825
C_cascode_n33_tt_l1e-6_w1e-5_dc_v24,2.740000,2.589285,15.071548,0.4770,0.905825
C_cascode_n33_tt_l1e-6_w1e-5_dc_v24,2.760000,2.609284,15.071558,0.4771,0.905825
C_cascode_n33_tt_l1e-6_w1e-5_dc_v24,2.780000,2.629284,15.071569,0.4771,0.905825
C_cascode_n33_tt_l1e-6_w1e-5_dc_v24,2.800000,2.649284,15.071580,0.4772,0.905825
C_cascode_n33_tt_l1e-6_w1e-5_dc_v24,2.820000,2.669284,15.071591,0.4773,0.905825
C_cascode_n33_tt_l1e-6_w1e-5_dc_v24,2.840000,2.689284,15.071603,0.4774,0.905825
C_cascode_n33_tt_l1e-6_w1e-5_dc_v24,2.860000,2.709284,15.071615,0.4774,0.905825
C_cascode_n33_tt_l1e-6_w1e-5_dc_v24,2.880000,2.729284,15.071627,0.4775,0.905825
C_cascode_n33_tt_l1e-6_w1e-5_dc_v24,2.900000,2.749284,15.071640,0.4776,0.905825
C_cascode_n33_tt_l1e-6_w1e-5_dc_v24,2.920000,2.769283,15.071654,0.4777,0.905825
C_cascode_n33_tt_l1e-6_w1e-5_dc_v24,2.940000,2.789283,15.071669,0.4778,0.905825
C_cascode_n33_tt_l1e-6_w1e-5_dc_v24,2.960000,2.809283,15.071685,0.4779,0.905825
C_cascode_n33_tt_l1e-6_w1e-5_dc_v24,2.980000,2.829283,15.071703,0.4780,0.905825
C_cascode_n33_tt_l1e-6_w1e-5_dc_v24,3.000000,2.849283,15.071722,0.4781,0.905825
C_cascode_n33_tt_l1e-6_w1e-5_dc_v24,3.020000,2.869283,15.071743,0.4783,0.905825
C_cascode_n33_tt_l1e-6_w1e-5_dc_v24,3.040000,2.889282,15.071767,0.4784,0.905825
C_cascode_n33_tt_l1e-6_w1e-5_dc_v24,3.060000,2.909282,15.071793,0.4786,0.905825
C_cascode_n33_tt_l1e-6_w1e-5_dc_v24,3.080000,2.929282,15.071823,0.4788,0.905825
C_cascode_n33_tt_l1e-6_w1e-5_dc_v24,3.100000,2.949281,15.071857,0.4790,0.905825
C_cascode_n33_tt_l1e-6_w1e-5_dc_v24,3.120000,2.969281,15.071895,0.4793,0.905825
C_cascode_n33_tt_l1e-6_w1e-5_dc_v24,3.140000,2.989281,15.071938,0.4796,0.905825
C_cascode_n33_tt_l1e-6_w1e-5_dc_v24,3.160000,3.009280,15.071987,0.4799,0.905825
C_cascode_n33_tt_l1e-6_w1e-5_dc_v24,3.180000,3.029280,15.072044,0.4803,0.905825
C_cascode_n33_tt_l1e-6_w1e-5_dc_v24,3.200000,3.049279,15.072108,0.4807,0.905825
C_cascode_n33_tt_l1e-6_w1e-5_dc_v24,3.220000,3.069278,15.072181,0.4812,0.905825
C_cascode_n33_tt_l1e-6_w1e-5_dc_v24,3.240000,3.089277,15.072265,0.4818,0.905825
C_cascode_n33_tt_l1e-6_w1e-5_dc_v24,3.260000,3.109276,15.072360,0.4824,0.905825
C_cascode_n33_tt_l1e-6_w1e-5_dc_v24,3.280000,3.129275,15.072468,0.4831,0.905825
C_cascode_n33_tt_l1e-6_w1e-5_dc_v24,3.300000,3.149274,15.072591,0.4839,0.905825
C_cascode_n33_tt_l2e-6_w1e-5_dc_v24,0.000000,0.000000,-0.000000,-100.0000,0.957573
C_cascode_n33_tt_l2e-6_w1e-5_dc_v24,0.020000,0.007458,1.254201,-91.6387,0.957573
C_cascode_n33_tt_l2e-6_w1e-5_dc_v24,0.040000,0.015122,2.487769,-83.4149,0.957573
C_cascode_n33_tt_l2e-6_w1e-5_dc_v24,0.060000,0.023013,3.698666,-75.3422,0.957573
C_cascode_n33_tt_l2e-6_w1e-5_dc_v24,0.080000,0.031155,4.884486,-67.4368,0.957573
C_cascode_n33_tt_l2e-6_w1e-5_dc_v24,0.100000,0.039576,6.042356,-59.7176,0.957573
C_cascode_n33_tt_l2e-6_w1e-5_dc_v24,0.120000,0.048312,7.168797,-52.2080,0.957573
C_cascode_n33_tt_l2e-6_w1e-5_dc_v24,0.140000,0.057405,8.259526,-44.9365,0.957573
C_cascode_n33_tt_l2e-6_w1e-5_dc_v24,0.160000,0.066908,9.309176,-37.9388,0.957573
C_cascode_n33_tt_l2e-6_w1e-5_dc_v24,0.180000,0.076891,10.310860,-31.2609,0.957573
C_cascode_n33_tt_l2e-6_w1e-5_dc_v24,0.200000,0.087445,11.255501,-24.9633,0.957573
C_cascode_n33_tt_l2e-6_w1e-5_dc_v24,0.220000,0.098693,12.130723,-19.1285,0.957573
C_cascode_n33_tt_l2e-6_w1e-5_dc_v24,0.240000,0.110810,12.918956,-13.8736,0.957573
C_cascode_n33_tt_l2e-6_w1e-5_dc_v24,0.260000,0.124059,13.594077,-9.3728,0.957573
C_cascode_n33_tt_l2e-6_w1e-5_dc_v24,0.280000,0.138837,14.116267,-5.8916,0.957573
C_cascode_n33_tt_l2e-6_w1e-5_dc_v24,0.300000,0.155636,14.436436,-3.7571,0.957573
C_cascode_n33_tt_l2e-6_w1e-5_dc_v24,0.320000,0.174285,14.571450,-2.8570,0.957573
C_cascode_n33_tt_l2e-6_w1e-5_dc_v24,0.340000,0.193703,14.629720,-2.4685,0.957573
C_cascode_n33_tt_l2e-6_w1e-5_dc_v24,0.360000,0.213342,14.665821,-2.2279,0.957573
C_cascode_n33_tt_l2e-6_w1e-5_dc_v24,0.380000,0.233071,14.692946,-2.0470,0.957573
C_cascode_n33_tt_l2e-6_w1e-5_dc_v24,0.400000,0.252849,14.715103,-1.8993,0.957573
C_cascode_n33_tt_l2e-6_w1e-5_dc_v24,0.420000,0.272660,14.734020,-1.7732,0.957573
C_cascode_n33_tt_l2e-6_w1e-5_dc_v24,0.440000,0.292494,14.750624,-1.6625,0.957573
C_cascode_n33_tt_l2e-6_w1e-5_dc_v24,0.460000,0.312345,14.765480,-1.5635,0.957573
C_cascode_n33_tt_l2e-6_w1e-5_dc_v24,0.480000,0.332210,14.778964,-1.4736,0.957573
C_cascode_n33_tt_l2e-6_w1e-5_dc_v24,0.500000,0.352087,14.791339,-1.3911,0.957573
C_cascode_n33_tt_l2e-6_w1e-5_dc_v24,0.520000,0.371972,14.802799,-1.3147,0.957573
C_cascode_n33_tt_l2e-6_w1e-5_dc_v24,0.540000,0.391865,14.813489,-1.2434,0.957573
C_cascode_n33_tt_l2e-6_w1e-5_dc_v24,0.560000,0.411765,14.823522,-1.1765,0.957573
C_cascode_n33_tt_l2e-6_w1e-5_dc_v24,0.580000,0.431670,14.832988,-1.1134,0.957573
C_cascode_n33_tt_l2e-6_w1e-5_dc_v24,0.600000,0.451580,14.841958,-1.0536,0.957573
C_cascode_n33_tt_l2e-6_w1e-5_dc_v24,0.620000,0.471495,14.850493,-0.9967,0.957573
C_cascode_n33_tt_l2e-6_w1e-5_dc_v24,0.640000,0.491414,14.858639,-0.9424,0.957573
C_cascode_n33_tt_l2e-6_w1e-5_dc_v24,0.660000,0.511336,14.866438,-0.8904,0.957573
C_cascode_n33_tt_l2e-6_w1e-5_dc_v24,0.680000,0.531261,14.873924,-0.8405,0.957573
C_cascode_n33_tt_l2e-6_w1e-5_dc_v24,0.700000,0.551189,14.881127,-0.7925,0.957573
C_cascode_n33_tt_l2e-6_w1e-5_dc_v24,0.720000,0.571119,14.888071,-0.7462,0.957573
C_cascode_n33_tt_l2e-6_w1e-5_dc_v24,0.740000,0.591052,14.894779,-0.7015,0.957573
C_cascode_n33_tt_l2e-6_w1e-5_dc_v24,0.760000,0.610987,14.901268,-0.6582,0.957573
C_cascode_n33_tt_l2e-6_w1e-5_dc_v24,0.780000,0.630924,14.907555,-0.6163,0.957573
C_cascode_n33_tt_l2e-6_w1e-5_dc_v24,0.800000,0.650863,14.913654,-0.5756,0.957573
C_cascode_n33_tt_l2e-6_w1e-5_dc_v24,0.820000,0.670804,14.919577,-0.5362,0.957573
C_cascode_n33_tt_l2e-6_w1e-5_dc_v24,0.840000,0.690747,14.925335,-0.4978,0.957573
C_cascode_n33_tt_l2e-6_w1e-5_dc_v24,0.860000,0.710691,14.930936,-0.4604,0.957573
C_cascode_n33_tt_l2e-6_w1e-5_dc_v24,0.880000,0.730636,14.936390,-0.4241,0.957573
C_cascode_n33_tt_l2e-6_w1e-5_dc_v24,0.900000,0.750583,14.941702,-0.3887,0.957573
C_cascode_n33_tt_l2e-6_w1e-5_dc_v24,0.920000,0.770531,14.946879,-0.3541,0.957573
C_cascode_n33_tt_l2e-6_w1e-5_dc_v24,0.940000,0.790481,14.951923,-0.3205,0.957573
C_cascode_n33_tt_l2e-6_w1e-5_dc_v24,0.960000,0.810432,14.956839,-0.2877,0.957573
C_cascode_n33_tt_l2e-6_w1e-5_dc_v24,0.980000,0.830384,14.961629,-0.2558,0.957573
C_cascode_n33_tt_l2e-6_w1e-5_dc_v24,1.000000,0.850337,14.966294,-0.2247,0.957573
C_cascode_n33_tt_l2e-6_w1e-5_dc_v24,1.020000,0.870292,14.970833,-0.1944,0.957573
C_cascode_n33_tt_l2e-6_w1e-5_dc_v24,1.040000,0.890248,14.975245,-0.1650,0.957573
C_cascode_n33_tt_l2e-6_w1e-5_dc_v24,1.060000,0.910205,14.979526,-0.1365,0.957573
C_cascode_n33_tt_l2e-6_w1e-5_dc_v24,1.080000,0.930163,14.983671,-0.1089,0.957573
C_cascode_n33_tt_l2e-6_w1e-5_dc_v24,1.100000,0.950123,14.987674,-0.0822,0.957573
C_cascode_n33_tt_l2e-6_w1e-5_dc_v24,1.120000,0.970085,14.991524,-0.0565,0.957573
C_cascode_n33_tt_l2e-6_w1e-5_dc_v24,1.140000,0.990048,14.995211,-0.0319,0.957573
C_cascode_n33_tt_l2e-6_w1e-5_dc_v24,1.160000,1.010013,14.998718,-0.0085,0.957573
C_cascode_n33_tt_l2e-6_w1e-5_dc_v24,1.180000,1.029980,15.002027,0.0135,0.957573
C_cascode_n33_tt_l2e-6_w1e-5_dc_v24,1.200000,1.049949,15.005117,0.0341,0.957573
C_cascode_n33_tt_l2e-6_w1e-5_dc_v24,1.220000,1.069920,15.007962,0.0531,0.957573
C_cascode_n33_tt_l2e-6_w1e-5_dc_v24,1.240000,1.089895,15.010531,0.0702,0.957573
C_cascode_n33_tt_l2e-6_w1e-5_dc_v24,1.260000,1.109872,15.012791,0.0853,0.957573
C_cascode_n33_tt_l2e-6_w1e-5_dc_v24,1.280000,1.129853,15.014704,0.0980,0.957573
C_cascode_n33_tt_l2e-6_w1e-5_dc_v24,1.300000,1.149838,15.016230,0.1082,0.957573
C_cascode_n33_tt_l2e-6_w1e-5_dc_v24,1.320000,1.169827,15.017329,0.1155,0.957573
C_cascode_n33_tt_l2e-6_w1e-5_dc_v24,1.340000,1.189820,15.017978,0.1199,0.957573
C_cascode_n33_tt_l2e-6_w1e-5_dc_v24,1.360000,1.209818,15.018249,0.1217,0.957573
C_cascode_n33_tt_l2e-6_w1e-5_dc_v24,1.380000,1.229817,15.018348,0.1223,0.957573
C_cascode_n33_tt_l2e-6_w1e-5_dc_v24,1.400000,1.249816,15.018401,0.1227,0.957573
C_cascode_n33_tt_l2e-6_w1e-5_dc_v24,1.420000,1.269816,15.018438,0.1229,0.957573
C_cascode_n33_tt_l2e-6_w1e-5_dc_v24,1.440000,1.289815,15.018468,0.1231,0.957573
C_cascode_n33_tt_l2e-6_w1e-5_dc_v24,1.460000,1.309815,15.018494,0.1233,0.957573
C_cascode_n33_tt_l2e-6_w1e-5_dc_v24,1.480000,1.329815,15.018516,0.1234,0.957573
C_cascode_n33_tt_l2e-6_w1e-5_dc_v24,1.500000,1.349815,15.018535,0.1236,0.957573
C_cascode_n33_tt_l2e-6_w1e-5_dc_v24,1.520000,1.369814,15.018553,0.1237,0.957573
C_cascode_n33_tt_l2e-6_w1e-5_dc_v24,1.540000,1.389814,15.018569,0.1238,0.957573
C_cascode_n33_tt_l2e-6_w1e-5_dc_v24,1.560000,1.409814,15.018584,0.1239,0.957573
C_cascode_n33_tt_l2e-6_w1e-5_dc_v24,1.580000,1.429814,15.018598,0.1240,0.957573
C_cascode_n33_tt_l2e-6_w1e-5_dc_v24,1.600000,1.449814,15.018610,0.1241,0.957573
C_cascode_n33_tt_l2e-6_w1e-5_dc_v24,1.620000,1.469814,15.018623,0.1242,0.957573
C_cascode_n33_tt_l2e-6_w1e-5_dc_v24,1.640000,1.489814,15.018634,0.1242,0.957573
C_cascode_n33_tt_l2e-6_w1e-5_dc_v24,1.660000,1.509814,15.018645,0.1243,0.957573
C_cascode_n33_tt_l2e-6_w1e-5_dc_v24,1.680000,1.529813,15.018656,0.1244,0.957573
C_cascode_n33_tt_l2e-6_w1e-5_dc_v24,1.700000,1.549813,15.018666,0.1244,0.957573
C_cascode_n33_tt_l2e-6_w1e-5_dc_v24,1.720000,1.569813,15.018676,0.1245,0.957573
C_cascode_n33_tt_l2e-6_w1e-5_dc_v24,1.740000,1.589813,15.018685,0.1246,0.957573
C_cascode_n33_tt_l2e-6_w1e-5_dc_v24,1.760000,1.609813,15.018694,0.1246,0.957573
C_cascode_n33_tt_l2e-6_w1e-5_dc_v24,1.780000,1.629813,15.018702,0.1247,0.957573
C_cascode_n33_tt_l2e-6_w1e-5_dc_v24,1.800000,1.649813,15.018711,0.1247,0.957573
C_cascode_n33_tt_l2e-6_w1e-5_dc_v24,1.820000,1.669813,15.018719,0.1248,0.957573
C_cascode_n33_tt_l2e-6_w1e-5_dc_v24,1.840000,1.689813,15.018727,0.1248,0.957573
C_cascode_n33_tt_l2e-6_w1e-5_dc_v24,1.860000,1.709813,15.018735,0.1249,0.957573
C_cascode_n33_tt_l2e-6_w1e-5_dc_v24,1.880000,1.729813,15.018742,0.1249,0.957573
C_cascode_n33_tt_l2e-6_w1e-5_dc_v24,1.900000,1.749813,15.018750,0.1250,0.957573
C_cascode_n33_tt_l2e-6_w1e-5_dc_v24,1.920000,1.769812,15.018757,0.1250,0.957573
C_cascode_n33_tt_l2e-6_w1e-5_dc_v24,1.940000,1.789812,15.018764,0.1251,0.957573
C_cascode_n33_tt_l2e-6_w1e-5_dc_v24,1.960000,1.809812,15.018771,0.1251,0.957573
C_cascode_n33_tt_l2e-6_w1e-5_dc_v24,1.980000,1.829812,15.018777,0.1252,0.957573
C_cascode_n33_tt_l2e-6_w1e-5_dc_v24,2.000000,1.849812,15.018784,0.1252,0.957573
C_cascode_n33_tt_l2e-6_w1e-5_dc_v24,2.020000,1.869812,15.018790,0.1253,0.957573
C_cascode_n33_tt_l2e-6_w1e-5_dc_v24,2.040000,1.889812,15.018797,0.1253,0.957573
C_cascode_n33_tt_l2e-6_w1e-5_dc_v24,2.060000,1.909812,15.018803,0.1254,0.957573
C_cascode_n33_tt_l2e-6_w1e-5_dc_v24,2.080000,1.929812,15.018809,0.1254,0.957573
C_cascode_n33_tt_l2e-6_w1e-5_dc_v24,2.100000,1.949812,15.018815,0.1254,0.957573
C_cascode_n33_tt_l2e-6_w1e-5_dc_v24,2.120000,1.969812,15.018821,0.1255,0.957573
C_cascode_n33_tt_l2e-6_w1e-5_dc_v24,2.140000,1.989812,15.018827,0.1255,0.957573
C_cascode_n33_tt_l2e-6_w1e-5_dc_v24,2.160000,2.009812,15.018833,0.1256,0.957573
C_cascode_n33_tt_l2e-6_w1e-5_dc_v24,2.180000,2.029812,15.018838,0.1256,0.957573
C_cascode_n33_tt_l2e-6_w1e-5_dc_v24,2.200000,2.049812,15.018844,0.1256,0.957573
C_cascode_n33_tt_l2e-6_w1e-5_dc_v24,2.220000,2.069812,15.018849,0.1257,0.957573
C_cascode_n33_tt_l2e-6_w1e-5_dc_v24,2.240000,2.089811,15.018855,0.1257,0.957573
C_cascode_n33_tt_l2e-6_w1e-5_dc_v24,2.260000,2.109811,15.018860,0.1257,0.957573
C_cascode_n33_tt_l2e-6_w1e-5_dc_v24,2.280000,2.129811,15.018866,0.1258,0.957573
C_cascode_n33_tt_l2e-6_w1e-5_dc_v24,2.300000,2.149811,15.018871,0.1258,0.957573
C_cascode_n33_tt_l2e-6_w1e-5_dc_v24,2.320000,2.169811,15.018876,0.1258,0.957573
C_cascode_n33_tt_l2e-6_w1e-5_dc_v24,2.340000,2.189811,15.018881,0.1259,0.957573
C_cascode_n33_tt_l2e-6_w1e-5_dc_v24,2.360000,2.209811,15.018886,0.1259,0.957573
C_cascode_n33_tt_l2e-6_w1e-5_dc_v24,2.380000,2.229811,15.018891,0.1259,0.957573
C_cascode_n33_tt_l2e-6_w1e-5_dc_v24,2.400000,2.249811,15.018896,0.1260,0.957573
C_cascode_n33_tt_l2e-6_w1e-5_dc_v24,2.420000,2.269811,15.018901,0.1260,0.957573
C_cascode_n33_tt_l2e-6_w1e-5_dc_v24,2.440000,2.289811,15.018906,0.1260,0.957573
C_cascode_n33_tt_l2e-6_w1e-5_dc_v24,2.460000,2.309811,15.018911,0.1261,0.957573
C_cascode_n33_tt_l2e-6_w1e-5_dc_v24,2.480000,2.329811,15.018916,0.1261,0.957573
C_cascode_n33_tt_l2e-6_w1e-5_dc_v24,2.500000,2.349811,15.018921,0.1261,0.957573
C_cascode_n33_tt_l2e-6_w1e-5_dc_v24,2.520000,2.369811,15.018926,0.1262,0.957573
C_cascode_n33_tt_l2e-6_w1e-5_dc_v24,2.540000,2.389811,15.018930,0.1262,0.957573
C_cascode_n33_tt_l2e-6_w1e-5_dc_v24,2.560000,2.409811,15.018935,0.1262,0.957573
C_cascode_n33_tt_l2e-6_w1e-5_dc_v24,2.580000,2.429811,15.018940,0.1263,0.957573
C_cascode_n33_tt_l2e-6_w1e-5_dc_v24,2.600000,2.449811,15.018944,0.1263,0.957573
C_cascode_n33_tt_l2e-6_w1e-5_dc_v24,2.620000,2.469811,15.018949,0.1263,0.957573
C_cascode_n33_tt_l2e-6_w1e-5_dc_v24,2.640000,2.489810,15.018954,0.1264,0.957573
C_cascode_n33_tt_l2e-6_w1e-5_dc_v24,2.660000,2.509810,15.018958,0.1264,0.957573
C_cascode_n33_tt_l2e-6_w1e-5_dc_v24,2.680000,2.529810,15.018963,0.1264,0.957573
C_cascode_n33_tt_l2e-6_w1e-5_dc_v24,2.700000,2.549810,15.018968,0.1265,0.957573
C_cascode_n33_tt_l2e-6_w1e-5_dc_v24,2.720000,2.569810,15.018973,0.1265,0.957573
C_cascode_n33_tt_l2e-6_w1e-5_dc_v24,2.740000,2.589810,15.018978,0.1265,0.957573
C_cascode_n33_tt_l2e-6_w1e-5_dc_v24,2.760000,2.609810,15.018984,0.1266,0.957573
C_cascode_n33_tt_l2e-6_w1e-5_dc_v24,2.780000,2.629810,15.018989,0.1266,0.957573
C_cascode_n33_tt_l2e-6_w1e-5_dc_v24,2.800000,2.649810,15.018995,0.1266,0.957573
C_cascode_n33_tt_l2e-6_w1e-5_dc_v24,2.820000,2.669810,15.019002,0.1267,0.957573
C_cascode_n33_tt_l2e-6_w1e-5_dc_v24,2.840000,2.689810,15.019008,0.1267,0.957573
C_cascode_n33_tt_l2e-6_w1e-5_dc_v24,2.860000,2.709810,15.019016,0.1268,0.957573
C_cascode_n33_tt_l2e-6_w1e-5_dc_v24,2.880000,2.729810,15.019024,0.1268,0.957573
C_cascode_n33_tt_l2e-6_w1e-5_dc_v24,2.900000,2.749810,15.019033,0.1269,0.957573
C_cascode_n33_tt_l2e-6_w1e-5_dc_v24,2.920000,2.769810,15.019044,0.1270,0.957573
C_cascode_n33_tt_l2e-6_w1e-5_dc_v24,2.940000,2.789809,15.019055,0.1270,0.957573
C_cascode_n33_tt_l2e-6_w1e-5_dc_v24,2.960000,2.809809,15.019069,0.1271,0.957573
C_cascode_n33_tt_l2e-6_w1e-5_dc_v24,2.980000,2.829809,15.019084,0.1272,0.957573
C_cascode_n33_tt_l2e-6_w1e-5_dc_v24,3.000000,2.849809,15.019102,0.1273,0.957573
C_cascode_n33_tt_l2e-6_w1e-5_dc_v24,3.020000,2.869809,15.019122,0.1275,0.957573
C_cascode_n33_tt_l2e-6_w1e-5_dc_v24,3.040000,2.889809,15.019145,0.1276,0.957573
C_cascode_n33_tt_l2e-6_w1e-5_dc_v24,3.060000,2.909808,15.019172,0.1278,0.957573
C_cascode_n33_tt_l2e-6_w1e-5_dc_v24,3.080000,2.929808,15.019203,0.1280,0.957573
C_cascode_n33_tt_l2e-6_w1e-5_dc_v24,3.100000,2.949808,15.019239,0.1283,0.957573
C_cascode_n33_tt_l2e-6_w1e-5_dc_v24,3.120000,2.969807,15.019280,0.1285,0.957573
C_cascode_n33_tt_l2e-6_w1e-5_dc_v24,3.140000,2.989807,15.019328,0.1289,0.957573
C_cascode_n33_tt_l2e-6_w1e-5_dc_v24,3.160000,3.009806,15.019383,0.1292,0.957573
C_cascode_n33_tt_l2e-6_w1e-5_dc_v24,3.180000,3.029806,15.019446,0.1296,0.957573
C_cascode_n33_tt_l2e-6_w1e-5_dc_v24,3.200000,3.049805,15.019518,0.1301,0.957573
C_cascode_n33_tt_l2e-6_w1e-5_dc_v24,3.220000,3.069804,15.019601,0.1307,0.957573
C_cascode_n33_tt_l2e-6_w1e-5_dc_v24,3.240000,3.089803,15.019696,0.1313,0.957573
C_cascode_n33_tt_l2e-6_w1e-5_dc_v24,3.260000,3.109802,15.019804,0.1320,0.957573
C_cascode_n33_tt_l2e-6_w1e-5_dc_v24,3.280000,3.129801,15.019928,0.1329,0.957573
C_cascode_n33_tt_l2e-6_w1e-5_dc_v24,3.300000,3.149799,15.020067,0.1338,0.957573
C_cascode_n33_tt_l2e-6_w2e-5_dc_v24,0.000000,0.000000,-0.000000,-100.0000,0.884261
C_cascode_n33_tt_l2e-6_w2e-5_dc_v24,0.020000,0.005975,1.402466,-90.6502,0.884261
C_cascode_n33_tt_l2e-6_w2e-5_dc_v24,0.040000,0.012167,2.783297,-81.4447,0.884261
C_cascode_n33_tt_l2e-6_w2e-5_dc_v24,0.060000,0.018603,4.139745,-72.4017,0.884261
C_cascode_n33_tt_l2e-6_w2e-5_dc_v24,0.080000,0.025316,5.468413,-63.5439,0.884261
C_cascode_n33_tt_l2e-6_w2e-5_dc_v24,0.100000,0.032350,6.765029,-54.8998,0.884261
C_cascode_n33_tt_l2e-6_w2e-5_dc_v24,0.120000,0.039759,8.024094,-46.5060,0.884261
C_cascode_n33_tt_l2e-6_w2e-5_dc_v24,0.140000,0.047617,9.238318,-38.4112,0.884261
C_cascode_n33_tt_l2e-6_w2e-5_dc_v24,0.160000,0.056023,10.397693,-30.6820,0.884261
C_cascode_n33_tt_l2e-6_w2e-5_dc_v24,0.180000,0.065122,11.487836,-23.4144,0.884261
C_cascode_n33_tt_l2e-6_w2e-5_dc_v24,0.200000,0.075132,12.486817,-16.7546,0.884261
C_cascode_n33_tt_l2e-6_w2e-5_dc_v24,0.220000,0.086415,13.358549,-10.9430,0.884261
C_cascode_n33_tt_l2e-6_w2e-5_dc_v24,0.240000,0.099610,14.038967,-6.4069,0.884261
C_cascode_n33_tt_l2e-6_w2e-5_dc_v24,0.260000,0.115683,14.431667,-3.7889,0.884261
C_cascode_n33_tt_l2e-6_w2e-5_dc_v24,0.280000,0.134329,14.567115,-2.8859,0.884261
C_cascode_n33_tt_l2e-6_w2e-5_dc_v24,0.300000,0.153782,14.621790,-2.5214,0.884261
C_cascode_n33_tt_l2e-6_w2e-5_dc_v24,0.320000,0.173434,14.656560,-2.2896,0.884261
C_cascode_n33_tt_l2e-6_w2e-5_dc_v24,0.340000,0.193168,14.683244,-2.1117,0.884261
C_cascode_n33_tt_l2e-6_w2e-5_dc_v24,0.360000,0.212946,14.705364,-1.9642,0.884261
C_cascode_n33_tt_l2e-6_w2e-5_dc_v24,0.380000,0.232755,14.724461,-1.8369,0.884261
C_cascode_n33_tt_l2e-6_w2e-5_dc_v24,0.400000,0.252586,14.741377,-1.7242,0.884261
C_cascode_n33_tt_l2e-6_w2e-5_dc_v24,0.420000,0.272434,14.756632,-1.6225,0.884261
C_cascode_n33_tt_l2e-6_w2e-5_dc_v24,0.440000,0.292294,14.770576,-1.5295,0.884261
C_cascode_n33_tt_l2e-6_w2e-5_dc_v24,0.460000,0.312165,14.783455,-1.4436,0.884261
C_cascode_n33_tt_l2e-6_w2e-5_dc_v24,0.480000,0.332045,14.795452,-1.3637,0.884261
C_cascode_n33_tt_l2e-6_w2e-5_dc_v24,0.500000,0.351933,14.806705,-1.2886,0.884261
C_cascode_n33_tt_l2e-6_w2e-5_dc_v24,0.520000,0.371827,14.817322,-1.2179,0.884261
C_cascode_n33_tt_l2e-6_w2e-5_dc_v24,0.540000,0.391726,14.827388,-1.1507,0.884261
C_cascode_n33_tt_l2e-6_w2e-5_dc_v24,0.560000,0.411630,14.836973,-1.0868,0.884261
C_cascode_n33_tt_l2e-6_w2e-5_dc_v24,0.580000,0.431539,14.846134,-1.0258,0.884261
C_cascode_n33_tt_l2e-6_w2e-5_dc_v24,0.600000,0.451451,14.854917,-0.9672,0.884261
C_cascode_n33_tt_l2e-6_w2e-5_dc_v24,0.620000,0.471366,14.863363,-0.9109,0.884261
C_cascode_n33_tt_l2e-6_w2e-5_dc_v24,0.640000,0.491285,14.871504,-0.8566,0.884261
C_cascode_n33_tt_l2e-6_w2e-5_dc_v24,0.660000,0.511206,14.879370,-0.8042,0.884261
C_cascode_n33_tt_l2e-6_w2e-5_dc_v24,0.680000,0.531130,14.886984,-0.7534,0.884261
C_cascode_n33_tt_l2e-6_w2e-5_dc_v24,0.700000,0.551056,14.894369,-0.7042,0.884261
C_cascode_n33_tt_l2e-6_w2e-5_dc_v24,0.720000,0.570985,14.901543,-0.6564,0.884261
C_cascode_n33_tt_l2e-6_w2e-5_dc_v24,0.740000,0.590915,14.908523,-0.6098,0.884261
C_cascode_n33_tt_l2e-6_w2e-5_dc_v24,0.760000,0.610847,14.915321,-0.5645,0.884261
C_cascode_n33_tt_l2e-6_w2e-5_dc_v24,0.780000,0.630780,14.921952,-0.5203,0.884261
C_cascode_n33_tt_l2e-6_w2e-5_dc_v24,0.800000,0.650716,14.928425,-0.4772,0.884261
C_cascode_n33_tt_l2e-6_w2e-5_dc_v24,0.820000,0.670652,14.934751,-0.4350,0.884261
C_cascode_n33_tt_l2e-6_w2e-5_dc_v24,0.840000,0.690591,14.940939,-0.3937,0.884261
C_cascode_n33_tt_l2e-6_w2e-5_dc_v24,0.860000,0.710530,14.946996,-0.3534,0.884261
C_cascode_n33_tt_l2e-6_w2e-5_dc_v24,0.880000,0.730471,14.952927,-0.3138,0.884261
C_cascode_n33_tt_l2e-6_w2e-5_dc_v24,0.900000,0.750413,14.958741,-0.2751,0.884261
C_cascode_n33_tt_l2e-6_w2e-5_dc_v24,0.920000,0.770356,14.964440,-0.2371,0.884261
C_cascode_n33_tt_l2e-6_w2e-5_dc_v24,0.940000,0.790300,14.970029,-0.1998,0.884261
C_cascode_n33_tt_l2e-6_w2e-5_dc_v24,0.960000,0.810245,14.975511,-0.1633,0.884261
C_cascode_n33_tt_l2e-6_w2e-5_dc_v24,0.980000,0.830191,14.980889,-0.1274,0.884261
C_cascode_n33_tt_l2e-6_w2e-5_dc_v24,1.000000,0.850138,14.986163,-0.0922,0.884261
C_cascode_n33_tt_l2e-6_w2e-5_dc_v24,1.020000,0.870087,14.991335,-0.0578,0.884261
C_cascode_n33_tt_l2e-6_w2e-5_dc_v24,1.040000,0.890036,14.996403,-0.0240,0.884261
C_cascode_n33_tt_l2e-6_w2e-5_dc_v24,1.060000,0.909986,15.001365,0.0091,0.884261
C_cascode_n33_tt_l2e-6_w2e-5_dc_v24,1.080000,0.929938,15.006218,0.0415,0.884261
C_cascode_n33_tt_l2e-6_w2e-5_dc_v24,1.100000,0.949890,15.010955,0.0730,0.884261
C_cascode_n33_tt_l2e-6_w2e-5_dc_v24,1.120000,0.969844,15.015570,0.1038,0.884261
C_cascode_n33_tt_l2e-6_w2e-5_dc_v24,1.140000,0.989799,15.020052,0.1337,0.884261
C_cascode_n33_tt_l2e-6_w2e-5_dc_v24,1.160000,1.009756,15.024386,0.1626,0.884261
C_cascode_n33_tt_l2e-6_w2e-5_dc_v24,1.180000,1.029714,15.028555,0.1904,0.884261
C_cascode_n33_tt_l2e-6_w2e-5_dc_v24,1.200000,1.049675,15.032534,0.2169,0.884261
C_cascode_n33_tt_l2e-6_w2e-5_dc_v24,1.220000,1.069637,15.036295,0.2420,0.884261
C_cascode_n33_tt_l2e-6_w2e-5_dc_v24,1.240000,1.089602,15.039802,0.2653,0.884261
C_cascode_n33_tt_l2e-6_w2e-5_dc_v24,1.260000,1.109570,15.043008,0.2867,0.884261
C_cascode_n33_tt_l2e-6_w2e-5_dc_v24,1.280000,1.129541,15.045859,0.3057,0.884261
C_cascode_n33_tt_l2e-6_w2e-5_dc_v24,1.300000,1.149517,15.048289,0.3219,0.884261
C_cascode_n33_tt_l2e-6_w2e-5_dc_v24,1.320000,1.169498,15.050219,0.3348,0.884261
C_cascode_n33_tt_l2e-6_w2e-5_dc_v24,1.340000,1.189484,15.051563,0.3438,0.884261
C_cascode_n33_tt_l2e-6_w2e-5_dc_v24,1.360000,1.209477,15.052260,0.3484,0.884261
C_cascode_n33_tt_l2e-6_w2e-5_dc_v24,1.380000,1.229475,15.052480,0.3499,0.884261
C_cascode_n33_tt_l2e-6_w2e-5_dc_v24,1.400000,1.249474,15.052554,0.3504,0.884261
C_cascode_n33_tt_l2e-6_w2e-5_dc_v24,1.420000,1.269474,15.052596,0.3506,0.884261
C_cascode_n33_tt_l2e-6_w2e-5_dc_v24,1.440000,1.289474,15.052627,0.3508,0.884261
C_cascode_n33_tt_l2e-6_w2e-5_dc_v24,1.460000,1.309473,15.052653,0.3510,0.884261
C_cascode_n33_tt_l2e-6_w2e-5_dc_v24,1.480000,1.329473,15.052675,0.3512,0.884261
C_cascode_n33_tt_l2e-6_w2e-5_dc_v24,1.500000,1.349473,15.052694,0.3513,0.884261
C_cascode_n33_tt_l2e-6_w2e-5_dc_v24,1.520000,1.369473,15.052712,0.3514,0.884261
C_cascode_n33_tt_l2e-6_w2e-5_dc_v24,1.540000,1.389473,15.052728,0.3515,0.884261
C_cascode_n33_tt_l2e-6_w2e-5_dc_v24,1.560000,1.409473,15.052742,0.3516,0.884261
C_cascode_n33_tt_l2e-6_w2e-5_dc_v24,1.580000,1.429472,15.052756,0.3517,0.884261
C_cascode_n33_tt_l2e-6_w2e-5_dc_v24,1.600000,1.449472,15.052769,0.3518,0.884261
C_cascode_n33_tt_l2e-6_w2e-5_dc_v24,1.620000,1.469472,15.052781,0.3519,0.884261
C_cascode_n33_tt_l2e-6_w2e-5_dc_v24,1.640000,1.489472,15.052792,0.3519,0.884261
C_cascode_n33_tt_l2e-6_w2e-5_dc_v24,1.660000,1.509472,15.052803,0.3520,0.884261
C_cascode_n33_tt_l2e-6_w2e-5_dc_v24,1.680000,1.529472,15.052813,0.3521,0.884261
C_cascode_n33_tt_l2e-6_w2e-5_dc_v24,1.700000,1.549472,15.052823,0.3522,0.884261
C_cascode_n33_tt_l2e-6_w2e-5_dc_v24,1.720000,1.569472,15.052833,0.3522,0.884261
C_cascode_n33_tt_l2e-6_w2e-5_dc_v24,1.740000,1.589472,15.052842,0.3523,0.884261
C_cascode_n33_tt_l2e-6_w2e-5_dc_v24,1.760000,1.609471,15.052851,0.3523,0.884261
C_cascode_n33_tt_l2e-6_w2e-5_dc_v24,1.780000,1.629471,15.052859,0.3524,0.884261
C_cascode_n33_tt_l2e-6_w2e-5_dc_v24,1.800000,1.649471,15.052868,0.3525,0.884261
C_cascode_n33_tt_l2e-6_w2e-5_dc_v24,1.820000,1.669471,15.052876,0.3525,0.884261
C_cascode_n33_tt_l2e-6_w2e-5_dc_v24,1.840000,1.689471,15.052884,0.3526,0.884261
C_cascode_n33_tt_l2e-6_w2e-5_dc_v24,1.860000,1.709471,15.052892,0.3526,0.884261
C_cascode_n33_tt_l2e-6_w2e-5_dc_v24,1.880000,1.729471,15.052899,0.3527,0.884261
C_cascode_n33_tt_l2e-6_w2e-5_dc_v24,1.900000,1.749471,15.052906,0.3527,0.884261
C_cascode_n33_tt_l2e-6_w2e-5_dc_v24,1.920000,1.769471,15.052914,0.3528,0.884261
C_cascode_n33_tt_l2e-6_w2e-5_dc_v24,1.940000,1.789471,15.052921,0.3528,0.884261
C_cascode_n33_tt_l2e-6_w2e-5_dc_v24,1.960000,1.809471,15.052928,0.3529,0.884261
C_cascode_n33_tt_l2e-6_w2e-5_dc_v24,1.980000,1.829471,15.052934,0.3529,0.884261
C_cascode_n33_tt_l2e-6_w2e-5_dc_v24,2.000000,1.849471,15.052941,0.3529,0.884261
C_cascode_n33_tt_l2e-6_w2e-5_dc_v24,2.020000,1.869471,15.052948,0.3530,0.884261
C_cascode_n33_tt_l2e-6_w2e-5_dc_v24,2.040000,1.889470,15.052954,0.3530,0.884261
C_cascode_n33_tt_l2e-6_w2e-5_dc_v24,2.060000,1.909470,15.052960,0.3531,0.884261
C_cascode_n33_tt_l2e-6_w2e-5_dc_v24,2.080000,1.929470,15.052967,0.3531,0.884261
C_cascode_n33_tt_l2e-6_w2e-5_dc_v24,2.100000,1.949470,15.052973,0.3532,0.884261
C_cascode_n33_tt_l2e-6_w2e-5_dc_v24,2.120000,1.969470,15.052979,0.3532,0.884261
C_cascode_n33_tt_l2e-6_w2e-5_dc_v24,2.140000,1.989470,15.052985,0.3532,0.884261
C_cascode_n33_tt_l2e-6_w2e-5_dc_v24,2.160000,2.009470,15.052991,0.3533,0.884261
C_cascode_n33_tt_l2e-6_w2e-5_dc_v24,2.180000,2.029470,15.052997,0.3533,0.884261
C_cascode_n33_tt_l2e-6_w2e-5_dc_v24,2.200000,2.049470,15.053002,0.3533,0.884261
C_cascode_n33_tt_l2e-6_w2e-5_dc_v24,2.220000,2.069470,15.053008,0.3534,0.884261
C_cascode_n33_tt_l2e-6_w2e-5_dc_v24,2.240000,2.089470,15.053014,0.3534,0.884261
C_cascode_n33_tt_l2e-6_w2e-5_dc_v24,2.260000,2.109470,15.053019,0.3535,0.884261
C_cascode_n33_tt_l2e-6_w2e-5_dc_v24,2.280000,2.129470,15.053025,0.3535,0.884261
C_cascode_n33_tt_l2e-6_w2e-5_dc_v24,2.300000,2.149470,15.053030,0.3535,0.884261
C_cascode_n33_tt_l2e-6_w2e-5_dc_v24,2.320000,2.169470,15.053036,0.3536,0.884261
C_cascode_n33_tt_l2e-6_w2e-5_dc_v24,2.340000,2.189470,15.053041,0.3536,0.884261
C_cascode_n33_tt_l2e-6_w2e-5_dc_v24,2.360000,2.209470,15.053046,0.3536,0.884261
C_cascode_n33_tt_l2e-6_w2e-5_dc_v24,2.380000,2.229469,15.053052,0.3537,0.884261
C_cascode_n33_tt_l2e-6_w2e-5_dc_v24,2.400000,2.249469,15.053057,0.3537,0.884261
C_cascode_n33_tt_l2e-6_w2e-5_dc_v24,2.420000,2.269469,15.053062,0.3537,0.884261
C_cascode_n33_tt_l2e-6_w2e-5_dc_v24,2.440000,2.289469,15.053067,0.3538,0.884261
C_cascode_n33_tt_l2e-6_w2e-5_dc_v24,2.460000,2.309469,15.053072,0.3538,0.884261
C_cascode_n33_tt_l2e-6_w2e-5_dc_v24,2.480000,2.329469,15.053077,0.3538,0.884261
C_cascode_n33_tt_l2e-6_w2e-5_dc_v24,2.500000,2.349469,15.053082,0.3539,0.884261
C_cascode_n33_tt_l2e-6_w2e-5_dc_v24,2.520000,2.369469,15.053087,0.3539,0.884261
C_cascode_n33_tt_l2e-6_w2e-5_dc_v24,2.540000,2.389469,15.053092,0.3539,0.884261
C_cascode_n33_tt_l2e-6_w2e-5_dc_v24,2.560000,2.409469,15.053097,0.3540,0.884261
C_cascode_n33_tt_l2e-6_w2e-5_dc_v24,2.580000,2.429469,15.053102,0.3540,0.884261
C_cascode_n33_tt_l2e-6_w2e-5_dc_v24,2.600000,2.449469,15.053107,0.3540,0.884261
C_cascode_n33_tt_l2e-6_w2e-5_dc_v24,2.620000,2.469469,15.053112,0.3541,0.884261
C_cascode_n33_tt_l2e-6_w2e-5_dc_v24,2.640000,2.489469,15.053117,0.3541,0.884261
C_cascode_n33_tt_l2e-6_w2e-5_dc_v24,2.660000,2.509469,15.053122,0.3541,0.884261
C_cascode_n33_tt_l2e-6_w2e-5_dc_v24,2.680000,2.529469,15.053127,0.3542,0.884261
C_cascode_n33_tt_l2e-6_w2e-5_dc_v24,2.700000,2.549469,15.053132,0.3542,0.884261
C_cascode_n33_tt_l2e-6_w2e-5_dc_v24,2.720000,2.569469,15.053137,0.3542,0.884261
C_cascode_n33_tt_l2e-6_w2e-5_dc_v24,2.740000,2.589469,15.053143,0.3543,0.884261
C_cascode_n33_tt_l2e-6_w2e-5_dc_v24,2.760000,2.609469,15.053148,0.3543,0.884261
C_cascode_n33_tt_l2e-6_w2e-5_dc_v24,2.780000,2.629468,15.053154,0.3544,0.884261
C_cascode_n33_tt_l2e-6_w2e-5_dc_v24,2.800000,2.649468,15.053160,0.3544,0.884261
C_cascode_n33_tt_l2e-6_w2e-5_dc_v24,2.820000,2.669468,15.053166,0.3544,0.884261
C_cascode_n33_tt_l2e-6_w2e-5_dc_v24,2.840000,2.689468,15.053173,0.3545,0.884261
C_cascode_n33_tt_l2e-6_w2e-5_dc_v24,2.860000,2.709468,15.053180,0.3545,0.884261
C_cascode_n33_tt_l2e-6_w2e-5_dc_v24,2.880000,2.729468,15.053188,0.3546,0.884261
C_cascode_n33_tt_l2e-6_w2e-5_dc_v24,2.900000,2.749468,15.053197,0.3546,0.884261
C_cascode_n33_tt_l2e-6_w2e-5_dc_v24,2.920000,2.769468,15.053207,0.3547,0.884261
C_cascode_n33_tt_l2e-6_w2e-5_dc_v24,2.940000,2.789468,15.053218,0.3548,0.884261
C_cascode_n33_tt_l2e-6_w2e-5_dc_v24,2.960000,2.809468,15.053231,0.3549,0.884261
C_cascode_n33_tt_l2e-6_w2e-5_dc_v24,2.980000,2.829468,15.053245,0.3550,0.884261
C_cascode_n33_tt_l2e-6_w2e-5_dc_v24,3.000000,2.849467,15.053261,0.3551,0.884261
C_cascode_n33_tt_l2e-6_w2e-5_dc_v24,3.020000,2.869467,15.053280,0.3552,0.884261
C_cascode_n33_tt_l2e-6_w2e-5_dc_v24,3.040000,2.889467,15.053301,0.3553,0.884261
C_cascode_n33_tt_l2e-6_w2e-5_dc_v24,3.060000,2.909467,15.053326,0.3555,0.884261
C_cascode_n33_tt_l2e-6_w2e-5_dc_v24,3.080000,2.929466,15.053354,0.3557,0.884261
C_cascode_n33_tt_l2e-6_w2e-5_dc_v24,3.100000,2.949466,15.053387,0.3559,0.884261
C_cascode_n33_tt_l2e-6_w2e-5_dc_v24,3.120000,2.969466,15.053425,0.3562,0.884261
C_cascode_n33_tt_l2e-6_w2e-5_dc_v24,3.140000,2.989465,15.053469,0.3565,0.884261
C_cascode_n33_tt_l2e-6_w2e-5_dc_v24,3.160000,3.009465,15.053520,0.3568,0.884261
C_cascode_n33_tt_l2e-6_w2e-5_dc_v24,3.180000,3.029464,15.053578,0.3572,0.884261
C_cascode_n33_tt_l2e-6_w2e-5_dc_v24,3.200000,3.049464,15.053644,0.3576,0.884261
C_cascode_n33_tt_l2e-6_w2e-5_dc_v24,3.220000,3.069463,15.053720,0.3581,0.884261
C_cascode_n33_tt_l2e-6_w2e-5_dc_v24,3.240000,3.089462,15.053808,0.3587,0.884261
C_cascode_n33_tt_l2e-6_w2e-5_dc_v24,3.260000,3.109461,15.053907,0.3594,0.884261
C_cascode_n33_tt_l2e-6_w2e-5_dc_v24,3.280000,3.129460,15.054021,0.3601,0.884261
C_cascode_n33_tt_l2e-6_w2e-5_dc_v24,3.300000,3.149459,15.054150,0.3610,0.884261
C_cascode_n33_tt_l1e-6_w4e-5_dc_v24,0.000000,0.000000,-0.000000,-100.0000,0.801594
C_cascode_n33_tt_l1e-6_w4e-5_dc_v24,0.020000,0.004147,1.585330,-89.4311,0.801594
C_cascode_n33_tt_l1e-6_w4e-5_dc_v24,0.040000,0.008518,3.148208,-79.0119,0.801594
C_cascode_n33_tt_l1e-6_w4e-5_dc_v24,0.060000,0.013155,4.684519,-68.7699,0.801594
C_cascode_n33_tt_l1e-6_w4e-5_dc_v24,0.080000,0.018113,6.188716,-58.7419,0.801594
C_cascode_n33_tt_l1e-6_w4e-5_dc_v24,0.100000,0.023470,7.653045,-48.9797,0.801594
C_cascode_n33_tt_l1e-6_w4e-5_dc_v24,0.120000,0.029339,9.066119,-39.5592,0.801594
C_cascode_n33_tt_l1e-6_w4e-5_dc_v24,0.140000,0.035899,10.410110,-30.5993,0.801594
C_cascode_n33_tt_l1e-6_w4e-5_dc_v24,0.160000,0.043453,11.654702,-22.3020,0.801594
C_cascode_n33_tt_l1e-6_w4e-5_dc_v24,0.180000,0.052569,12.743133,-15.0458,0.801594
C_cascode_n33_tt_l1e-6_w4e-5_dc_v24,0.200000,0.064337,13.566331,-9.5578,0.801594
C_cascode_n33_tt_l1e-6_w4e-5_dc_v24,0.220000,0.079910,14.009018,-6.6065,0.801594
C_cascode_n33_tt_l1e-6_w4e-5_dc_v24,0.240000,0.098090,14.191031,-5.3931,0.801594
C_cascode_n33_tt_l1e-6_w4e-5_dc_v24,0.260000,0.117132,14.286756,-4.7550,0.801594
C_cascode_n33_tt_l1e-6_w4e-5_dc_v24,0.280000,0.136476,14.352364,-4.3176,0.801594
C_cascode_n33_tt_l1e-6_w4e-5_dc_v24,0.300000,0.155963,14.403731,-3.9751,0.801594
C_cascode_n33_tt_l1e-6_w4e-5_dc_v24,0.320000,0.175533,14.446683,-3.6888,0.801594
C_cascode_n33_tt_l1e-6_w4e-5_dc_v24,0.340000,0.195160,14.483969,-3.4402,0.801594
C_cascode_n33_tt_l1e-6_w4e-5_dc_v24,0.360000,0.214829,14.517128,-3.2191,0.801594
C_cascode_n33_tt_l1e-6_w4e-5_dc_v24,0.380000,0.234529,14.547122,-3.0192,0.801594
C_cascode_n33_tt_l1e-6_w4e-5_dc_v24,0.400000,0.254254,14.574600,-2.8360,0.801594
C_cascode_n33_tt_l1e-6_w4e-5_dc_v24,0.420000,0.274000,14.600026,-2.6665,0.801594
C_cascode_n33_tt_l1e-6_w4e-5_dc_v24,0.440000,0.293763,14.623742,-2.5084,0.801594
C_cascode_n33_tt_l1e-6_w4e-5_dc_v24,0.460000,0.313540,14.646008,-2.3599,0.801594
C_cascode_n33_tt_l1e-6_w4e-5_dc_v24,0.480000,0.333330,14.667031,-2.2198,0.801594
C_cascode_n33_tt_l1e-6_w4e-5_dc_v24,0.500000,0.353130,14.686975,-2.0868,0.801594
C_cascode_n33_tt_l1e-6_w4e-5_dc_v24,0.520000,0.372940,14.705971,-1.9602,0.801594
C_cascode_n33_tt_l1e-6_w4e-5_dc_v24,0.540000,0.392759,14.724130,-1.8391,0.801594
C_cascode_n33_tt_l1e-6_w4e-5_dc_v24,0.560000,0.412585,14.741543,-1.7230,0.801594
C_cascode_n33_tt_l1e-6_w4e-5_dc_v24,0.580000,0.432417,14.758287,-1.6114,0.801594
C_cascode_n33_tt_l1e-6_w4e-5_dc_v24,0.600000,0.452256,14.774429,-1.5038,0.801594
C_cascode_n33_tt_l1e-6_w4e-5_dc_v24,0.620000,0.472100,14.790023,-1.3998,0.801594
C_cascode_n33_tt_l1e-6_w4e-5_dc_v24,0.640000,0.491949,14.805120,-1.2992,0.801594
C_cascode_n33_tt_l1e-6_w4e-5_dc_v24,0.660000,0.511802,14.819760,-1.2016,0.801594
C_cascode_n33_tt_l1e-6_w4e-5_dc_v24,0.680000,0.531660,14.833983,-1.1068,0.801594
C_cascode_n33_tt_l1e-6_w4e-5_dc_v24,0.700000,0.551522,14.847820,-1.0145,0.801594
C_cascode_n33_tt_l1e-6_w4e-5_dc_v24,0.720000,0.571387,14.861299,-0.9247,0.801594
C_cascode_n33_tt_l1e-6_w4e-5_dc_v24,0.740000,0.591256,14.874448,-0.8370,0.801594
C_cascode_n33_tt_l1e-6_w4e-5_dc_v24,0.760000,0.611127,14.887289,-0.7514,0.801594
C_cascode_n33_tt_l1e-6_w4e-5_dc_v24,0.780000,0.631002,14.899842,-0.6677,0.801594
C_cascode_n33_tt_l1e-6_w4e-5_dc_v24,0.800000,0.650879,14.912126,-0.5858,0.801594
C_cascode_n33_tt_l1e-6_w4e-5_dc_v24,0.820000,0.670758,14.924157,-0.5056,0.801594
C_cascode_n33_tt_l1e-6_w4e-5_dc_v24,0.840000,0.690640,14.935951,-0.4270,0.801594
C_cascode_n33_tt_l1e-6_w4e-5_dc_v24,0.860000,0.710525,14.947520,-0.3499,0.801594
C_cascode_n33_tt_l1e-6_w4e-5_dc_v24,0.880000,0.730411,14.958877,-0.2742,0.801594
C_cascode_n33_tt_l1e-6_w4e-5_dc_v24,0.900000,0.750300,14.970034,-0.1998,0.801594
C_cascode_n33_tt_l1e-6_w4e-5_dc_v24,0.920000,0.770190,14.980999,-0.1267,0.801594
C_cascode_n33_tt_l1e-6_w4e-5_dc_v24,0.940000,0.790082,14.991781,-0.0548,0.801594
C_cascode_n33_tt_l1e-6_w4e-5_dc_v24,0.960000,0.809976,15.002389,0.0159,0.801594
C_cascode_n33_tt_l1e-6_w4e-5_dc_v24,0.980000,0.829872,15.012830,0.0855,0.801594
C_cascode_n33_tt_l1e-6_w4e-5_dc_v24,1.000000,0.849769,15.023108,0.1541,0.801594
C_cascode_n33_tt_l1e-6_w4e-5_dc_v24,1.020000,0.869668,15.033229,0.2215,0.801594
C_cascode_n33_tt_l1e-6_w4e-5_dc_v24,1.040000,0.889568,15.043196,0.2880,0.801594
C_cascode_n33_tt_l1e-6_w4e-5_dc_v24,1.060000,0.909470,15.053011,0.3534,0.801594
C_cascode_n33_tt_l1e-6_w4e-5_dc_v24,1.080000,0.929373,15.062676,0.4178,0.801594
C_cascode_n33_tt_l1e-6_w4e-5_dc_v24,1.100000,0.949278,15.072190,0.4813,0.801594
C_cascode_n33_tt_l1e-6_w4e-5_dc_v24,1.120000,0.969185,15.081548,0.5437,0.801594
C_cascode_n33_tt_l1e-6_w4e-5_dc_v24,1.140000,0.989093,15.090746,0.6050,0.801594
C_cascode_n33_tt_l1e-6_w4e-5_dc_v24,1.160000,1.009002,15.099772,0.6651,0.801594
C_cascode_n33_tt_l1e-6_w4e-5_dc_v24,1.180000,1.028914,15.108613,0.7241,0.801594
C_cascode_n33_tt_l1e-6_w4e-5_dc_v24,1.200000,1.048828,15.117245,0.7816,0.801594
C_cascode_n33_tt_l1e-6_w4e-5_dc_v24,1.220000,1.068744,15.125639,0.8376,0.801594
C_cascode_n33_tt_l1e-6_w4e-5_dc_v24,1.240000,1.088663,15.133749,0.8917,0.801594
C_cascode_n33_tt_l1e-6_w4e-5_dc_v24,1.260000,1.108585,15.141512,0.9434,0.801594
C_cascode_n33_tt_l1e-6_w4e-5_dc_v24,1.280000,1.128512,15.148839,0.9923,0.801594
C_cascode_n33_tt_l1e-6_w4e-5_dc_v24,1.300000,1.148444,15.155609,1.0374,0.801594
C_cascode_n33_tt_l1e-6_w4e-5_dc_v24,1.320000,1.168383,15.161654,1.0777,0.801594
C_cascode_n33_tt_l1e-6_w4e-5_dc_v24,1.340000,1.188332,15.166756,1.1117,0.801594
C_cascode_n33_tt_l1e-6_w4e-5_dc_v24,1.360000,1.208294,15.170639,1.1376,0.801594
C_cascode_n33_tt_l1e-6_w4e-5_dc_v24,1.380000,1.228270,15.173013,1.1534,0.801594
C_cascode_n33_tt_l1e-6_w4e-5_dc_v24,1.400000,1.248260,15.173972,1.1598,0.801594
C_cascode_n33_tt_l1e-6_w4e-5_dc_v24,1.420000,1.268257,15.174286,1.1619,0.801594
C_cascode_n33_tt_l1e-6_w4e-5_dc_v24,1.440000,1.288256,15.174434,1.1629,0.801594
C_cascode_n33_tt_l1e-6_w4e-5_dc_v24,1.460000,1.308255,15.174532,1.1635,0.801594
C_cascode_n33_tt_l1e-6_w4e-5_dc_v24,1.480000,1.328254,15.174607,1.1640,0.801594
C_cascode_n33_tt_l1e-6_w4e-5_dc_v24,1.500000,1.348253,15.174670,1.1645,0.801594
C_cascode_n33_tt_l1e-6_w4e-5_dc_v24,1.520000,1.368253,15.174724,1.1648,0.801594
C_cascode_n33_tt_l1e-6_w4e-5_dc_v24,1.540000,1.388252,15.174773,1.1652,0.801594
C_cascode_n33_tt_l1e-6_w4e-5_dc_v24,1.560000,1.408252,15.174816,1.1654,0.801594
C_cascode_n33_tt_l1e-6_w4e-5_dc_v24,1.580000,1.428251,15.174856,1.1657,0.801594
C_cascode_n33_tt_l1e-6_w4e-5_dc_v24,1.600000,1.448251,15.174892,1.1659,0.801594
C_cascode_n33_tt_l1e-6_w4e-5_dc_v24,1.620000,1.468251,15.174926,1.1662,0.801594
C_cascode_n33_tt_l1e-6_w4e-5_dc_v24,1.640000,1.488250,15.174958,1.1664,0.801594
C_cascode_n33_tt_l1e-6_w4e-5_dc_v24,1.660000,1.508250,15.174989,1.1666,0.801594
C_cascode_n33_tt_l1e-6_w4e-5_dc_v24,1.680000,1.528250,15.175017,1.1668,0.801594
C_cascode_n33_tt_l1e-6_w4e-5_dc_v24,1.700000,1.548250,15.175044,1.1670,0.801594
C_cascode_n33_tt_l1e-6_w4e-5_dc_v24,1.720000,1.568249,15.175070,1.1671,0.801594
C_cascode_n33_tt_l1e-6_w4e-5_dc_v24,1.740000,1.588249,15.175095,1.1673,0.801594
C_cascode_n33_tt_l1e-6_w4e-5_dc_v24,1.760000,1.608249,15.175119,1.1675,0.801594
C_cascode_n33_tt_l1e-6_w4e-5_dc_v24,1.780000,1.628249,15.175142,1.1676,0.801594
C_cascode_n33_tt_l1e-6_w4e-5_dc_v24,1.800000,1.648248,15.175164,1.1678,0.801594
C_cascode_n33_tt_l1e-6_w4e-5_dc_v24,1.820000,1.668248,15.175186,1.1679,0.801594
C_cascode_n33_tt_l1e-6_w4e-5_dc_v24,1.840000,1.688248,15.175207,1.1680,0.801594
C_cascode_n33_tt_l1e-6_w4e-5_dc_v24,1.860000,1.708248,15.175227,1.1682,0.801594
C_cascode_n33_tt_l1e-6_w4e-5_dc_v24,1.880000,1.728248,15.175247,1.1683,0.801594
C_cascode_n33_tt_l1e-6_w4e-5_dc_v24,1.900000,1.748247,15.175266,1.1684,0.801594
C_cascode_n33_tt_l1e-6_w4e-5_dc_v24,1.920000,1.768247,15.175285,1.1686,0.801594
C_cascode_n33_tt_l1e-6_w4e-5_dc_v24,1.940000,1.788247,15.175303,1.1687,0.801594
C_cascode_n33_tt_l1e-6_w4e-5_dc_v24,1.960000,1.808247,15.175321,1.1688,0.801594
C_cascode_n33_tt_l1e-6_w4e-5_dc_v24,1.980000,1.828247,15.175338,1.1689,0.801594
C_cascode_n33_tt_l1e-6_w4e-5_dc_v24,2.000000,1.848246,15.175355,1.1690,0.801594
C_cascode_n33_tt_l1e-6_w4e-5_dc_v24,2.020000,1.868246,15.175372,1.1691,0.801594
C_cascode_n33_tt_l1e-6_w4e-5_dc_v24,2.040000,1.888246,15.175389,1.1693,0.801594
C_cascode_n33_tt_l1e-6_w4e-5_dc_v24,2.060000,1.908246,15.175405,1.1694,0.801594
C_cascode_n33_tt_l1e-6_w4e-5_dc_v24,2.080000,1.928246,15.175421,1.1695,0.801594
C_cascode_n33_tt_l1e-6_w4e-5_dc_v24,2.100000,1.948246,15.175436,1.1696,0.801594
C_cascode_n33_tt_l1e-6_w4e-5_dc_v24,2.120000,1.968245,15.175452,1.1697,0.801594
C_cascode_n33_tt_l1e-6_w4e-5_dc_v24,2.140000,1.988245,15.175467,1.1698,0.801594
C_cascode_n33_tt_l1e-6_w4e-5_dc_v24,2.160000,2.008245,15.175482,1.1699,0.801594
C_cascode_n33_tt_l1e-6_w4e-5_dc_v24,2.180000,2.028245,15.175496,1.1700,0.801594
C_cascode_n33_tt_l1e-6_w4e-5_dc_v24,2.200000,2.048245,15.175511,1.1701,0.801594
C_cascode_n33_tt_l1e-6_w4e-5_dc_v24,2.220000,2.068245,15.175525,1.1702,0.801594
C_cascode_n33_tt_l1e-6_w4e-5_dc_v24,2.240000,2.088245,15.175539,1.1703,0.801594
C_cascode_n33_tt_l1e-6_w4e-5_dc_v24,2.260000,2.108244,15.175553,1.1704,0.801594
C_cascode_n33_tt_l1e-6_w4e-5_dc_v24,2.280000,2.128244,15.175567,1.1704,0.801594
C_cascode_n33_tt_l1e-6_w4e-5_dc_v24,2.300000,2.148244,15.175580,1.1705,0.801594
C_cascode_n33_tt_l1e-6_w4e-5_dc_v24,2.320000,2.168244,15.175594,1.1706,0.801594
C_cascode_n33_tt_l1e-6_w4e-5_dc_v24,2.340000,2.188244,15.175607,1.1707,0.801594
C_cascode_n33_tt_l1e-6_w4e-5_dc_v24,2.360000,2.208244,15.175620,1.1708,0.801594
C_cascode_n33_tt_l1e-6_w4e-5_dc_v24,2.380000,2.228244,15.175633,1.1709,0.801594
C_cascode_n33_tt_l1e-6_w4e-5_dc_v24,2.400000,2.248244,15.175646,1.1710,0.801594
C_cascode_n33_tt_l1e-6_w4e-5_dc_v24,2.420000,2.268243,15.175659,1.1711,0.801594
C_cascode_n33_tt_l1e-6_w4e-5_dc_v24,2.440000,2.288243,15.175671,1.1711,0.801594
C_cascode_n33_tt_l1e-6_w4e-5_dc_v24,2.460000,2.308243,15.175684,1.1712,0.801594
C_cascode_n33_tt_l1e-6_w4e-5_dc_v24,2.480000,2.328243,15.175696,1.1713,0.801594
C_cascode_n33_tt_l1e-6_w4e-5_dc_v24,2.500000,2.348243,15.175709,1.1714,0.801594
C_cascode_n33_tt_l1e-6_w4e-5_dc_v24,2.520000,2.368243,15.175721,1.1715,0.801594
C_cascode_n33_tt_l1e-6_w4e-5_dc_v24,2.540000,2.388243,15.175733,1.1716,0.801594
C_cascode_n33_tt_l1e-6_w4e-5_dc_v24,2.560000,2.408243,15.175745,1.1716,0.801594
C_cascode_n33_tt_l1e-6_w4e-5_dc_v24,2.580000,2.428242,15.175757,1.1717,0.801594
C_cascode_n33_tt_l1e-6_w4e-5_dc_v24,2.600000,2.448242,15.175769,1.1718,0.801594
C_cascode_n33_tt_l1e-6_w4e-5_dc_v24,2.620000,2.468242,15.175780,1.1719,0.801594
C_cascode_n33_tt_l1e-6_w4e-5_dc_v24,2.640000,2.488242,15.175792,1.1719,0.801594
C_cascode_n33_tt_l1e-6_w4e-5_dc_v24,2.660000,2.508242,15.175804,1.1720,0.801594
C_cascode_n33_tt_l1e-6_w4e-5_dc_v24,2.680000,2.528242,15.175815,1.1721,0.801594
C_cascode_n33_tt_l1e-6_w4e-5_dc_v24,2.700000,2.548242,15.175827,1.1722,0.801594
C_cascode_n33_tt_l1e-6_w4e-5_dc_v24,2.720000,2.568242,15.175838,1.1723,0.801594
C_cascode_n33_tt_l1e-6_w4e-5_dc_v24,2.740000,2.588242,15.175850,1.1723,0.801594
C_cascode_n33_tt_l1e-6_w4e-5_dc_v24,2.760000,2.608241,15.175861,1.1724,0.801594
C_cascode_n33_tt_l1e-6_w4e-5_dc_v24,2.780000,2.628241,15.175873,1.1725,0.801594
C_cascode_n33_tt_l1e-6_w4e-5_dc_v24,2.800000,2.648241,15.175885,1.1726,0.801594
C_cascode_n33_tt_l1e-6_w4e-5_dc_v24,2.820000,2.668241,15.175897,1.1726,0.801594
C_cascode_n33_tt_l1e-6_w4e-5_dc_v24,2.840000,2.688241,15.175909,1.1727,0.801594
C_cascode_n33_tt_l1e-6_w4e-5_dc_v24,2.860000,2.708241,15.175921,1.1728,0.801594
C_cascode_n33_tt_l1e-6_w4e-5_dc_v24,2.880000,2.728241,15.175933,1.1729,0.801594
C_cascode_n33_tt_l1e-6_w4e-5_dc_v24,2.900000,2.748241,15.175947,1.1730,0.801594
C_cascode_n33_tt_l1e-6_w4e-5_dc_v24,2.920000,2.768240,15.175960,1.1731,0.801594
C_cascode_n33_tt_l1e-6_w4e-5_dc_v24,2.940000,2.788240,15.175974,1.1732,0.801594
C_cascode_n33_tt_l1e-6_w4e-5_dc_v24,2.960000,2.808240,15.175990,1.1733,0.801594
C_cascode_n33_tt_l1e-6_w4e-5_dc_v24,2.980000,2.828240,15.176006,1.1734,0.801594
C_cascode_n33_tt_l1e-6_w4e-5_dc_v24,3.000000,2.848240,15.176023,1.1735,0.801594
C_cascode_n33_tt_l1e-6_w4e-5_dc_v24,3.020000,2.868240,15.176042,1.1736,0.801594
C_cascode_n33_tt_l1e-6_w4e-5_dc_v24,3.040000,2.888239,15.176063,1.1738,0.801594
C_cascode_n33_tt_l1e-6_w4e-5_dc_v24,3.060000,2.908239,15.176086,1.1739,0.801594
C_cascode_n33_tt_l1e-6_w4e-5_dc_v24,3.080000,2.928239,15.176111,1.1741,0.801594
C_cascode_n33_tt_l1e-6_w4e-5_dc_v24,3.100000,2.948239,15.176139,1.1743,0.801594
C_cascode_n33_tt_l1e-6_w4e-5_dc_v24,3.120000,2.968238,15.176171,1.1745,0.801594
C_cascode_n33_tt_l1e-6_w4e-5_dc_v24,3.140000,2.988238,15.176207,1.1747,0.801594
C_cascode_n33_tt_l1e-6_w4e-5_dc_v24,3.160000,3.008238,15.176247,1.1750,0.801594
C_cascode_n33_tt_l1e-6_w4e-5_dc_v24,3.180000,3.028237,15.176293,1.1753,0.801594
C_cascode_n33_tt_l1e-6_w4e-5_dc_v24,3.200000,3.048237,15.176345,1.1756,0.801594
C_cascode_n33_tt_l1e-6_w4e-5_dc_v24,3.220000,3.068236,15.176404,1.1760,0.801594
C_cascode_n33_tt_l1e-6_w4e-5_dc_v24,3.240000,3.088235,15.176472,1.1765,0.801594
C_cascode_n33_tt_l1e-6_w4e-5_dc_v24,3.260000,3.108235,15.176548,1.1770,0.801594
C_cascode_n33_tt_l1e-6_w4e-5_dc_v24,3.280000,3.128234,15.176635,1.1776,0.801594
C_cascode_n33_tt_l1e-6_w4e-5_dc_v24,3.300000,3.148233,15.176735,1.1782,0.801594
C_cascode_n33_tt_l2e-6_w2e-5_dc_vcas1.8,0.000000,0.000000,-0.000000,-100.0000,0.884261
C_cascode_n33_tt_l2e-6_w2e-5_dc_vcas1.8,0.020000,0.006119,1.388134,-90.7458,0.884261
C_cascode_n33_tt_l2e-6_w2e-5_dc_vcas1.8,0.040000,0.012451,2.754853,-81.6343,0.884261
C_cascode_n33_tt_l2e-6_w2e-5_dc_vcas1.8,0.060000,0.019025,4.097510,-72.6833,0.884261
C_cascode_n33_tt_l2e-6_w2e-5_dc_vcas1.8,0.080000,0.025872,5.412849,-63.9143,0.884261
C_cascode_n33_tt_l2e-6_w2e-5_dc_vcas1.8,0.100000,0.033032,6.696787,-55.3548,0.884261
C_cascode_n33_tt_l2e-6_w2e-5_dc_vcas1.8,0.120000,0.040559,7.944096,-47.0394,0.884261
C_cascode_n33_tt_l2e-6_w2e-5_dc_vcas1.8,0.140000,0.048521,9.147886,-39.0141,0.884261
C_cascode_n33_tt_l2e-6_w2e-5_dc_vcas1.8,0.160000,0.057012,10.298759,-31.3416,0.884261
C_cascode_n33_tt_l2e-6_w2e-5_dc_vcas1.8,0.180000,0.066167,11.383330,-24.1111,0.884261
C_cascode_n33_tt_l2e-6_w2e-5_dc_vcas1.8,0.200000,0.076186,12.381411,-17.4573,0.884261
C_cascode_n33_tt_l2e-6_w2e-5_dc_vcas1.8,0.220000,0.087398,13.260236,-11.5984,0.884261
C_cascode_n33_tt_l2e-6_w2e-5_dc_vcas1.8,0.240000,0.100378,13.962241,-6.9184,0.884261
C_cascode_n33_tt_l2e-6_w2e-5_dc_vcas1.8,0.260000,0.116052,14.394816,-4.0346,0.884261
C_cascode_n33_tt_l2e-6_w2e-5_dc_vcas1.8,0.280000,0.134454,14.554584,-2.9694,0.884261
C_cascode_n33_tt_l2e-6_w2e-5_dc_vcas1.8,0.300000,0.153853,14.614741,-2.5684,0.884261
C_cascode_n33_tt_l2e-6_w2e-5_dc_vcas1.8,0.320000,0.173488,14.651195,-2.3254,0.884261
C_cascode_n33_tt_l2e-6_w2e-5_dc_vcas1.8,0.340000,0.193213,14.678653,-2.1423,0.884261
C_cascode_n33_tt_l2e-6_w2e-5_dc_vcas1.8,0.360000,0.212988,14.701207,-1.9920,0.884261
C_cascode_n33_tt_l2e-6_w2e-5_dc_vcas1.8,0.380000,0.232794,14.720568,-1.8629,0.884261
C_cascode_n33_tt_l2e-6_w2e-5_dc_vcas1.8,0.400000,0.252624,14.737645,-1.7490,0.884261
C_cascode_n33_tt_l2e-6_w2e-5_dc_vcas1.8,0.420000,0.272470,14.752991,-1.6467,0.884261
C_cascode_n33_tt_l2e-6_w2e-5_dc_vcas1.8,0.440000,0.292330,14.766973,-1.5535,0.884261
C_cascode_n33_tt_l2e-6_w2e-5_dc_vcas1.8,0.460000,0.312202,14.779848,-1.4677,0.884261
C_cascode_n33_tt_l2e-6_w2e-5_dc_vcas1.8,0.480000,0.332082,14.791803,-1.3880,0.884261
C_cascode_n33_tt_l2e-6_w2e-5_dc_vcas1.8,0.500000,0.351970,14.802980,-1.3135,0.884261
C_cascode_n33_tt_l2e-6_w2e-5_dc_vcas1.8,0.520000,0.371865,14.813487,-1.2434,0.884261
C_cascode_n33_tt_l2e-6_w2e-5_dc_vcas1.8,0.540000,0.391766,14.823409,-1.1773,0.884261
C_cascode_n33_tt_l2e-6_w2e-5_dc_vcas1.8,0.560000,0.411672,14.832813,-1.1146,0.884261
C_cascode_n33_tt_l2e-6_w2e-5_dc_vcas1.8,0.580000,0.431582,14.841753,-1.0550,0.884261
C_cascode_n33_tt_l2e-6_w2e-5_dc_vcas1.8,0.600000,0.451497,14.850271,-0.9982,0.884261
C_cascode_n33_tt_l2e-6_w2e-5_dc_vcas1.8,0.620000,0.471416,14.858399,-0.9440,0.884261
C_cascode_n33_tt_l2e-6_w2e-5_dc_vcas1.8,0.640000,0.491338,14.866162,-0.8923,0.884261
C_cascode_n33_tt_l2e-6_w2e-5_dc_vcas1.8,0.660000,0.511264,14.873579,-0.8428,0.884261
C_cascode_n33_tt_l2e-6_w2e-5_dc_vcas1.8,0.680000,0.531193,14.880659,-0.7956,0.884261
C_cascode_n33_tt_l2e-6_w2e-5_dc_vcas1.8,0.700000,0.551126,14.887407,-0.7506,0.884261
C_cascode_n33_tt_l2e-6_w2e-5_dc_vcas1.8,0.720000,0.571062,14.893818,-0.7079,0.884261
C_cascode_n33_tt_l2e-6_w2e-5_dc_vcas1.8,0.740000,0.591001,14.899881,-0.6675,0.884261
C_cascode_n33_tt_l2e-6_w2e-5_dc_vcas1.8,0.760000,0.610944,14.905575,-0.6295,0.884261
C_cascode_n33_tt_l2e-6_w2e-5_dc_vcas1.8,0.780000,0.630891,14.910868,-0.5942,0.884261
C_cascode_n33_tt_l2e-6_w2e-5_dc_vcas1.8,0.800000,0.650843,14.915718,-0.5619,0.884261
C_cascode_n33_tt_l2e-6_w2e-5_dc_vcas1.8,0.820000,0.670799,14.920066,-0.5329,0.884261
C_cascode_n33_tt_l2e-6_w2e-5_dc_vcas1.8,0.840000,0.690762,14.923840,-0.5077,0.884261
C_cascode_n33_tt_l2e-6_w2e-5_dc_vcas1.8,0.860000,0.710731,14.926947,-0.4870,0.884261
C_cascode_n33_tt_l2e-6_w2e-5_dc_vcas1.8,0.880000,0.730707,14.929277,-0.4715,0.884261
C_cascode_n33_tt_l2e-6_w2e-5_dc_vcas1.8,0.900000,0.750693,14.930713,-0.4619,0.884261
C_cascode_n33_tt_l2e-6_w2e-5_dc_vcas1.8,0.920000,0.770687,14.931286,-0.4581,0.884261
C_cascode_n33_tt_l2e-6_w2e-5_dc_vcas1.8,0.940000,0.790686,14.931446,-0.4570,0.884261
C_cascode_n33_tt_l2e-6_w2e-5_dc_vcas1.8,0.960000,0.810685,14.931517,-0.4566,0.884261
C_cascode_n33_tt_l2e-6_w2e-5_dc_vcas1.8,0.980000,0.830684,14.931565,-0.4562,0.884261
C_cascode_n33_tt_l2e-6_w2e-5_dc_vcas1.8,1.000000,0.850684,14.931602,-0.4560,0.884261
C_cascode_n33_tt_l2e-6_w2e-5_dc_vcas1.8,1.020000,0.870684,14.931634,-0.4558,0.884261
C_cascode_n33_tt_l2e-6_w2e-5_dc_vcas1.8,1.040000,0.890683,14.931662,-0.4556,0.884261
C_cascode_n33_tt_l2e-6_w2e-5_dc_vcas1.8,1.060000,0.910683,14.931686,-0.4554,0.884261
C_cascode_n33_tt_l2e-6_w2e-5_dc_vcas1.8,1.080000,0.930683,14.931708,-0.4553,0.884261
C_cascode_n33_tt_l2e-6_w2e-5_dc_vcas1.8,1.100000,0.950683,14.931729,-0.4551,0.884261
C_cascode_n33_tt_l2e-6_w2e-5_dc_vcas1.8,1.120000,0.970683,14.931748,-0.4550,0.884261
C_cascode_n33_tt_l2e-6_w2e-5_dc_vcas1.8,1.140000,0.990682,14.931765,-0.4549,0.884261
C_cascode_n33_tt_l2e-6_w2e-5_dc_vcas1.8,1.160000,1.010682,14.931782,-0.4548,0.884261
C_cascode_n33_tt_l2e-6_w2e-5_dc_vcas1.8,1.180000,1.030682,14.931797,-0.4547,0.884261
C_cascode_n33_tt_l2e-6_w2e-5_dc_vcas1.8,1.200000,1.050682,14.931812,-0.4546,0.884261
C_cascode_n33_tt_l2e-6_w2e-5_dc_vcas1.8,1.220000,1.070682,14.931826,-0.4545,0.884261
C_cascode_n33_tt_l2e-6_w2e-5_dc_vcas1.8,1.240000,1.090682,14.931840,-0.4544,0.884261
C_cascode_n33_tt_l2e-6_w2e-5_dc_vcas1.8,1.260000,1.110681,14.931853,-0.4543,0.884261
C_cascode_n33_tt_l2e-6_w2e-5_dc_vcas1.8,1.280000,1.130681,14.931865,-0.4542,0.884261
C_cascode_n33_tt_l2e-6_w2e-5_dc_vcas1.8,1.300000,1.150681,14.931877,-0.4542,0.884261
C_cascode_n33_tt_l2e-6_w2e-5_dc_vcas1.8,1.320000,1.170681,14.931889,-0.4541,0.884261
C_cascode_n33_tt_l2e-6_w2e-5_dc_vcas1.8,1.340000,1.190681,14.931900,-0.4540,0.884261
C_cascode_n33_tt_l2e-6_w2e-5_dc_vcas1.8,1.360000,1.210681,14.931911,-0.4539,0.884261
C_cascode_n33_tt_l2e-6_w2e-5_dc_vcas1.8,1.380000,1.230681,14.931922,-0.4539,0.884261
C_cascode_n33_tt_l2e-6_w2e-5_dc_vcas1.8,1.400000,1.250681,14.931932,-0.4538,0.884261
C_cascode_n33_tt_l2e-6_w2e-5_dc_vcas1.8,1.420000,1.270681,14.931942,-0.4537,0.884261
C_cascode_n33_tt_l2e-6_w2e-5_dc_vcas1.8,1.440000,1.290680,14.931952,-0.4537,0.884261
C_cascode_n33_tt_l2e-6_w2e-5_dc_vcas1.8,1.460000,1.310680,14.931962,-0.4536,0.884261
C_cascode_n33_tt_l2e-6_w2e-5_dc_vcas1.8,1.480000,1.330680,14.931972,-0.4535,0.884261
C_cascode_n33_tt_l2e-6_w2e-5_dc_vcas1.8,1.500000,1.350680,14.931981,-0.4535,0.884261
C_cascode_n33_tt_l2e-6_w2e-5_dc_vcas1.8,1.520000,1.370680,14.931990,-0.4534,0.884261
C_cascode_n33_tt_l2e-6_w2e-5_dc_vcas1.8,1.540000,1.390680,14.931999,-0.4533,0.884261
C_cascode_n33_tt_l2e-6_w2e-5_dc_vcas1.8,1.560000,1.410680,14.932008,-0.4533,0.884261
C_cascode_n33_tt_l2e-6_w2e-5_dc_vcas1.8,1.580000,1.430680,14.932016,-0.4532,0.884261
C_cascode_n33_tt_l2e-6_w2e-5_dc_vcas1.8,1.600000,1.450680,14.932025,-0.4532,0.884261
C_cascode_n33_tt_l2e-6_w2e-5_dc_vcas1.8,1.620000,1.470680,14.932033,-0.4531,0.884261
C_cascode_n33_tt_l2e-6_w2e-5_dc_vcas1.8,1.640000,1.490680,14.932041,-0.4531,0.884261
C_cascode_n33_tt_l2e-6_w2e-5_dc_vcas1.8,1.660000,1.510680,14.932049,-0.4530,0.884261
C_cascode_n33_tt_l2e-6_w2e-5_dc_vcas1.8,1.680000,1.530679,14.932057,-0.4530,0.884261
C_cascode_n33_tt_l2e-6_w2e-5_dc_vcas1.8,1.700000,1.550679,14.932065,-0.4529,0.884261
C_cascode_n33_tt_l2e-6_w2e-5_dc_vcas1.8,1.720000,1.570679,14.932073,-0.4528,0.884261
C_cascode_n33_tt_l2e-6_w2e-5_dc_vcas1.8,1.740000,1.590679,14.932081,-0.4528,0.884261
C_cascode_n33_tt_l2e-6_w2e-5_dc_vcas1.8,1.760000,1.610679,14.932089,-0.4527,0.884261
C_cascode_n33_tt_l2e-6_w2e-5_dc_vcas1.8,1.780000,1.630679,14.932096,-0.4527,0.884261
C_cascode_n33_tt_l2e-6_w2e-5_dc_vcas1.8,1.800000,1.650679,14.932103,-0.4526,0.884261
C_cascode_n33_tt_l2e-6_w2e-5_dc_vcas1.8,1.820000,1.670679,14.932111,-0.4526,0.884261
C_cascode_n33_tt_l2e-6_w2e-5_dc_vcas1.8,1.840000,1.690679,14.932118,-0.4525,0.884261
C_cascode_n33_tt_l2e-6_w2e-5_dc_vcas1.8,1.860000,1.710679,14.932125,-0.4525,0.884261
C_cascode_n33_tt_l2e-6_w2e-5_dc_vcas1.8,1.880000,1.730679,14.932132,-0.4525,0.884261
C_cascode_n33_tt_l2e-6_w2e-5_dc_vcas1.8,1.900000,1.750679,14.932140,-0.4524,0.884261
C_cascode_n33_tt_l2e-6_w2e-5_dc_vcas1.8,1.920000,1.770679,14.932147,-0.4524,0.884261
C_cascode_n33_tt_l2e-6_w2e-5_dc_vcas1.8,1.940000,1.790678,14.932153,-0.4523,0.884261
C_cascode_n33_tt_l2e-6_w2e-5_dc_vcas1.8,1.960000,1.810678,14.932160,-0.4523,0.884261
C_cascode_n33_tt_l2e-6_w2e-5_dc_vcas1.8,1.980000,1.830678,14.932167,-0.4522,0.884261
C_cascode_n33_tt_l2e-6_w2e-5_dc_vcas1.8,2.000000,1.850678,14.932174,-0.4522,0.884261
C_cascode_n33_tt_l2e-6_w2e-5_dc_vcas1.8,2.020000,1.870678,14.932181,-0.4521,0.884261
C_cascode_n33_tt_l2e-6_w2e-5_dc_vcas1.8,2.040000,1.890678,14.932187,-0.4521,0.884261
C_cascode_n33_tt_l2e-6_w2e-5_dc_vcas1.8,2.060000,1.910678,14.932194,-0.4520,0.884261
C_cascode_n33_tt_l2e-6_w2e-5_dc_vcas1.8,2.080000,1.930678,14.932201,-0.4520,0.884261
C_cascode_n33_tt_l2e-6_w2e-5_dc_vcas1.8,2.100000,1.950678,14.932207,-0.4520,0.884261
C_cascode_n33_tt_l2e-6_w2e-5_dc_vcas1.8,2.120000,1.970678,14.932214,-0.4519,0.884261
C_cascode_n33_tt_l2e-6_w2e-5_dc_vcas1.8,2.140000,1.990678,14.932220,-0.4519,0.884261
C_cascode_n33_tt_l2e-6_w2e-5_dc_vcas1.8,2.160000,2.010678,14.932227,-0.4518,0.884261
C_cascode_n33_tt_l2e-6_w2e-5_dc_vcas1.8,2.180000,2.030678,14.932233,-0.4518,0.884261
C_cascode_n33_tt_l2e-6_w2e-5_dc_vcas1.8,2.200000,2.050678,14.932240,-0.4517,0.884261
C_cascode_n33_tt_l2e-6_w2e-5_dc_vcas1.8,2.220000,2.070678,14.932246,-0.4517,0.884261
C_cascode_n33_tt_l2e-6_w2e-5_dc_vcas1.8,2.240000,2.090677,14.932253,-0.4516,0.884261
C_cascode_n33_tt_l2e-6_w2e-5_dc_vcas1.8,2.260000,2.110677,14.932259,-0.4516,0.884261
C_cascode_n33_tt_l2e-6_w2e-5_dc_vcas1.8,2.280000,2.130677,14.932266,-0.4516,0.884261
C_cascode_n33_tt_l2e-6_w2e-5_dc_vcas1.8,2.300000,2.150677,14.932273,-0.4515,0.884261
C_cascode_n33_tt_l2e-6_w2e-5_dc_vcas1.8,2.320000,2.170677,14.932280,-0.4515,0.884261
C_cascode_n33_tt_l2e-6_w2e-5_dc_vcas1.8,2.340000,2.190677,14.932287,-0.4514,0.884261
C_cascode_n33_tt_l2e-6_w2e-5_dc_vcas1.8,2.360000,2.210677,14.932295,-0.4514,0.884261
C_cascode_n33_tt_l2e-6_w2e-5_dc_vcas1.8,2.380000,2.230677,14.932303,-0.4513,0.884261
C_cascode_n33_tt_l2e-6_w2e-5_dc_vcas1.8,2.400000,2.250677,14.932311,-0.4513,0.884261
C_cascode_n33_tt_l2e-6_w2e-5_dc_vcas1.8,2.420000,2.270677,14.932320,-0.4512,0.884261
C_cascode_n33_tt_l2e-6_w2e-5_dc_vcas1.8,2.440000,2.290677,14.932330,-0.4511,0.884261
C_cascode_n33_tt_l2e-6_w2e-5_dc_vcas1.8,2.460000,2.310677,14.932341,-0.4511,0.884261
C_cascode_n33_tt_l2e-6_w2e-5_dc_vcas1.8,2.480000,2.330676,14.932353,-0.4510,0.884261
C_cascode_n33_tt_l2e-6_w2e-5_dc_vcas1.8,2.500000,2.350676,14.932366,-0.4509,0.884261
C_cascode_n33_tt_l2e-6_w2e-5_dc_vcas1.8,2.520000,2.370676,14.932381,-0.4508,0.884261
C_cascode_n33_tt_l2e-6_w2e-5_dc_vcas1.8,2.540000,2.390676,14.932397,-0.4507,0.884261
C_cascode_n33_tt_l2e-6_w2e-5_dc_vcas1.8,2.560000,2.410676,14.932416,-0.4506,0.884261
C_cascode_n33_tt_l2e-6_w2e-5_dc_vcas1.8,2.580000,2.430676,14.932437,-0.4504,0.884261
C_cascode_n33_tt_l2e-6_w2e-5_dc_vcas1.8,2.600000,2.450675,14.932461,-0.4503,0.884261
C_cascode_n33_tt_l2e-6_w2e-5_dc_vcas1.8,2.620000,2.470675,14.932489,-0.4501,0.884261
C_cascode_n33_tt_l2e-6_w2e-5_dc_vcas1.8,2.640000,2.490675,14.932521,-0.4499,0.884261
C_cascode_n33_tt_l2e-6_w2e-5_dc_vcas1.8,2.660000,2.510674,14.932558,-0.4496,0.884261
C_cascode_n33_tt_l2e-6_w2e-5_dc_vcas1.8,2.680000,2.530674,14.932600,-0.4493,0.884261
C_cascode_n33_tt_l2e-6_w2e-5_dc_vcas1.8,2.700000,2.550674,14.932648,-0.4490,0.884261
C_cascode_n33_tt_l2e-6_w2e-5_dc_vcas1.8,2.720000,2.570673,14.932703,-0.4486,0.884261
C_cascode_n33_tt_l2e-6_w2e-5_dc_vcas1.8,2.740000,2.590672,14.932766,-0.4482,0.884261
C_cascode_n33_tt_l2e-6_w2e-5_dc_vcas1.8,2.760000,2.610672,14.932838,-0.4477,0.884261
C_cascode_n33_tt_l2e-6_w2e-5_dc_vcas1.8,2.780000,2.630671,14.932921,-0.4472,0.884261
C_cascode_n33_tt_l2e-6_w2e-5_dc_vcas1.8,2.800000,2.650670,14.933015,-0.4466,0.884261
C_cascode_n33_tt_l2e-6_w2e-5_dc_vcas1.8,2.820000,2.670669,14.933122,-0.4459,0.884261
C_cascode_n33_tt_l2e-6_w2e-5_dc_vcas1.8,2.840000,2.690668,14.933243,-0.4450,0.884261
C_cascode_n33_tt_l2e-6_w2e-5_dc_vcas1.8,2.860000,2.710666,14.933381,-0.4441,0.884261
C_cascode_n33_tt_l2e-6_w2e-5_dc_vcas1.8,2.880000,2.730665,14.933538,-0.4431,0.884261
C_cascode_n33_tt_l2e-6_w2e-5_dc_vcas1.8,2.900000,2.750663,14.933714,-0.4419,0.884261
C_cascode_n33_tt_l2e-6_w2e-5_dc_vcas1.8,2.920000,2.770661,14.933913,-0.4406,0.884261
C_cascode_n33_tt_l2e-6_w2e-5_dc_vcas1.8,2.940000,2.790659,14.934136,-0.4391,0.884261
C_cascode_n33_tt_l2e-6_w2e-5_dc_vcas1.8,2.960000,2.810656,14.934387,-0.4374,0.884261
C_cascode_n33_tt_l2e-6_w2e-5_dc_vcas1.8,2.980000,2.830653,14.934669,-0.4355,0.884261
C_cascode_n33_tt_l2e-6_w2e-5_dc_vcas1.8,3.000000,2.850650,14.934983,-0.4334,0.884261
C_cascode_n33_tt_l2e-6_w2e-5_dc_vcas1.8,3.020000,2.870647,14.935334,-0.4311,0.884261
C_cascode_n33_tt_l2e-6_w2e-5_dc_vcas1.8,3.040000,2.890643,14.935725,-0.4285,0.884261
C_cascode_n33_tt_l2e-6_w2e-5_dc_vcas1.8,3.060000,2.910638,14.936159,-0.4256,0.884261
C_cascode_n33_tt_l2e-6_w2e-5_dc_vcas1.8,3.080000,2.930634,14.936641,-0.4224,0.884261
C_cascode_n33_tt_l2e-6_w2e-5_dc_vcas1.8,3.100000,2.950628,14.937174,-0.4188,0.884261
C_cascode_n33_tt_l2e-6_w2e-5_dc_vcas1.8,3.120000,2.970622,14.937764,-0.4149,0.884261
C_cascode_n33_tt_l2e-6_w2e-5_dc_vcas1.8,3.140000,2.990616,14.938415,-0.4106,0.884261
C_cascode_n33_tt_l2e-6_w2e-5_dc_vcas1.8,3.160000,3.010609,14.939131,-0.4058,0.884261
C_cascode_n33_tt_l2e-6_w2e-5_dc_vcas1.8,3.180000,3.030601,14.939919,-0.4005,0.884261
C_cascode_n33_tt_l2e-6_w2e-5_dc_vcas1.8,3.200000,3.050592,14.940783,-0.3948,0.884261
C_cascode_n33_tt_l2e-6_w2e-5_dc_vcas1.8,3.220000,3.070583,14.941730,-0.3885,0.884261
C_cascode_n33_tt_l2e-6_w2e-5_dc_vcas1.8,3.240000,3.090572,14.942767,-0.3816,0.884261
C_cascode_n33_tt_l2e-6_w2e-5_dc_vcas1.8,3.260000,3.110561,14.943899,-0.3740,0.884261
C_cascode_n33_tt_l2e-6_w2e-5_dc_vcas1.8,3.280000,3.130549,14.945134,-0.3658,0.884261
C_cascode_n33_tt_l2e-6_w2e-5_dc_vcas1.8,3.300000,3.150535,14.946478,-0.3568,0.884261
C_cascode_n33_tt_l2e-6_w2e-5_dc_vcas2.0,0.000000,0.000000,-0.000000,-100.0000,0.884261
C_cascode_n33_tt_l2e-6_w2e-5_dc_vcas2.0,0.020000,0.006053,1.394688,-90.7021,0.884261
C_cascode_n33_tt_l2e-6_w2e-5_dc_vcas2.0,0.040000,0.012321,2.767883,-81.5474,0.884261
C_cascode_n33_tt_l2e-6_w2e-5_dc_vcas2.0,0.060000,0.018831,4.116891,-72.5541,0.884261
C_cascode_n33_tt_l2e-6_w2e-5_dc_vcas2.0,0.080000,0.025616,5.438395,-63.7440,0.884261
C_cascode_n33_tt_l2e-6_w2e-5_dc_vcas2.0,0.100000,0.032718,6.728227,-55.1452,0.884261
C_cascode_n33_tt_l2e-6_w2e-5_dc_vcas2.0,0.120000,0.040190,7.981035,-46.7931,0.884261
C_cascode_n33_tt_l2e-6_w2e-5_dc_vcas2.0,0.140000,0.048103,9.189748,-38.7350,0.884261
C_cascode_n33_tt_l2e-6_w2e-5_dc_vcas2.0,0.160000,0.056553,10.344691,-31.0354,0.884261
C_cascode_n33_tt_l2e-6_w2e-5_dc_vcas2.0,0.180000,0.065680,11.432022,-23.7865,0.884261
C_cascode_n33_tt_l2e-6_w2e-5_dc_vcas2.0,0.200000,0.075692,12.430754,-17.1283,0.884261
C_cascode_n33_tt_l2e-6_w2e-5_dc_vcas2.0,0.220000,0.086934,13.306594,-11.2894,0.884261
C_cascode_n33_tt_l2e-6_w2e-5_dc_vcas2.0,0.240000,0.100010,13.998960,-6.6736,0.884261
C_cascode_n33_tt_l2e-6_w2e-5_dc_vcas2.0,0.260000,0.115870,14.413027,-3.9132,0.884261
C_cascode_n33_tt_l2e-6_w2e-5_dc_vcas2.0,0.280000,0.134392,14.560772,-2.9282,0.884261
C_cascode_n33_tt_l2e-6_w2e-5_dc_vcas2.0,0.300000,0.153818,14.618185,-2.5454,0.884261
C_cascode_n33_tt_l2e-6_w2e-5_dc_vcas2.0,0.320000,0.173462,14.653817,-2.3079,0.884261
C_cascode_n33_tt_l2e-6_w2e-5_dc_vcas2.0,0.340000,0.193191,14.680908,-2.1273,0.884261
C_cascode_n33_tt_l2e-6_w2e-5_dc_vcas2.0,0.360000,0.212967,14.703262,-1.9783,0.884261
C_cascode_n33_tt_l2e-6_w2e-5_dc_vcas2.0,0.380000,0.232775,14.722508,-1.8499,0.884261
C_cascode_n33_tt_l2e-6_w2e-5_dc_vcas2.0,0.400000,0.252605,14.739520,-1.7365,0.884261
C_cascode_n33_tt_l2e-6_w2e-5_dc_vcas2.0,0.420000,0.272452,14.754837,-1.6344,0.884261
C_cascode_n33_tt_l2e-6_w2e-5_dc_vcas2.0,0.440000,0.292312,14.768818,-1.5412,0.884261
C_cascode_n33_tt_l2e-6_w2e-5_dc_vcas2.0,0.460000,0.312183,14.781714,-1.4552,0.884261
C_cascode_n33_tt_l2e-6_w2e-5_dc_vcas2.0,0.480000,0.332063,14.793712,-1.3753,0.884261
C_cascode_n33_tt_l2e-6_w2e-5_dc_vcas2.0,0.500000,0.351950,14.804952,-1.3003,0.884261
C_cascode_n33_tt_l2e-6_w2e-5_dc_vcas2.0,0.520000,0.371845,14.815543,-1.2297,0.884261
C_cascode_n33_tt_l2e-6_w2e-5_dc_vcas2.0,0.540000,0.391744,14.825570,-1.1629,0.884261
C_cascode_n33_tt_l2e-6_w2e-5_dc_vcas2.0,0.560000,0.411649,14.835105,-1.0993,0.884261
C_cascode_n33_tt_l2e-6_w2e-5_dc_vcas2.0,0.580000,0.431558,14.844202,-1.0387,0.884261
C_cascode_n33_tt_l2e-6_w2e-5_dc_vcas2.0,0.600000,0.451471,14.852909,-0.9806,0.884261
C_cascode_n33_tt_l2e-6_w2e-5_dc_vcas2.0,0.620000,0.471387,14.861263,-0.9249,0.884261
C_cascode_n33_tt_l2e-6_w2e-5_dc_vcas2.0,0.640000,0.491307,14.869298,-0.8713,0.884261
C_cascode_n33_tt_l2e-6_w2e-5_dc_vcas2.0,0.660000,0.511230,14.877039,-0.8197,0.884261
C_cascode_n33_tt_l2e-6_w2e-5_dc_vcas2.0,0.680000,0.531155,14.884509,-0.7699,0.884261
C_cascode_n33_tt_l2e-6_w2e-5_dc_vcas2.0,0.700000,0.551083,14.891727,-0.7218,0.884261
C_cascode_n33_tt_l2e-6_w2e-5_dc_vcas2.0,0.720000,0.571013,14.898706,-0.6753,0.884261
C_cascode_n33_tt_l2e-6_w2e-5_dc_vcas2.0,0.740000,0.590945,14.905459,-0.6303,0.884261
C_cascode_n33_tt_l2e-6_w2e-5_dc_vcas2.0,0.760000,0.610880,14.911993,-0.5867,0.884261
C_cascode_n33_tt_l2e-6_w2e-5_dc_vcas2.0,0.780000,0.630817,14.918314,-0.5446,0.884261
C_cascode_n33_tt_l2e-6_w2e-5_dc_vcas2.0,0.800000,0.650756,14.924425,-0.5038,0.884261
C_cascode_n33_tt_l2e-6_w2e-5_dc_vcas2.0,0.820000,0.670697,14.930322,-0.4645,0.884261
C_cascode_n33_tt_l2e-6_w2e-5_dc_vcas2.0,0.840000,0.690640,14.936000,-0.4267,0.884261
C_cascode_n33_tt_l2e-6_w2e-5_dc_vcas2.0,0.860000,0.710586,14.941450,-0.3903,0.884261
C_cascode_n33_tt_l2e-6_w2e-5_dc_vcas2.0,0.880000,0.730533,14.946654,-0.3556,0.884261
C_cascode_n33_tt_l2e-6_w2e-5_dc_vcas2.0,0.900000,0.750484,14.951590,-0.3227,0.884261
C_cascode_n33_tt_l2e-6_w2e-5_dc_vcas2.0,0.920000,0.770438,14.956228,-0.2918,0.884261
C_cascode_n33_tt_l2e-6_w2e-5_dc_vcas2.0,0.940000,0.790395,14.960529,-0.2631,0.884261
C_cascode_n33_tt_l2e-6_w2e-5_dc_vcas2.0,0.960000,0.810356,14.964443,-0.2370,0.884261
C_cascode_n33_tt_l2e-6_w2e-5_dc_vcas2.0,0.980000,0.830321,14.967905,-0.2140,0.884261
C_cascode_n33_tt_l2e-6_w2e-5_dc_vcas2.0,1.000000,0.850292,14.970840,-0.1944,0.884261
C_cascode_n33_tt_l2e-6_w2e-5_dc_vcas2.0,1.020000,0.870268,14.973153,-0.1790,0.884261
C_cascode_n33_tt_l2e-6_w2e-5_dc_vcas2.0,1.040000,0.890253,14.974739,-0.1684,0.884261
C_cascode_n33_tt_l2e-6_w2e-5_dc_vcas2.0,1.060000,0.910245,14.975534,-0.1631,0.884261
C_cascode_n33_tt_l2e-6_w2e-5_dc_vcas2.0,1.080000,0.930242,14.975775,-0.1615,0.884261
C_cascode_n33_tt_l2e-6_w2e-5_dc_vcas2.0,1.100000,0.950241,14.975857,-0.1610,0.884261
C_cascode_n33_tt_l2e-6_w2e-5_dc_vcas2.0,1.120000,0.970241,14.975906,-0.1606,0.884261
C_cascode_n33_tt_l2e-6_w2e-5_dc_vcas2.0,1.140000,0.990241,14.975942,-0.1604,0.884261
C_cascode_n33_tt_l2e-6_w2e-5_dc_vcas2.0,1.160000,1.010240,14.975972,-0.1602,0.884261
C_cascode_n33_tt_l2e-6_w2e-5_dc_vcas2.0,1.180000,1.030240,14.975998,-0.1600,0.884261
C_cascode_n33_tt_l2e-6_w2e-5_dc_vcas2.0,1.200000,1.050240,14.976020,-0.1599,0.884261
C_cascode_n33_tt_l2e-6_w2e-5_dc_vcas2.0,1.220000,1.070240,14.976041,-0.1597,0.884261
C_cascode_n33_tt_l2e-6_w2e-5_dc_vcas2.0,1.240000,1.090239,14.976059,-0.1596,0.884261
C_cascode_n33_tt_l2e-6_w2e-5_dc_vcas2.0,1.260000,1.110239,14.976077,-0.1595,0.884261
C_cascode_n33_tt_l2e-6_w2e-5_dc_vcas2.0,1.280000,1.130239,14.976092,-0.1594,0.884261
C_cascode_n33_tt_l2e-6_w2e-5_dc_vcas2.0,1.300000,1.150239,14.976107,-0.1593,0.884261
C_cascode_n33_tt_l2e-6_w2e-5_dc_vcas2.0,1.320000,1.170239,14.976122,-0.1592,0.884261
C_cascode_n33_tt_l2e-6_w2e-5_dc_vcas2.0,1.340000,1.190239,14.976135,-0.1591,0.884261
C_cascode_n33_tt_l2e-6_w2e-5_dc_vcas2.0,1.360000,1.210239,14.976148,-0.1590,0.884261
C_cascode_n33_tt_l2e-6_w2e-5_dc_vcas2.0,1.380000,1.230238,14.976160,-0.1589,0.884261
C_cascode_n33_tt_l2e-6_w2e-5_dc_vcas2.0,1.400000,1.250238,14.976171,-0.1589,0.884261
C_cascode_n33_tt_l2e-6_w2e-5_dc_vcas2.0,1.420000,1.270238,14.976183,-0.1588,0.884261
C_cascode_n33_tt_l2e-6_w2e-5_dc_vcas2.0,1.440000,1.290238,14.976193,-0.1587,0.884261
C_cascode_n33_tt_l2e-6_w2e-5_dc_vcas2.0,1.460000,1.310238,14.976204,-0.1586,0.884261
C_cascode_n33_tt_l2e-6_w2e-5_dc_vcas2.0,1.480000,1.330238,14.976214,-0.1586,0.884261
C_cascode_n33_tt_l2e-6_w2e-5_dc_vcas2.0,1.500000,1.350238,14.976224,-0.1585,0.884261
C_cascode_n33_tt_l2e-6_w2e-5_dc_vcas2.0,1.520000,1.370238,14.976233,-0.1584,0.884261
C_cascode_n33_tt_l2e-6_w2e-5_dc_vcas2.0,1.540000,1.390238,14.976243,-0.1584,0.884261
C_cascode_n33_tt_l2e-6_w2e-5_dc_vcas2.0,1.560000,1.410237,14.976252,-0.1583,0.884261
C_cascode_n33_tt_l2e-6_w2e-5_dc_vcas2.0,1.580000,1.430237,14.976261,-0.1583,0.884261
C_cascode_n33_tt_l2e-6_w2e-5_dc_vcas2.0,1.600000,1.450237,14.976269,-0.1582,0.884261
C_cascode_n33_tt_l2e-6_w2e-5_dc_vcas2.0,1.620000,1.470237,14.976278,-0.1581,0.884261
C_cascode_n33_tt_l2e-6_w2e-5_dc_vcas2.0,1.640000,1.490237,14.976286,-0.1581,0.884261
C_cascode_n33_tt_l2e-6_w2e-5_dc_vcas2.0,1.660000,1.510237,14.976294,-0.1580,0.884261
C_cascode_n33_tt_l2e-6_w2e-5_dc_vcas2.0,1.680000,1.530237,14.976302,-0.1580,0.884261
C_cascode_n33_tt_l2e-6_w2e-5_dc_vcas2.0,1.700000,1.550237,14.976310,-0.1579,0.884261
C_cascode_n33_tt_l2e-6_w2e-5_dc_vcas2.0,1.720000,1.570237,14.976317,-0.1579,0.884261
C_cascode_n33_tt_l2e-6_w2e-5_dc_vcas2.0,1.740000,1.590237,14.976325,-0.1578,0.884261
C_cascode_n33_tt_l2e-6_w2e-5_dc_vcas2.0,1.760000,1.610237,14.976332,-0.1578,0.884261
C_cascode_n33_tt_l2e-6_w2e-5_dc_vcas2.0,1.780000,1.630237,14.976340,-0.1577,0.884261
C_cascode_n33_tt_l2e-6_w2e-5_dc_vcas2.0,1.800000,1.650237,14.976347,-0.1577,0.884261
C_cascode_n33_tt_l2e-6_w2e-5_dc_vcas2.0,1.820000,1.670236,14.976354,-0.1576,0.884261
C_cascode_n33_tt_l2e-6_w2e-5_dc_vcas2.0,1.840000,1.690236,14.976361,-0.1576,0.884261
C_cascode_n33_tt_l2e-6_w2e-5_dc_vcas2.0,1.860000,1.710236,14.976368,-0.1575,0.884261
C_cascode_n33_tt_l2e-6_w2e-5_dc_vcas2.0,1.880000,1.730236,14.976375,-0.1575,0.884261
C_cascode_n33_tt_l2e-6_w2e-5_dc_vcas2.0,1.900000,1.750236,14.976382,-0.1575,0.884261
C_cascode_n33_tt_l2e-6_w2e-5_dc_vcas2.0,1.920000,1.770236,14.976388,-0.1574,0.884261
C_cascode_n33_tt_l2e-6_w2e-5_dc_vcas2.0,1.940000,1.790236,14.976395,-0.1574,0.884261
C_cascode_n33_tt_l2e-6_w2e-5_dc_vcas2.0,1.960000,1.810236,14.976402,-0.1573,0.884261
C_cascode_n33_tt_l2e-6_w2e-5_dc_vcas2.0,1.980000,1.830236,14.976408,-0.1573,0.884261
C_cascode_n33_tt_l2e-6_w2e-5_dc_vcas2.0,2.000000,1.850236,14.976414,-0.1572,0.884261
C_cascode_n33_tt_l2e-6_w2e-5_dc_vcas2.0,2.020000,1.870236,14.976421,-0.1572,0.884261
C_cascode_n33_tt_l2e-6_w2e-5_dc_vcas2.0,2.040000,1.890236,14.976427,-0.1572,0.884261
C_cascode_n33_tt_l2e-6_w2e-5_dc_vcas2.0,2.060000,1.910236,14.976433,-0.1571,0.884261
C_cascode_n33_tt_l2e-6_w2e-5_dc_vcas2.0,2.080000,1.930236,14.976439,-0.1571,0.884261
C_cascode_n33_tt_l2e-6_w2e-5_dc_vcas2.0,2.100000,1.950236,14.976445,-0.1570,0.884261
C_cascode_n33_tt_l2e-6_w2e-5_dc_vcas2.0,2.120000,1.970235,14.976452,-0.1570,0.884261
C_cascode_n33_tt_l2e-6_w2e-5_dc_vcas2.0,2.140000,1.990235,14.976458,-0.1569,0.884261
C_cascode_n33_tt_l2e-6_w2e-5_dc_vcas2.0,2.160000,2.010235,14.976464,-0.1569,0.884261
C_cascode_n33_tt_l2e-6_w2e-5_dc_vcas2.0,2.180000,2.030235,14.976469,-0.1569,0.884261
C_cascode_n33_tt_l2e-6_w2e-5_dc_vcas2.0,2.200000,2.050235,14.976475,-0.1568,0.884261
C_cascode_n33_tt_l2e-6_w2e-5_dc_vcas2.0,2.220000,2.070235,14.976481,-0.1568,0.884261
C_cascode_n33_tt_l2e-6_w2e-5_dc_vcas2.0,2.240000,2.090235,14.976487,-0.1568,0.884261
C_cascode_n33_tt_l2e-6_w2e-5_dc_vcas2.0,2.260000,2.110235,14.976493,-0.1567,0.884261
C_cascode_n33_tt_l2e-6_w2e-5_dc_vcas2.0,2.280000,2.130235,14.976499,-0.1567,0.884261
C_cascode_n33_tt_l2e-6_w2e-5_dc_vcas2.0,2.300000,2.150235,14.976504,-0.1566,0.884261
C_cascode_n33_tt_l2e-6_w2e-5_dc_vcas2.0,2.320000,2.170235,14.976510,-0.1566,0.884261
C_cascode_n33_tt_l2e-6_w2e-5_dc_vcas2.0,2.340000,2.190235,14.976516,-0.1566,0.884261
C_cascode_n33_tt_l2e-6_w2e-5_dc_vcas2.0,2.360000,2.210235,14.976522,-0.1565,0.884261
C_cascode_n33_tt_l2e-6_w2e-5_dc_vcas2.0,2.380000,2.230235,14.976527,-0.1565,0.884261
C_cascode_n33_tt_l2e-6_w2e-5_dc_vcas2.0,2.400000,2.250235,14.976533,-0.1564,0.884261
C_cascode_n33_tt_l2e-6_w2e-5_dc_vcas2.0,2.420000,2.270235,14.976539,-0.1564,0.884261
C_cascode_n33_tt_l2e-6_w2e-5_dc_vcas2.0,2.440000,2.290235,14.976545,-0.1564,0.884261
C_cascode_n33_tt_l2e-6_w2e-5_dc_vcas2.0,2.460000,2.310234,14.976552,-0.1563,0.884261
C_cascode_n33_tt_l2e-6_w2e-5_dc_vcas2.0,2.480000,2.330234,14.976558,-0.1563,0.884261
C_cascode_n33_tt_l2e-6_w2e-5_dc_vcas2.0,2.500000,2.350234,14.976565,-0.1562,0.884261
C_cascode_n33_tt_l2e-6_w2e-5_dc_vcas2.0,2.520000,2.370234,14.976572,-0.1562,0.884261
C_cascode_n33_tt_l2e-6_w2e-5_dc_vcas2.0,2.540000,2.390234,14.976580,-0.1561,0.884261
C_cascode_n33_tt_l2e-6_w2e-5_dc_vcas2.0,2.560000,2.410234,14.976588,-0.1561,0.884261
C_cascode_n33_tt_l2e-6_w2e-5_dc_vcas2.0,2.580000,2.430234,14.976596,-0.1560,0.884261
C_cascode_n33_tt_l2e-6_w2e-5_dc_vcas2.0,2.600000,2.450234,14.976606,-0.1560,0.884261
C_cascode_n33_tt_l2e-6_w2e-5_dc_vcas2.0,2.620000,2.470234,14.976617,-0.1559,0.884261
C_cascode_n33_tt_l2e-6_w2e-5_dc_vcas2.0,2.640000,2.490234,14.976629,-0.1558,0.884261
C_cascode_n33_tt_l2e-6_w2e-5_dc_vcas2.0,2.660000,2.510234,14.976642,-0.1557,0.884261
C_cascode_n33_tt_l2e-6_w2e-5_dc_vcas2.0,2.680000,2.530233,14.976657,-0.1556,0.884261
C_cascode_n33_tt_l2e-6_w2e-5_dc_vcas2.0,2.700000,2.550233,14.976674,-0.1555,0.884261
C_cascode_n33_tt_l2e-6_w2e-5_dc_vcas2.0,2.720000,2.570233,14.976694,-0.1554,0.884261
C_cascode_n33_tt_l2e-6_w2e-5_dc_vcas2.0,2.740000,2.590233,14.976716,-0.1552,0.884261
C_cascode_n33_tt_l2e-6_w2e-5_dc_vcas2.0,2.760000,2.610233,14.976742,-0.1551,0.884261
C_cascode_n33_tt_l2e-6_w2e-5_dc_vcas2.0,2.780000,2.630232,14.976771,-0.1549,0.884261
C_cascode_n33_tt_l2e-6_w2e-5_dc_vcas2.0,2.800000,2.650232,14.976805,-0.1546,0.884261
C_cascode_n33_tt_l2e-6_w2e-5_dc_vcas2.0,2.820000,2.670232,14.976844,-0.1544,0.884261
C_cascode_n33_tt_l2e-6_w2e-5_dc_vcas2.0,2.840000,2.690231,14.976889,-0.1541,0.884261
C_cascode_n33_tt_l2e-6_w2e-5_dc_vcas2.0,2.860000,2.710231,14.976940,-0.1537,0.884261
C_cascode_n33_tt_l2e-6_w2e-5_dc_vcas2.0,2.880000,2.730230,14.976999,-0.1533,0.884261
C_cascode_n33_tt_l2e-6_w2e-5_dc_vcas2.0,2.900000,2.750229,14.977067,-0.1529,0.884261
C_cascode_n33_tt_l2e-6_w2e-5_dc_vcas2.0,2.920000,2.770229,14.977144,-0.1524,0.884261
C_cascode_n33_tt_l2e-6_w2e-5_dc_vcas2.0,2.940000,2.790228,14.977233,-0.1518,0.884261
C_cascode_n33_tt_l2e-6_w2e-5_dc_vcas2.0,2.960000,2.810227,14.977333,-0.1511,0.884261
C_cascode_n33_tt_l2e-6_w2e-5_dc_vcas2.0,2.980000,2.830226,14.977448,-0.1503,0.884261
C_cascode_n33_tt_l2e-6_w2e-5_dc_vcas2.0,3.000000,2.850224,14.977579,-0.1495,0.884261
C_cascode_n33_tt_l2e-6_w2e-5_dc_vcas2.0,3.020000,2.870223,14.977726,-0.1485,0.884261
C_cascode_n33_tt_l2e-6_w2e-5_dc_vcas2.0,3.040000,2.890221,14.977894,-0.1474,0.884261
C_cascode_n33_tt_l2e-6_w2e-5_dc_vcas2.0,3.060000,2.910219,14.978082,-0.1461,0.884261
C_cascode_n33_tt_l2e-6_w2e-5_dc_vcas2.0,3.080000,2.930217,14.978295,-0.1447,0.884261
C_cascode_n33_tt_l2e-6_w2e-5_dc_vcas2.0,3.100000,2.950215,14.978533,-0.1431,0.884261
C_cascode_n33_tt_l2e-6_w2e-5_dc_vcas2.0,3.120000,2.970212,14.978801,-0.1413,0.884261
C_cascode_n33_tt_l2e-6_w2e-5_dc_vcas2.0,3.140000,2.990209,14.979101,-0.1393,0.884261
C_cascode_n33_tt_l2e-6_w2e-5_dc_vcas2.0,3.160000,3.010206,14.979436,-0.1371,0.884261
C_cascode_n33_tt_l2e-6_w2e-5_dc_vcas2.0,3.180000,3.030202,14.979809,-0.1346,0.884261
C_cascode_n33_tt_l2e-6_w2e-5_dc_vcas2.0,3.200000,3.050198,14.980225,-0.1318,0.884261
C_cascode_n33_tt_l2e-6_w2e-5_dc_vcas2.0,3.220000,3.070193,14.980686,-0.1288,0.884261
C_cascode_n33_tt_l2e-6_w2e-5_dc_vcas2.0,3.240000,3.090188,14.981197,-0.1254,0.884261
C_cascode_n33_tt_l2e-6_w2e-5_dc_vcas2.0,3.260000,3.110182,14.981762,-0.1216,0.884261
C_cascode_n33_tt_l2e-6_w2e-5_dc_vcas2.0,3.280000,3.130176,14.982387,-0.1174,0.884261
C_cascode_n33_tt_l2e-6_w2e-5_dc_vcas2.0,3.300000,3.150169,14.983075,-0.1128,0.884261
C_cascode_n33_tt_l2e-6_w2e-5_dc_vcas2.2,0.000000,0.000000,-0.000000,-100.0000,0.884261
C_cascode_n33_tt_l2e-6_w2e-5_dc_vcas2.2,0.020000,0.006008,1.399216,-90.6719,0.884261
C_cascode_n33_tt_l2e-6_w2e-5_dc_vcas2.2,0.040000,0.012231,2.776861,-81.4876,0.884261
C_cascode_n33_tt_l2e-6_w2e-5_dc_vcas2.2,0.060000,0.018698,4.130212,-72.4653,0.884261
C_cascode_n33_tt_l2e-6_w2e-5_dc_vcas2.2,0.080000,0.025441,5.455905,-63.6273,0.884261
C_cascode_n33_tt_l2e-6_w2e-5_dc_vcas2.2,0.100000,0.032503,6.749712,-55.0019,0.884261
C_cascode_n33_tt_l2e-6_w2e-5_dc_vcas2.2,0.120000,0.039938,8.006196,-46.6254,0.884261
C_cascode_n33_tt_l2e-6_w2e-5_dc_vcas2.2,0.140000,0.047818,9.218159,-38.5456,0.884261
C_cascode_n33_tt_l2e-6_w2e-5_dc_vcas2.2,0.160000,0.056243,10.375731,-30.8285,0.884261
C_cascode_n33_tt_l2e-6_w2e-5_dc_vcas2.2,0.180000,0.065352,11.464757,-23.5683,0.884261
C_cascode_n33_tt_l2e-6_w2e-5_dc_vcas2.2,0.200000,0.075363,12.463698,-16.9087,0.884261
C_cascode_n33_tt_l2e-6_w2e-5_dc_vcas2.2,0.220000,0.086628,13.337217,-11.0852,0.884261
C_cascode_n33_tt_l2e-6_w2e-5_dc_vcas2.2,0.240000,0.099773,14.022690,-6.5154,0.884261
C_cascode_n33_tt_l2e-6_w2e-5_dc_vcas2.2,0.260000,0.115758,14.424232,-3.8385,0.884261
C_cascode_n33_tt_l2e-6_w2e-5_dc_vcas2.2,0.280000,0.134354,14.564580,-2.9028,0.884261
C_cascode_n33_tt_l2e-6_w2e-5_dc_vcas2.2,0.300000,0.153797,14.620341,-2.5311,0.884261
C_cascode_n33_tt_l2e-6_w2e-5_dc_vcas2.2,0.320000,0.173445,14.655457,-2.2970,0.884261
C_cascode_n33_tt_l2e-6_w2e-5_dc_vcas2.2,0.340000,0.193177,14.682308,-2.1179,0.884261
C_cascode_n33_tt_l2e-6_w2e-5_dc_vcas2.2,0.360000,0.212955,14.704525,-1.9698,0.884261
C_cascode_n33_tt_l2e-6_w2e-5_dc_vcas2.2,0.380000,0.232763,14.723685,-1.8421,0.884261
C_cascode_n33_tt_l2e-6_w2e-5_dc_vcas2.2,0.400000,0.252594,14.740643,-1.7290,0.884261
C_cascode_n33_tt_l2e-6_w2e-5_dc_vcas2.2,0.420000,0.272441,14.755927,-1.6272,0.884261
C_cascode_n33_tt_l2e-6_w2e-5_dc_vcas2.2,0.440000,0.292301,14.769889,-1.5341,0.884261
C_cascode_n33_tt_l2e-6_w2e-5_dc_vcas2.2,0.460000,0.312172,14.782779,-1.4481,0.884261
C_cascode_n33_tt_l2e-6_w2e-5_dc_vcas2.2,0.480000,0.332052,14.794781,-1.3681,0.884261
C_cascode_n33_tt_l2e-6_w2e-5_dc_vcas2.2,0.500000,0.351940,14.806034,-1.2931,0.884261
C_cascode_n33_tt_l2e-6_w2e-5_dc_vcas2.2,0.520000,0.371834,14.816647,-1.2224,0.884261
C_cascode_n33_tt_l2e-6_w2e-5_dc_vcas2.2,0.540000,0.391733,14.826704,-1.1553,0.884261
C_cascode_n33_tt_l2e-6_w2e-5_dc_vcas2.2,0.560000,0.411637,14.836277,-1.0915,0.884261
C_cascode_n33_tt_l2e-6_w2e-5_dc_vcas2.2,0.580000,0.431546,14.845421,-1.0305,0.884261
C_cascode_n33_tt_l2e-6_w2e-5_dc_vcas2.2,0.600000,0.451458,14.854184,-0.9721,0.884261
C_cascode_n33_tt_l2e-6_w2e-5_dc_vcas2.2,0.620000,0.471374,14.862606,-0.9160,0.884261
C_cascode_n33_tt_l2e-6_w2e-5_dc_vcas2.2,0.640000,0.491293,14.870719,-0.8619,0.884261
C_cascode_n33_tt_l2e-6_w2e-5_dc_vcas2.2,0.660000,0.511214,14.878551,-0.8097,0.884261
C_cascode_n33_tt_l2e-6_w2e-5_dc_vcas2.2,0.680000,0.531139,14.886128,-0.7591,0.884261
C_cascode_n33_tt_l2e-6_w2e-5_dc_vcas2.2,0.700000,0.551065,14.893470,-0.7102,0.884261
C_cascode_n33_tt_l2e-6_w2e-5_dc_vcas2.2,0.720000,0.570994,14.900595,-0.6627,0.884261
C_cascode_n33_tt_l2e-6_w2e-5_dc_vcas2.2,0.740000,0.590925,14.907517,-0.6166,0.884261
C_cascode_n33_tt_l2e-6_w2e-5_dc_vcas2.2,0.760000,0.610857,14.914252,-0.5717,0.884261
C_cascode_n33_tt_l2e-6_w2e-5_dc_vcas2.2,0.780000,0.630792,14.920809,-0.5279,0.884261
C_cascode_n33_tt_l2e-6_w2e-5_dc_vcas2.2,0.800000,0.650728,14.927198,-0.4853,0.884261
C_cascode_n33_tt_l2e-6_w2e-5_dc_vcas2.2,0.820000,0.670666,14.933428,-0.4438,0.884261
C_cascode_n33_tt_l2e-6_w2e-5_dc_vcas2.2,0.840000,0.690605,14.939504,-0.4033,0.884261
C_cascode_n33_tt_l2e-6_w2e-5_dc_vcas2.2,0.860000,0.710546,14.945432,-0.3638,0.884261
C_cascode_n33_tt_l2e-6_w2e-5_dc_vcas2.2,0.880000,0.730488,14.951215,-0.3252,0.884261
C_cascode_n33_tt_l2e-6_w2e-5_dc_vcas2.2,0.900000,0.750431,14.956854,-0.2876,0.884261
C_cascode_n33_tt_l2e-6_w2e-5_dc_vcas2.2,0.920000,0.770377,14.962349,-0.2510,0.884261
C_cascode_n33_tt_l2e-6_w2e-5_dc_vcas2.2,0.940000,0.790323,14.967698,-0.2153,0.884261
C_cascode_n33_tt_l2e-6_w2e-5_dc_vcas2.2,0.960000,0.810271,14.972895,-0.1807,0.884261
C_cascode_n33_tt_l2e-6_w2e-5_dc_vcas2.2,0.980000,0.830221,14.977933,-0.1471,0.884261
C_cascode_n33_tt_l2e-6_w2e-5_dc_vcas2.2,1.000000,0.850172,14.982800,-0.1147,0.884261
C_cascode_n33_tt_l2e-6_w2e-5_dc_vcas2.2,1.020000,0.870125,14.987481,-0.0835,0.884261
C_cascode_n33_tt_l2e-6_w2e-5_dc_vcas2.2,1.040000,0.890080,14.991955,-0.0536,0.884261
C_cascode_n33_tt_l2e-6_w2e-5_dc_vcas2.2,1.060000,0.910038,14.996195,-0.0254,0.884261
C_cascode_n33_tt_l2e-6_w2e-5_dc_vcas2.2,1.080000,0.929998,15.000167,0.0011,0.884261
C_cascode_n33_tt_l2e-6_w2e-5_dc_vcas2.2,1.100000,0.949962,15.003828,0.0255,0.884261
C_cascode_n33_tt_l2e-6_w2e-5_dc_vcas2.2,1.120000,0.969929,15.007124,0.0475,0.884261
C_cascode_n33_tt_l2e-6_w2e-5_dc_vcas2.2,1.140000,0.989900,15.009990,0.0666,0.884261
C_cascode_n33_tt_l2e-6_w2e-5_dc_vcas2.2,1.160000,1.009877,15.012348,0.0823,0.884261
C_cascode_n33_tt_l2e-6_w2e-5_dc_vcas2.2,1.180000,1.029859,15.014105,0.0940,0.884261
C_cascode_n33_tt_l2e-6_w2e-5_dc_vcas2.2,1.200000,1.049848,15.015172,0.1011,0.884261
C_cascode_n33_tt_l2e-6_w2e-5_dc_vcas2.2,1.220000,1.069844,15.015588,0.1039,0.884261
C_cascode_n33_tt_l2e-6_w2e-5_dc_vcas2.2,1.240000,1.089843,15.015706,0.1047,0.884261
C_cascode_n33_tt_l2e-6_w2e-5_dc_vcas2.2,1.260000,1.109842,15.015761,0.1051,0.884261
C_cascode_n33_tt_l2e-6_w2e-5_dc_vcas2.2,1.280000,1.129842,15.015799,0.1053,0.884261
C_cascode_n33_tt_l2e-6_w2e-5_dc_vcas2.2,1.300000,1.149842,15.015829,0.1055,0.884261
C_cascode_n33_tt_l2e-6_w2e-5_dc_vcas2.2,1.320000,1.169841,15.015854,0.1057,0.884261
C_cascode_n33_tt_l2e-6_w2e-5_dc_vcas2.2,1.340000,1.189841,15.015876,0.1058,0.884261
C_cascode_n33_tt_l2e-6_w2e-5_dc_vcas2.2,1.360000,1.209841,15.015896,0.1060,0.884261
C_cascode_n33_tt_l2e-6_w2e-5_dc_vcas2.2,1.380000,1.229841,15.015913,0.1061,0.884261
C_cascode_n33_tt_l2e-6_w2e-5_dc_vcas2.2,1.400000,1.249841,15.015930,0.1062,0.884261
C_cascode_n33_tt_l2e-6_w2e-5_dc_vcas2.2,1.420000,1.269841,15.015945,0.1063,0.884261
C_cascode_n33_tt_l2e-6_w2e-5_dc_vcas2.2,1.440000,1.289840,15.015959,0.1064,0.884261
C_cascode_n33_tt_l2e-6_w2e-5_dc_vcas2.2,1.460000,1.309840,15.015972,0.1065,0.884261
C_cascode_n33_tt_l2e-6_w2e-5_dc_vcas2.2,1.480000,1.329840,15.015984,0.1066,0.884261
C_cascode_n33_tt_l2e-6_w2e-5_dc_vcas2.2,1.500000,1.349840,15.015996,0.1066,0.884261
C_cascode_n33_tt_l2e-6_w2e-5_dc_vcas2.2,1.520000,1.369840,15.016008,0.1067,0.884261
C_cascode_n33_tt_l2e-6_w2e-5_dc_vcas2.2,1.540000,1.389840,15.016018,0.1068,0.884261
C_cascode_n33_tt_l2e-6_w2e-5_dc_vcas2.2,1.560000,1.409840,15.016029,0.1069,0.884261
C_cascode_n33_tt_l2e-6_w2e-5_dc_vcas2.2,1.580000,1.429840,15.016039,0.1069,0.884261
C_cascode_n33_tt_l2e-6_w2e-5_dc_vcas2.2,1.600000,1.449840,15.016049,0.1070,0.884261
C_cascode_n33_tt_l2e-6_w2e-5_dc_vcas2.2,1.620000,1.469839,15.016058,0.1071,0.884261
C_cascode_n33_tt_l2e-6_w2e-5_dc_vcas2.2,1.640000,1.489839,15.016067,0.1071,0.884261
C_cascode_n33_tt_l2e-6_w2e-5_dc_vcas2.2,1.660000,1.509839,15.016076,0.1072,0.884261
C_cascode_n33_tt_l2e-6_w2e-5_dc_vcas2.2,1.680000,1.529839,15.016084,0.1072,0.884261
C_cascode_n33_tt_l2e-6_w2e-5_dc_vcas2.2,1.700000,1.549839,15.016093,0.1073,0.884261
C_cascode_n33_tt_l2e-6_w2e-5_dc_vcas2.2,1.720000,1.569839,15.016101,0.1073,0.884261
C_cascode_n33_tt_l2e-6_w2e-5_dc_vcas2.2,1.740000,1.589839,15.016109,0.1074,0.884261
C_cascode_n33_tt_l2e-6_w2e-5_dc_vcas2.2,1.760000,1.609839,15.016117,0.1074,0.884261
C_cascode_n33_tt_l2e-6_w2e-5_dc_vcas2.2,1.780000,1.629839,15.016124,0.1075,0.884261
C_cascode_n33_tt_l2e-6_w2e-5_dc_vcas2.2,1.800000,1.649839,15.016132,0.1075,0.884261
C_cascode_n33_tt_l2e-6_w2e-5_dc_vcas2.2,1.820000,1.669839,15.016139,0.1076,0.884261
C_cascode_n33_tt_l2e-6_w2e-5_dc_vcas2.2,1.840000,1.689839,15.016146,0.1076,0.884261
C_cascode_n33_tt_l2e-6_w2e-5_dc_vcas2.2,1.860000,1.709838,15.016154,0.1077,0.884261
C_cascode_n33_tt_l2e-6_w2e-5_dc_vcas2.2,1.880000,1.729838,15.016160,0.1077,0.884261
C_cascode_n33_tt_l2e-6_w2e-5_dc_vcas2.2,1.900000,1.749838,15.016167,0.1078,0.884261
C_cascode_n33_tt_l2e-6_w2e-5_dc_vcas2.2,1.920000,1.769838,15.016174,0.1078,0.884261
C_cascode_n33_tt_l2e-6_w2e-5_dc_vcas2.2,1.940000,1.789838,15.016181,0.1079,0.884261
C_cascode_n33_tt_l2e-6_w2e-5_dc_vcas2.2,1.960000,1.809838,15.016187,0.1079,0.884261
C_cascode_n33_tt_l2e-6_w2e-5_dc_vcas2.2,1.980000,1.829838,15.016194,0.1080,0.884261
C_cascode_n33_tt_l2e-6_w2e-5_dc_vcas2.2,2.000000,1.849838,15.016200,0.1080,0.884261
C_cascode_n33_tt_l2e-6_w2e-5_dc_vcas2.2,2.020000,1.869838,15.016206,0.1080,0.884261
C_cascode_n33_tt_l2e-6_w2e-5_dc_vcas2.2,2.040000,1.889838,15.016213,0.1081,0.884261
C_cascode_n33_tt_l2e-6_w2e-5_dc_vcas2.2,2.060000,1.909838,15.016219,0.1081,0.884261
C_cascode_n33_tt_l2e-6_w2e-5_dc_vcas2.2,2.080000,1.929838,15.016225,0.1082,0.884261
C_cascode_n33_tt_l2e-6_w2e-5_dc_vcas2.2,2.100000,1.949838,15.016231,0.1082,0.884261
C_cascode_n33_tt_l2e-6_w2e-5_dc_vcas2.2,2.120000,1.969838,15.016237,0.1082,0.884261
C_cascode_n33_tt_l2e-6_w2e-5_dc_vcas2.2,2.140000,1.989838,15.016243,0.1083,0.884261
C_cascode_n33_tt_l2e-6_w2e-5_dc_vcas2.2,2.160000,2.009838,15.016248,0.1083,0.884261
C_cascode_n33_tt_l2e-6_w2e-5_dc_vcas2.2,2.180000,2.029837,15.016254,0.1084,0.884261
C_cascode_n33_tt_l2e-6_w2e-5_dc_vcas2.2,2.200000,2.049837,15.016260,0.1084,0.884261
C_cascode_n33_tt_l2e-6_w2e-5_dc_vcas2.2,2.220000,2.069837,15.016266,0.1084,0.884261
C_cascode_n33_tt_l2e-6_w2e-5_dc_vcas2.2,2.240000,2.089837,15.016271,0.1085,0.884261
C_cascode_n33_tt_l2e-6_w2e-5_dc_vcas2.2,2.260000,2.109837,15.016277,0.1085,0.884261
C_cascode_n33_tt_l2e-6_w2e-5_dc_vcas2.2,2.280000,2.129837,15.016282,0.1085,0.884261
C_cascode_n33_tt_l2e-6_w2e-5_dc_vcas2.2,2.300000,2.149837,15.016288,0.1086,0.884261
C_cascode_n33_tt_l2e-6_w2e-5_dc_vcas2.2,2.320000,2.169837,15.016293,0.1086,0.884261
C_cascode_n33_tt_l2e-6_w2e-5_dc_vcas2.2,2.340000,2.189837,15.016299,0.1087,0.884261
C_cascode_n33_tt_l2e-6_w2e-5_dc_vcas2.2,2.360000,2.209837,15.016304,0.1087,0.884261
C_cascode_n33_tt_l2e-6_w2e-5_dc_vcas2.2,2.380000,2.229837,15.016309,0.1087,0.884261
C_cascode_n33_tt_l2e-6_w2e-5_dc_vcas2.2,2.400000,2.249837,15.016315,0.1088,0.884261
C_cascode_n33_tt_l2e-6_w2e-5_dc_vcas2.2,2.420000,2.269837,15.016320,0.1088,0.884261
C_cascode_n33_tt_l2e-6_w2e-5_dc_vcas2.2,2.440000,2.289837,15.016325,0.1088,0.884261
C_cascode_n33_tt_l2e-6_w2e-5_dc_vcas2.2,2.460000,2.309837,15.016330,0.1089,0.884261
C_cascode_n33_tt_l2e-6_w2e-5_dc_vcas2.2,2.480000,2.329837,15.016336,0.1089,0.884261
C_cascode_n33_tt_l2e-6_w2e-5_dc_vcas2.2,2.500000,2.349837,15.016341,0.1089,0.884261
C_cascode_n33_tt_l2e-6_w2e-5_dc_vcas2.2,2.520000,2.369837,15.016346,0.1090,0.884261
C_cascode_n33_tt_l2e-6_w2e-5_dc_vcas2.2,2.540000,2.389836,15.016352,0.1090,0.884261
C_cascode_n33_tt_l2e-6_w2e-5_dc_vcas2.2,2.560000,2.409836,15.016357,0.1090,0.884261
C_cascode_n33_tt_l2e-6_w2e-5_dc_vcas2.2,2.580000,2.429836,15.016363,0.1091,0.884261
C_cascode_n33_tt_l2e-6_w2e-5_dc_vcas2.2,2.600000,2.449836,15.016368,0.1091,0.884261
C_cascode_n33_tt_l2e-6_w2e-5_dc_vcas2.2,2.620000,2.469836,15.016374,0.1092,0.884261
C_cascode_n33_tt_l2e-6_w2e-5_dc_vcas2.2,2.640000,2.489836,15.016380,0.1092,0.884261
C_cascode_n33_tt_l2e-6_w2e-5_dc_vcas2.2,2.660000,2.509836,15.016387,0.1092,0.884261
C_cascode_n33_tt_l2e-6_w2e-5_dc_vcas2.2,2.680000,2.529836,15.016394,0.1093,0.884261
C_cascode_n33_tt_l2e-6_w2e-5_dc_vcas2.2,2.700000,2.549836,15.016401,0.1093,0.884261
C_cascode_n33_tt_l2e-6_w2e-5_dc_vcas2.2,2.720000,2.569836,15.016409,0.1094,0.884261
C_cascode_n33_tt_l2e-6_w2e-5_dc_vcas2.2,2.740000,2.589836,15.016418,0.1095,0.884261
C_cascode_n33_tt_l2e-6_w2e-5_dc_vcas2.2,2.760000,2.609836,15.016428,0.1095,0.884261
C_cascode_n33_tt_l2e-6_w2e-5_dc_vcas2.2,2.780000,2.629836,15.016439,0.1096,0.884261
C_cascode_n33_tt_l2e-6_w2e-5_dc_vcas2.2,2.800000,2.649835,15.016451,0.1097,0.884261
C_cascode_n33_tt_l2e-6_w2e-5_dc_vcas2.2,2.820000,2.669835,15.016464,0.1098,0.884261
C_cascode_n33_tt_l2e-6_w2e-5_dc_vcas2.2,2.840000,2.689835,15.016480,0.1099,0.884261
C_cascode_n33_tt_l2e-6_w2e-5_dc_vcas2.2,2.860000,2.709835,15.016498,0.1100,0.884261
C_cascode_n33_tt_l2e-6_w2e-5_dc_vcas2.2,2.880000,2.729835,15.016518,0.1101,0.884261
C_cascode_n33_tt_l2e-6_w2e-5_dc_vcas2.2,2.900000,2.749835,15.016542,0.1103,0.884261
C_cascode_n33_tt_l2e-6_w2e-5_dc_vcas2.2,2.920000,2.769834,15.016569,0.1105,0.884261
C_cascode_n33_tt_l2e-6_w2e-5_dc_vcas2.2,2.940000,2.789834,15.016600,0.1107,0.884261
C_cascode_n33_tt_l2e-6_w2e-5_dc_vcas2.2,2.960000,2.809834,15.016636,0.1109,0.884261
C_cascode_n33_tt_l2e-6_w2e-5_dc_vcas2.2,2.980000,2.829833,15.016678,0.1112,0.884261
C_cascode_n33_tt_l2e-6_w2e-5_dc_vcas2.2,3.000000,2.849833,15.016725,0.1115,0.884261
C_cascode_n33_tt_l2e-6_w2e-5_dc_vcas2.2,3.020000,2.869832,15.016780,0.1119,0.884261
C_cascode_n33_tt_l2e-6_w2e-5_dc_vcas2.2,3.040000,2.889832,15.016843,0.1123,0.884261
C_cascode_n33_tt_l2e-6_w2e-5_dc_vcas2.2,3.060000,2.909831,15.016915,0.1128,0.884261
C_cascode_n33_tt_l2e-6_w2e-5_dc_vcas2.2,3.080000,2.929830,15.016997,0.1133,0.884261
C_cascode_n33_tt_l2e-6_w2e-5_dc_vcas2.2,3.100000,2.949829,15.017092,0.1139,0.884261
C_cascode_n33_tt_l2e-6_w2e-5_dc_vcas2.2,3.120000,2.969828,15.017199,0.1147,0.884261
C_cascode_n33_tt_l2e-6_w2e-5_dc_vcas2.2,3.140000,2.989827,15.017321,0.1155,0.884261
C_cascode_n33_tt_l2e-6_w2e-5_dc_vcas2.2,3.160000,3.009825,15.017460,0.1164,0.884261
C_cascode_n33_tt_l2e-6_w2e-5_dc_vcas2.2,3.180000,3.029824,15.017617,0.1174,0.884261
C_cascode_n33_tt_l2e-6_w2e-5_dc_vcas2.2,3.200000,3.049822,15.017794,0.1186,0.884261
C_cascode_n33_tt_l2e-6_w2e-5_dc_vcas2.2,3.220000,3.069820,15.017995,0.1200,0.884261
C_cascode_n33_tt_l2e-6_w2e-5_dc_vcas2.2,3.240000,3.089818,15.018220,0.1215,0.884261
C_cascode_n33_tt_l2e-6_w2e-5_dc_vcas2.2,3.260000,3.109815,15.018473,0.1232,0.884261
C_cascode_n33_tt_l2e-6_w2e-5_dc_vcas2.2,3.280000,3.129812,15.018756,0.1250,0.884261
C_cascode_n33_tt_l2e-6_w2e-5_dc_vcas2.2,3.300000,3.149809,15.019074,0.1272,0.884261
C_cascode_n33_tt_l2e-6_w2e-5_dc_vcas2.4,0.000000,0.000000,-0.000000,-100.0000,0.884261
C_cascode_n33_tt_l2e-6_w2e-5_dc_vcas2.4,0.020000,0.005975,1.402466,-90.6502,0.884261
C_cascode_n33_tt_l2e-6_w2e-5_dc_vcas2.4,0.040000,0.012167,2.783297,-81.4447,0.884261
C_cascode_n33_tt_l2e-6_w2e-5_dc_vcas2.4,0.060000,0.018603,4.139745,-72.4017,0.884261
C_cascode_n33_tt_l2e-6_w2e-5_dc_vcas2.4,0.080000,0.025316,5.468413,-63.5439,0.884261
C_cascode_n33_tt_l2e-6_w2e-5_dc_vcas2.4,0.100000,0.032350,6.765029,-54.8998,0.884261
C_cascode_n33_tt_l2e-6_w2e-5_dc_vcas2.4,0.120000,0.039759,8.024094,-46.5060,0.884261
C_cascode_n33_tt_l2e-6_w2e-5_dc_vcas2.4,0.140000,0.047617,9.238318,-38.4112,0.884261
C_cascode_n33_tt_l2e-6_w2e-5_dc_vcas2.4,0.160000,0.056023,10.397693,-30.6820,0.884261
C_cascode_n33_tt_l2e-6_w2e-5_dc_vcas2.4,0.180000,0.065122,11.487836,-23.4144,0.884261
C_cascode_n33_tt_l2e-6_w2e-5_dc_vcas2.4,0.200000,0.075132,12.486817,-16.7546,0.884261
C_cascode_n33_tt_l2e-6_w2e-5_dc_vcas2.4,0.220000,0.086415,13.358549,-10.9430,0.884261
C_cascode_n33_tt_l2e-6_w2e-5_dc_vcas2.4,0.240000,0.099610,14.038967,-6.4069,0.884261
C_cascode_n33_tt_l2e-6_w2e-5_dc_vcas2.4,0.260000,0.115683,14.431667,-3.7889,0.884261
C_cascode_n33_tt_l2e-6_w2e-5_dc_vcas2.4,0.280000,0.134329,14.567115,-2.8859,0.884261
C_cascode_n33_tt_l2e-6_w2e-5_dc_vcas2.4,0.300000,0.153782,14.621790,-2.5214,0.884261
C_cascode_n33_tt_l2e-6_w2e-5_dc_vcas2.4,0.320000,0.173434,14.656560,-2.2896,0.884261
C_cascode_n33_tt_l2e-6_w2e-5_dc_vcas2.4,0.340000,0.193168,14.683244,-2.1117,0.884261
C_cascode_n33_tt_l2e-6_w2e-5_dc_vcas2.4,0.360000,0.212946,14.705364,-1.9642,0.884261
C_cascode_n33_tt_l2e-6_w2e-5_dc_vcas2.4,0.380000,0.232755,14.724461,-1.8369,0.884261
C_cascode_n33_tt_l2e-6_w2e-5_dc_vcas2.4,0.400000,0.252586,14.741377,-1.7242,0.884261
C_cascode_n33_tt_l2e-6_w2e-5_dc_vcas2.4,0.420000,0.272434,14.756632,-1.6225,0.884261
C_cascode_n33_tt_l2e-6_w2e-5_dc_vcas2.4,0.440000,0.292294,14.770576,-1.5295,0.884261
C_cascode_n33_tt_l2e-6_w2e-5_dc_vcas2.4,0.460000,0.312165,14.783455,-1.4436,0.884261
C_cascode_n33_tt_l2e-6_w2e-5_dc_vcas2.4,0.480000,0.332045,14.795452,-1.3637,0.884261
C_cascode_n33_tt_l2e-6_w2e-5_dc_vcas2.4,0.500000,0.351933,14.806705,-1.2886,0.884261
C_cascode_n33_tt_l2e-6_w2e-5_dc_vcas2.4,0.520000,0.371827,14.817322,-1.2179,0.884261
C_cascode_n33_tt_l2e-6_w2e-5_dc_vcas2.4,0.540000,0.391726,14.827388,-1.1507,0.884261
C_cascode_n33_tt_l2e-6_w2e-5_dc_vcas2.4,0.560000,0.411630,14.836973,-1.0868,0.884261
C_cascode_n33_tt_l2e-6_w2e-5_dc_vcas2.4,0.580000,0.431539,14.846134,-1.0258,0.884261
C_cascode_n33_tt_l2e-6_w2e-5_dc_vcas2.4,0.600000,0.451451,14.854917,-0.9672,0.884261
C_cascode_n33_tt_l2e-6_w2e-5_dc_vcas2.4,0.620000,0.471366,14.863363,-0.9109,0.884261
C_cascode_n33_tt_l2e-6_w2e-5_dc_vcas2.4,0.640000,0.491285,14.871504,-0.8566,0.884261
C_cascode_n33_tt_l2e-6_w2e-5_dc_vcas2.4,0.660000,0.511206,14.879370,-0.8042,0.884261
C_cascode_n33_tt_l2e-6_w2e-5_dc_vcas2.4,0.680000,0.531130,14.886984,-0.7534,0.884261
C_cascode_n33_tt_l2e-6_w2e-5_dc_vcas2.4,0.700000,0.551056,14.894369,-0.7042,0.884261
C_cascode_n33_tt_l2e-6_w2e-5_dc_vcas2.4,0.720000,0.570985,14.901543,-0.6564,0.884261
C_cascode_n33_tt_l2e-6_w2e-5_dc_vcas2.4,0.740000,0.590915,14.908523,-0.6098,0.884261
C_cascode_n33_tt_l2e-6_w2e-5_dc_vcas2.4,0.760000,0.610847,14.915321,-0.5645,0.884261
C_cascode_n33_tt_l2e-6_w2e-5_dc_vcas2.4,0.780000,0.630780,14.921952,-0.5203,0.884261
C_cascode_n33_tt_l2e-6_w2e-5_dc_vcas2.4,0.800000,0.650716,14.928425,-0.4772,0.884261
C_cascode_n33_tt_l2e-6_w2e-5_dc_vcas2.4,0.820000,0.670652,14.934751,-0.4350,0.884261
C_cascode_n33_tt_l2e-6_w2e-5_dc_vcas2.4,0.840000,0.690591,14.940939,-0.3937,0.884261
C_cascode_n33_tt_l2e-6_w2e-5_dc_vcas2.4,0.860000,0.710530,14.946996,-0.3534,0.884261
C_cascode_n33_tt_l2e-6_w2e-5_dc_vcas2.4,0.880000,0.730471,14.952927,-0.3138,0.884261
C_cascode_n33_tt_l2e-6_w2e-5_dc_vcas2.4,0.900000,0.750413,14.958741,-0.2751,0.884261
C_cascode_n33_tt_l2e-6_w2e-5_dc_vcas2.4,0.920000,0.770356,14.964440,-0.2371,0.884261
C_cascode_n33_tt_l2e-6_w2e-5_dc_vcas2.4,0.940000,0.790300,14.970029,-0.1998,0.884261
C_cascode_n33_tt_l2e-6_w2e-5_dc_vcas2.4,0.960000,0.810245,14.975511,-0.1633,0.884261
C_cascode_n33_tt_l2e-6_w2e-5_dc_vcas2.4,0.980000,0.830191,14.980889,-0.1274,0.884261
C_cascode_n33_tt_l2e-6_w2e-5_dc_vcas2.4,1.000000,0.850138,14.986163,-0.0922,0.884261
C_cascode_n33_tt_l2e-6_w2e-5_dc_vcas2.4,1.020000,0.870087,14.991335,-0.0578,0.884261
C_cascode_n33_tt_l2e-6_w2e-5_dc_vcas2.4,1.040000,0.890036,14.996403,-0.0240,0.884261
C_cascode_n33_tt_l2e-6_w2e-5_dc_vcas2.4,1.060000,0.909986,15.001365,0.0091,0.884261
C_cascode_n33_tt_l2e-6_w2e-5_dc_vcas2.4,1.080000,0.929938,15.006218,0.0415,0.884261
C_cascode_n33_tt_l2e-6_w2e-5_dc_vcas2.4,1.100000,0.949890,15.010955,0.0730,0.884261
C_cascode_n33_tt_l2e-6_w2e-5_dc_vcas2.4,1.120000,0.969844,15.015570,0.1038,0.884261
C_cascode_n33_tt_l2e-6_w2e-5_dc_vcas2.4,1.140000,0.989799,15.020052,0.1337,0.884261
C_cascode_n33_tt_l2e-6_w2e-5_dc_vcas2.4,1.160000,1.009756,15.024386,0.1626,0.884261
C_cascode_n33_tt_l2e-6_w2e-5_dc_vcas2.4,1.180000,1.029714,15.028555,0.1904,0.884261
C_cascode_n33_tt_l2e-6_w2e-5_dc_vcas2.4,1.200000,1.049675,15.032534,0.2169,0.884261
C_cascode_n33_tt_l2e-6_w2e-5_dc_vcas2.4,1.220000,1.069637,15.036295,0.2420,0.884261
C_cascode_n33_tt_l2e-6_w2e-5_dc_vcas2.4,1.240000,1.089602,15.039802,0.2653,0.884261
C_cascode_n33_tt_l2e-6_w2e-5_dc_vcas2.4,1.260000,1.109570,15.043008,0.2867,0.884261
C_cascode_n33_tt_l2e-6_w2e-5_dc_vcas2.4,1.280000,1.129541,15.045859,0.3057,0.884261
C_cascode_n33_tt_l2e-6_w2e-5_dc_vcas2.4,1.300000,1.149517,15.048289,0.3219,0.884261
C_cascode_n33_tt_l2e-6_w2e-5_dc_vcas2.4,1.320000,1.169498,15.050219,0.3348,0.884261
C_cascode_n33_tt_l2e-6_w2e-5_dc_vcas2.4,1.340000,1.189484,15.051563,0.3438,0.884261
C_cascode_n33_tt_l2e-6_w2e-5_dc_vcas2.4,1.360000,1.209477,15.052260,0.3484,0.884261
C_cascode_n33_tt_l2e-6_w2e-5_dc_vcas2.4,1.380000,1.229475,15.052480,0.3499,0.884261
C_cascode_n33_tt_l2e-6_w2e-5_dc_vcas2.4,1.400000,1.249474,15.052554,0.3504,0.884261
C_cascode_n33_tt_l2e-6_w2e-5_dc_vcas2.4,1.420000,1.269474,15.052596,0.3506,0.884261
C_cascode_n33_tt_l2e-6_w2e-5_dc_vcas2.4,1.440000,1.289474,15.052627,0.3508,0.884261
C_cascode_n33_tt_l2e-6_w2e-5_dc_vcas2.4,1.460000,1.309473,15.052653,0.3510,0.884261
C_cascode_n33_tt_l2e-6_w2e-5_dc_vcas2.4,1.480000,1.329473,15.052675,0.3512,0.884261
C_cascode_n33_tt_l2e-6_w2e-5_dc_vcas2.4,1.500000,1.349473,15.052694,0.3513,0.884261
C_cascode_n33_tt_l2e-6_w2e-5_dc_vcas2.4,1.520000,1.369473,15.052712,0.3514,0.884261
C_cascode_n33_tt_l2e-6_w2e-5_dc_vcas2.4,1.540000,1.389473,15.052728,0.3515,0.884261
C_cascode_n33_tt_l2e-6_w2e-5_dc_vcas2.4,1.560000,1.409473,15.052742,0.3516,0.884261
C_cascode_n33_tt_l2e-6_w2e-5_dc_vcas2.4,1.580000,1.429472,15.052756,0.3517,0.884261
C_cascode_n33_tt_l2e-6_w2e-5_dc_vcas2.4,1.600000,1.449472,15.052769,0.3518,0.884261
C_cascode_n33_tt_l2e-6_w2e-5_dc_vcas2.4,1.620000,1.469472,15.052781,0.3519,0.884261
C_cascode_n33_tt_l2e-6_w2e-5_dc_vcas2.4,1.640000,1.489472,15.052792,0.3519,0.884261
C_cascode_n33_tt_l2e-6_w2e-5_dc_vcas2.4,1.660000,1.509472,15.052803,0.3520,0.884261
C_cascode_n33_tt_l2e-6_w2e-5_dc_vcas2.4,1.680000,1.529472,15.052813,0.3521,0.884261
C_cascode_n33_tt_l2e-6_w2e-5_dc_vcas2.4,1.700000,1.549472,15.052823,0.3522,0.884261
C_cascode_n33_tt_l2e-6_w2e-5_dc_vcas2.4,1.720000,1.569472,15.052833,0.3522,0.884261
C_cascode_n33_tt_l2e-6_w2e-5_dc_vcas2.4,1.740000,1.589472,15.052842,0.3523,0.884261
C_cascode_n33_tt_l2e-6_w2e-5_dc_vcas2.4,1.760000,1.609471,15.052851,0.3523,0.884261
C_cascode_n33_tt_l2e-6_w2e-5_dc_vcas2.4,1.780000,1.629471,15.052859,0.3524,0.884261
C_cascode_n33_tt_l2e-6_w2e-5_dc_vcas2.4,1.800000,1.649471,15.052868,0.3525,0.884261
C_cascode_n33_tt_l2e-6_w2e-5_dc_vcas2.4,1.820000,1.669471,15.052876,0.3525,0.884261
C_cascode_n33_tt_l2e-6_w2e-5_dc_vcas2.4,1.840000,1.689471,15.052884,0.3526,0.884261
C_cascode_n33_tt_l2e-6_w2e-5_dc_vcas2.4,1.860000,1.709471,15.052892,0.3526,0.884261
C_cascode_n33_tt_l2e-6_w2e-5_dc_vcas2.4,1.880000,1.729471,15.052899,0.3527,0.884261
C_cascode_n33_tt_l2e-6_w2e-5_dc_vcas2.4,1.900000,1.749471,15.052906,0.3527,0.884261
C_cascode_n33_tt_l2e-6_w2e-5_dc_vcas2.4,1.920000,1.769471,15.052914,0.3528,0.884261
C_cascode_n33_tt_l2e-6_w2e-5_dc_vcas2.4,1.940000,1.789471,15.052921,0.3528,0.884261
C_cascode_n33_tt_l2e-6_w2e-5_dc_vcas2.4,1.960000,1.809471,15.052928,0.3529,0.884261
C_cascode_n33_tt_l2e-6_w2e-5_dc_vcas2.4,1.980000,1.829471,15.052934,0.3529,0.884261
C_cascode_n33_tt_l2e-6_w2e-5_dc_vcas2.4,2.000000,1.849471,15.052941,0.3529,0.884261
C_cascode_n33_tt_l2e-6_w2e-5_dc_vcas2.4,2.020000,1.869471,15.052948,0.3530,0.884261
C_cascode_n33_tt_l2e-6_w2e-5_dc_vcas2.4,2.040000,1.889470,15.052954,0.3530,0.884261
C_cascode_n33_tt_l2e-6_w2e-5_dc_vcas2.4,2.060000,1.909470,15.052960,0.3531,0.884261
C_cascode_n33_tt_l2e-6_w2e-5_dc_vcas2.4,2.080000,1.929470,15.052967,0.3531,0.884261
C_cascode_n33_tt_l2e-6_w2e-5_dc_vcas2.4,2.100000,1.949470,15.052973,0.3532,0.884261
C_cascode_n33_tt_l2e-6_w2e-5_dc_vcas2.4,2.120000,1.969470,15.052979,0.3532,0.884261
C_cascode_n33_tt_l2e-6_w2e-5_dc_vcas2.4,2.140000,1.989470,15.052985,0.3532,0.884261
C_cascode_n33_tt_l2e-6_w2e-5_dc_vcas2.4,2.160000,2.009470,15.052991,0.3533,0.884261
C_cascode_n33_tt_l2e-6_w2e-5_dc_vcas2.4,2.180000,2.029470,15.052997,0.3533,0.884261
C_cascode_n33_tt_l2e-6_w2e-5_dc_vcas2.4,2.200000,2.049470,15.053002,0.3533,0.884261
C_cascode_n33_tt_l2e-6_w2e-5_dc_vcas2.4,2.220000,2.069470,15.053008,0.3534,0.884261
C_cascode_n33_tt_l2e-6_w2e-5_dc_vcas2.4,2.240000,2.089470,15.053014,0.3534,0.884261
C_cascode_n33_tt_l2e-6_w2e-5_dc_vcas2.4,2.260000,2.109470,15.053019,0.3535,0.884261
C_cascode_n33_tt_l2e-6_w2e-5_dc_vcas2.4,2.280000,2.129470,15.053025,0.3535,0.884261
C_cascode_n33_tt_l2e-6_w2e-5_dc_vcas2.4,2.300000,2.149470,15.053030,0.3535,0.884261
C_cascode_n33_tt_l2e-6_w2e-5_dc_vcas2.4,2.320000,2.169470,15.053036,0.3536,0.884261
C_cascode_n33_tt_l2e-6_w2e-5_dc_vcas2.4,2.340000,2.189470,15.053041,0.3536,0.884261
C_cascode_n33_tt_l2e-6_w2e-5_dc_vcas2.4,2.360000,2.209470,15.053046,0.3536,0.884261
C_cascode_n33_tt_l2e-6_w2e-5_dc_vcas2.4,2.380000,2.229469,15.053052,0.3537,0.884261
C_cascode_n33_tt_l2e-6_w2e-5_dc_vcas2.4,2.400000,2.249469,15.053057,0.3537,0.884261
C_cascode_n33_tt_l2e-6_w2e-5_dc_vcas2.4,2.420000,2.269469,15.053062,0.3537,0.884261
C_cascode_n33_tt_l2e-6_w2e-5_dc_vcas2.4,2.440000,2.289469,15.053067,0.3538,0.884261
C_cascode_n33_tt_l2e-6_w2e-5_dc_vcas2.4,2.460000,2.309469,15.053072,0.3538,0.884261
C_cascode_n33_tt_l2e-6_w2e-5_dc_vcas2.4,2.480000,2.329469,15.053077,0.3538,0.884261
C_cascode_n33_tt_l2e-6_w2e-5_dc_vcas2.4,2.500000,2.349469,15.053082,0.3539,0.884261
C_cascode_n33_tt_l2e-6_w2e-5_dc_vcas2.4,2.520000,2.369469,15.053087,0.3539,0.884261
C_cascode_n33_tt_l2e-6_w2e-5_dc_vcas2.4,2.540000,2.389469,15.053092,0.3539,0.884261
C_cascode_n33_tt_l2e-6_w2e-5_dc_vcas2.4,2.560000,2.409469,15.053097,0.3540,0.884261
C_cascode_n33_tt_l2e-6_w2e-5_dc_vcas2.4,2.580000,2.429469,15.053102,0.3540,0.884261
C_cascode_n33_tt_l2e-6_w2e-5_dc_vcas2.4,2.600000,2.449469,15.053107,0.3540,0.884261
C_cascode_n33_tt_l2e-6_w2e-5_dc_vcas2.4,2.620000,2.469469,15.053112,0.3541,0.884261
C_cascode_n33_tt_l2e-6_w2e-5_dc_vcas2.4,2.640000,2.489469,15.053117,0.3541,0.884261
C_cascode_n33_tt_l2e-6_w2e-5_dc_vcas2.4,2.660000,2.509469,15.053122,0.3541,0.884261
C_cascode_n33_tt_l2e-6_w2e-5_dc_vcas2.4,2.680000,2.529469,15.053127,0.3542,0.884261
C_cascode_n33_tt_l2e-6_w2e-5_dc_vcas2.4,2.700000,2.549469,15.053132,0.3542,0.884261
C_cascode_n33_tt_l2e-6_w2e-5_dc_vcas2.4,2.720000,2.569469,15.053137,0.3542,0.884261
C_cascode_n33_tt_l2e-6_w2e-5_dc_vcas2.4,2.740000,2.589469,15.053143,0.3543,0.884261
C_cascode_n33_tt_l2e-6_w2e-5_dc_vcas2.4,2.760000,2.609469,15.053148,0.3543,0.884261
C_cascode_n33_tt_l2e-6_w2e-5_dc_vcas2.4,2.780000,2.629468,15.053154,0.3544,0.884261
C_cascode_n33_tt_l2e-6_w2e-5_dc_vcas2.4,2.800000,2.649468,15.053160,0.3544,0.884261
C_cascode_n33_tt_l2e-6_w2e-5_dc_vcas2.4,2.820000,2.669468,15.053166,0.3544,0.884261
C_cascode_n33_tt_l2e-6_w2e-5_dc_vcas2.4,2.840000,2.689468,15.053173,0.3545,0.884261
C_cascode_n33_tt_l2e-6_w2e-5_dc_vcas2.4,2.860000,2.709468,15.053180,0.3545,0.884261
C_cascode_n33_tt_l2e-6_w2e-5_dc_vcas2.4,2.880000,2.729468,15.053188,0.3546,0.884261
C_cascode_n33_tt_l2e-6_w2e-5_dc_vcas2.4,2.900000,2.749468,15.053197,0.3546,0.884261
C_cascode_n33_tt_l2e-6_w2e-5_dc_vcas2.4,2.920000,2.769468,15.053207,0.3547,0.884261
C_cascode_n33_tt_l2e-6_w2e-5_dc_vcas2.4,2.940000,2.789468,15.053218,0.3548,0.884261
C_cascode_n33_tt_l2e-6_w2e-5_dc_vcas2.4,2.960000,2.809468,15.053231,0.3549,0.884261
C_cascode_n33_tt_l2e-6_w2e-5_dc_vcas2.4,2.980000,2.829468,15.053245,0.3550,0.884261
C_cascode_n33_tt_l2e-6_w2e-5_dc_vcas2.4,3.000000,2.849467,15.053261,0.3551,0.884261
C_cascode_n33_tt_l2e-6_w2e-5_dc_vcas2.4,3.020000,2.869467,15.053280,0.3552,0.884261
C_cascode_n33_tt_l2e-6_w2e-5_dc_vcas2.4,3.040000,2.889467,15.053301,0.3553,0.884261
C_cascode_n33_tt_l2e-6_w2e-5_dc_vcas2.4,3.060000,2.909467,15.053326,0.3555,0.884261
C_cascode_n33_tt_l2e-6_w2e-5_dc_vcas2.4,3.080000,2.929466,15.053354,0.3557,0.884261
C_cascode_n33_tt_l2e-6_w2e-5_dc_vcas2.4,3.100000,2.949466,15.053387,0.3559,0.884261
C_cascode_n33_tt_l2e-6_w2e-5_dc_vcas2.4,3.120000,2.969466,15.053425,0.3562,0.884261
C_cascode_n33_tt_l2e-6_w2e-5_dc_vcas2.4,3.140000,2.989465,15.053469,0.3565,0.884261
C_cascode_n33_tt_l2e-6_w2e-5_dc_vcas2.4,3.160000,3.009465,15.053520,0.3568,0.884261
C_cascode_n33_tt_l2e-6_w2e-5_dc_vcas2.4,3.180000,3.029464,15.053578,0.3572,0.884261
C_cascode_n33_tt_l2e-6_w2e-5_dc_vcas2.4,3.200000,3.049464,15.053644,0.3576,0.884261
C_cascode_n33_tt_l2e-6_w2e-5_dc_vcas2.4,3.220000,3.069463,15.053720,0.3581,0.884261
C_cascode_n33_tt_l2e-6_w2e-5_dc_vcas2.4,3.240000,3.089462,15.053808,0.3587,0.884261
C_cascode_n33_tt_l2e-6_w2e-5_dc_vcas2.4,3.260000,3.109461,15.053907,0.3594,0.884261
C_cascode_n33_tt_l2e-6_w2e-5_dc_vcas2.4,3.280000,3.129460,15.054021,0.3601,0.884261
C_cascode_n33_tt_l2e-6_w2e-5_dc_vcas2.4,3.300000,3.149459,15.054150,0.3610,0.884261
A_series_n18_tt_l2e-6_w2e-5_dc_kneecheck,0.000000,0.000000,-0.000000,-100.0000,0.512732
A_series_n18_tt_l2e-6_w2e-5_dc_kneecheck,0.020000,0.005653,1.434684,-90.4354,0.512732
A_series_n18_tt_l2e-6_w2e-5_dc_kneecheck,0.040000,0.011562,2.843787,-81.0414,0.512732
A_series_n18_tt_l2e-6_w2e-5_dc_kneecheck,0.060000,0.017763,4.223741,-71.8417,0.512732
A_series_n18_tt_l2e-6_w2e-5_dc_kneecheck,0.080000,0.024300,5.570042,-62.8664,0.512732
A_series_n18_tt_l2e-6_w2e-5_dc_kneecheck,0.100000,0.031231,6.876870,-54.1542,0.512732
A_series_n18_tt_l2e-6_w2e-5_dc_kneecheck,0.120000,0.038635,8.136477,-45.7568,0.512732
A_series_n18_tt_l2e-6_w2e-5_dc_kneecheck,0.140000,0.046618,9.338158,-37.7456,0.512732
A_series_n18_tt_l2e-6_w2e-5_dc_kneecheck,0.160000,0.055336,10.466380,-30.2241,0.512732
A_series_n18_tt_l2e-6_w2e-5_dc_kneecheck,0.180000,0.065029,11.497131,-23.3525,0.512732
A_series_n18_tt_l2e-6_w2e-5_dc_kneecheck,0.200000,0.076100,12.389970,-17.4002,0.512732
A_series_n18_tt_l2e-6_w2e-5_dc_kneecheck,0.220000,0.089298,13.070204,-12.8653,0.512732
A_series_n18_tt_l2e-6_w2e-5_dc_kneecheck,0.240000,0.105758,13.424157,-10.5056,0.512732
A_series_n18_tt_l2e-6_w2e-5_dc_kneecheck,0.260000,0.124781,13.521853,-9.8543,0.512732
A_series_n18_tt_l2e-6_w2e-5_dc_kneecheck,0.280000,0.144384,13.561610,-9.5893,0.512732
A_series_n18_tt_l2e-6_w2e-5_dc_kneecheck,0.300000,0.164105,13.589547,-9.4030,0.512732
A_series_n18_tt_l2e-6_w2e-5_dc_kneecheck,0.320000,0.183872,13.612826,-9.2478,0.512732
A_series_n18_tt_l2e-6_w2e-5_dc_kneecheck,0.340000,0.203666,13.633426,-9.1105,0.512732
A_series_n18_tt_l2e-6_w2e-5_dc_kneecheck,0.360000,0.223478,13.652203,-8.9853,0.512732
A_series_n18_tt_l2e-6_w2e-5_dc_kneecheck,0.380000,0.243304,13.669632,-8.8691,0.512732
A_series_n18_tt_l2e-6_w2e-5_dc_kneecheck,0.400000,0.263140,13.686012,-8.7599,0.512732
A_series_n18_tt_l2e-6_w2e-5_dc_kneecheck,0.420000,0.282985,13.701549,-8.6563,0.512732
A_series_n18_tt_l2e-6_w2e-5_dc_kneecheck,0.440000,0.302836,13.716390,-8.5574,0.512732
A_series_n18_tt_l2e-6_w2e-5_dc_kneecheck,0.460000,0.322694,13.730648,-8.4623,0.512732
A_series_n18_tt_l2e-6_w2e-5_dc_kneecheck,0.480000,0.342556,13.744409,-8.3706,0.512732
A_series_n18_tt_l2e-6_w2e-5_dc_kneecheck,0.500000,0.362423,13.757740,-8.2817,0.512732
A_series_n18_tt_l2e-6_w2e-5_dc_kneecheck,0.520000,0.382293,13.770697,-8.1954,0.512732
A_series_n18_tt_l2e-6_w2e-5_dc_kneecheck,0.540000,0.402167,13.783324,-8.1112,0.512732
A_series_n18_tt_l2e-6_w2e-5_dc_kneecheck,0.560000,0.422043,13.795660,-8.0289,0.512732
A_series_n18_tt_l2e-6_w2e-5_dc_kneecheck,0.580000,0.441923,13.807734,-7.9484,0.512732
A_series_n18_tt_l2e-6_w2e-5_dc_kneecheck,0.600000,0.461804,13.819574,-7.8695,0.512732
A_series_n18_tt_l2e-6_w2e-5_dc_kneecheck,0.620000,0.481688,13.831203,-7.7920,0.512732
A_series_n18_tt_l2e-6_w2e-5_dc_kneecheck,0.640000,0.501574,13.842639,-7.7157,0.512732
A_series_n18_tt_l2e-6_w2e-5_dc_kneecheck,0.660000,0.521461,13.853899,-7.6407,0.512732
A_series_n18_tt_l2e-6_w2e-5_dc_kneecheck,0.680000,0.541350,13.864999,-7.5667,0.512732
A_series_n18_tt_l2e-6_w2e-5_dc_kneecheck,0.700000,0.561240,13.875951,-7.4937,0.512732
A_series_n18_tt_l2e-6_w2e-5_dc_kneecheck,0.720000,0.581132,13.886766,-7.4216,0.512732
A_series_n18_tt_l2e-6_w2e-5_dc_kneecheck,0.740000,0.601025,13.897456,-7.3503,0.512732
A_series_n18_tt_l2e-6_w2e-5_dc_kneecheck,0.760000,0.620920,13.908029,-7.2798,0.512732
A_series_n18_tt_l2e-6_w2e-5_dc_kneecheck,0.780000,0.640815,13.918493,-7.2100,0.512732
A_series_n18_tt_l2e-6_w2e-5_dc_kneecheck,0.800000,0.660711,13.928855,-7.1410,0.512732
A_series_n18_tt_l2e-6_w2e-5_dc_kneecheck,0.820000,0.680609,13.939123,-7.0725,0.512732
A_series_n18_tt_l2e-6_w2e-5_dc_kneecheck,0.840000,0.700507,13.949302,-7.0047,0.512732
A_series_n18_tt_l2e-6_w2e-5_dc_kneecheck,0.860000,0.720406,13.959397,-6.9374,0.512732
A_series_n18_tt_l2e-6_w2e-5_dc_kneecheck,0.880000,0.740306,13.969413,-6.8706,0.512732
A_series_n18_tt_l2e-6_w2e-5_dc_kneecheck,0.900000,0.760206,13.979356,-6.8043,0.512732
A_series_n18_tt_l2e-6_w2e-5_dc_kneecheck,0.920000,0.780108,13.989228,-6.7385,0.512732
A_series_n18_tt_l2e-6_w2e-5_dc_kneecheck,0.940000,0.800010,13.999035,-6.6731,0.512732
A_series_n18_tt_l2e-6_w2e-5_dc_kneecheck,0.960000,0.819912,14.008779,-6.6081,0.512732
A_series_n18_tt_l2e-6_w2e-5_dc_kneecheck,0.980000,0.839815,14.018463,-6.5436,0.512732
A_series_n18_tt_l2e-6_w2e-5_dc_kneecheck,1.000000,0.859719,14.028092,-6.4794,0.512732
A_series_n18_tt_l2e-6_w2e-5_dc_kneecheck,1.020000,0.879623,14.037666,-6.4156,0.512732
A_series_n18_tt_l2e-6_w2e-5_dc_kneecheck,1.040000,0.899528,14.047190,-6.3521,0.512732
A_series_n18_tt_l2e-6_w2e-5_dc_kneecheck,1.060000,0.919433,14.056665,-6.2889,0.512732
A_series_n18_tt_l2e-6_w2e-5_dc_kneecheck,1.080000,0.939339,14.066093,-6.2260,0.512732
A_series_n18_tt_l2e-6_w2e-5_dc_kneecheck,1.100000,0.959245,14.075478,-6.1635,0.512732
A_series_n18_tt_l2e-6_w2e-5_dc_kneecheck,1.120000,0.979152,14.084820,-6.1012,0.512732
A_series_n18_tt_l2e-6_w2e-5_dc_kneecheck,1.140000,0.999059,14.094121,-6.0392,0.512732
A_series_n18_tt_l2e-6_w2e-5_dc_kneecheck,1.160000,1.018966,14.103384,-5.9774,0.512732
A_series_n18_tt_l2e-6_w2e-5_dc_kneecheck,1.180000,1.038874,14.112610,-5.9159,0.512732
A_series_n18_tt_l2e-6_w2e-5_dc_kneecheck,1.200000,1.058782,14.121800,-5.8547,0.512732
A_series_n18_tt_l2e-6_w2e-5_dc_kneecheck,1.220000,1.078690,14.130957,-5.7936,0.512732
A_series_n18_tt_l2e-6_w2e-5_dc_kneecheck,1.240000,1.098599,14.140081,-5.7328,0.512732
A_series_n18_tt_l2e-6_w2e-5_dc_kneecheck,1.260000,1.118508,14.149174,-5.6722,0.512732
A_series_n18_tt_l2e-6_w2e-5_dc_kneecheck,1.280000,1.138418,14.158237,-5.6118,0.512732
A_series_n18_tt_l2e-6_w2e-5_dc_kneecheck,1.300000,1.158327,14.167272,-5.5515,0.512732
A_series_n18_tt_l2e-6_w2e-5_dc_kneecheck,1.320000,1.178237,14.176281,-5.4915,0.512732
A_series_n18_tt_l2e-6_w2e-5_dc_kneecheck,1.340000,1.198147,14.185264,-5.4316,0.512732
A_series_n18_tt_l2e-6_w2e-5_dc_kneecheck,1.360000,1.218058,14.194224,-5.3718,0.512732
A_series_n18_tt_l2e-6_w2e-5_dc_kneecheck,1.380000,1.237968,14.203161,-5.3123,0.512732
A_series_n18_tt_l2e-6_w2e-5_dc_kneecheck,1.400000,1.257879,14.212077,-5.2528,0.512732
A_series_n18_tt_l2e-6_w2e-5_dc_kneecheck,1.420000,1.277790,14.220974,-5.1935,0.512732
A_series_n18_tt_l2e-6_w2e-5_dc_kneecheck,1.440000,1.297701,14.229854,-5.1343,0.512732
A_series_n18_tt_l2e-6_w2e-5_dc_kneecheck,1.460000,1.317613,14.238718,-5.0752,0.512732
A_series_n18_tt_l2e-6_w2e-5_dc_kneecheck,1.480000,1.337524,14.247568,-5.0162,0.512732
A_series_n18_tt_l2e-6_w2e-5_dc_kneecheck,1.500000,1.357436,14.256407,-4.9573,0.512732
A_series_n18_tt_l2e-6_w2e-5_dc_kneecheck,1.520000,1.377348,14.265237,-4.8984,0.512732
A_series_n18_tt_l2e-6_w2e-5_dc_kneecheck,1.540000,1.397259,14.274060,-4.8396,0.512732
A_series_n18_tt_l2e-6_w2e-5_dc_kneecheck,1.560000,1.417171,14.282879,-4.7808,0.512732
A_series_n18_tt_l2e-6_w2e-5_dc_kneecheck,1.580000,1.437083,14.291696,-4.7220,0.512732
A_series_n18_tt_l2e-6_w2e-5_dc_kneecheck,1.600000,1.456995,14.300515,-4.6632,0.512732
A_series_n18_tt_l2e-6_w2e-5_dc_kneecheck,1.620000,1.476907,14.309338,-4.6044,0.512732
A_series_n18_tt_l2e-6_w2e-5_dc_kneecheck,1.640000,1.496818,14.318171,-4.5455,0.512732
A_series_n18_tt_l2e-6_w2e-5_dc_kneecheck,1.660000,1.516730,14.327015,-4.4866,0.512732
A_series_n18_tt_l2e-6_w2e-5_dc_kneecheck,1.680000,1.536641,14.335876,-4.4275,0.512732
A_series_n18_tt_l2e-6_w2e-5_dc_kneecheck,1.700000,1.556552,14.344757,-4.3683,0.512732
A_series_n18_tt_l2e-6_w2e-5_dc_kneecheck,1.720000,1.576463,14.353663,-4.3089,0.512732
A_series_n18_tt_l2e-6_w2e-5_dc_kneecheck,1.740000,1.596374,14.362600,-4.2493,0.512732
A_series_n18_tt_l2e-6_w2e-5_dc_kneecheck,1.760000,1.616284,14.371573,-4.1895,0.512732
A_series_n18_tt_l2e-6_w2e-5_dc_kneecheck,1.780000,1.636194,14.380587,-4.1294,0.512732
A_series_n18_tt_l2e-6_w2e-5_dc_kneecheck,1.800000,1.656104,14.389649,-4.0690,0.512732
C_cascode_n33_ss_l2e-6_w2e-5_dc_pvtss,0.000000,0.000000,-0.000000,-100.0000,0.951269
C_cascode_n33_ss_l2e-6_w2e-5_dc_pvtss,0.020000,0.006333,1.366667,-90.8889,0.951269
C_cascode_n33_ss_l2e-6_w2e-5_dc_pvtss,0.040000,0.012880,2.712006,-81.9200,0.951269
C_cascode_n33_ss_l2e-6_w2e-5_dc_pvtss,0.060000,0.019665,4.033474,-73.1102,0.951269
C_cascode_n33_ss_l2e-6_w2e-5_dc_pvtss,0.080000,0.026720,5.327965,-64.4802,0.951269
C_cascode_n33_ss_l2e-6_w2e-5_dc_pvtss,0.100000,0.034084,6.591617,-56.0559,0.951269
C_cascode_n33_ss_l2e-6_w2e-5_dc_pvtss,0.120000,0.041805,7.819528,-47.8698,0.951269
C_cascode_n33_ss_l2e-6_w2e-5_dc_pvtss,0.140000,0.049947,9.005310,-39.9646,0.951269
C_cascode_n33_ss_l2e-6_w2e-5_dc_pvtss,0.160000,0.058596,10.140376,-32.3975,0.951269
C_cascode_n33_ss_l2e-6_w2e-5_dc_pvtss,0.180000,0.067873,11.212710,-25.2486,0.951269
C_cascode_n33_ss_l2e-6_w2e-5_dc_pvtss,0.200000,0.077954,12.204616,-18.6359,0.951269
C_cascode_n33_ss_l2e-6_w2e-5_dc_pvtss,0.220000,0.089117,13.088250,-12.7450,0.951269
C_cascode_n33_ss_l2e-6_w2e-5_dc_pvtss,0.240000,0.101837,13.816336,-7.8911,0.951269
C_cascode_n33_ss_l2e-6_w2e-5_dc_pvtss,0.260000,0.116909,14.309102,-4.6060,0.951269
C_cascode_n33_ss_l2e-6_w2e-5_dc_pvtss,0.280000,0.134802,14.519782,-3.2015,0.951269
C_cascode_n33_ss_l2e-6_w2e-5_dc_pvtss,0.300000,0.154079,14.592067,-2.7196,0.951269
C_cascode_n33_ss_l2e-6_w2e-5_dc_pvtss,0.320000,0.173685,14.631489,-2.4567,0.951269
C_cascode_n33_ss_l2e-6_w2e-5_dc_pvtss,0.340000,0.193399,14.660092,-2.2661,0.951269
C_cascode_n33_ss_l2e-6_w2e-5_dc_pvtss,0.360000,0.213168,14.683231,-2.1118,0.951269
C_cascode_n33_ss_l2e-6_w2e-5_dc_pvtss,0.380000,0.232971,14.702934,-1.9804,0.951269
C_cascode_n33_ss_l2e-6_w2e-5_dc_pvtss,0.400000,0.252798,14.720220,-1.8652,0.951269
C_cascode_n33_ss_l2e-6_w2e-5_dc_pvtss,0.420000,0.272643,14.735691,-1.7621,0.951269
C_cascode_n33_ss_l2e-6_w2e-5_dc_pvtss,0.440000,0.292503,14.749740,-1.6684,0.951269
C_cascode_n33_ss_l2e-6_w2e-5_dc_pvtss,0.460000,0.312374,14.762637,-1.5824,0.951269
C_cascode_n33_ss_l2e-6_w2e-5_dc_pvtss,0.480000,0.332254,14.774579,-1.5028,0.951269
C_cascode_n33_ss_l2e-6_w2e-5_dc_pvtss,0.500000,0.352143,14.785712,-1.4286,0.951269
C_cascode_n33_ss_l2e-6_w2e-5_dc_pvtss,0.520000,0.372039,14.796146,-1.3590,0.951269
C_cascode_n33_ss_l2e-6_w2e-5_dc_pvtss,0.540000,0.391940,14.805968,-1.2935,0.951269
C_cascode_n33_ss_l2e-6_w2e-5_dc_pvtss,0.560000,0.411848,14.815243,-1.2317,0.951269
C_cascode_n33_ss_l2e-6_w2e-5_dc_pvtss,0.580000,0.431760,14.824025,-1.1732,0.951269
C_cascode_n33_ss_l2e-6_w2e-5_dc_pvtss,0.600000,0.451676,14.832351,-1.1177,0.951269
C_cascode_n33_ss_l2e-6_w2e-5_dc_pvtss,0.620000,0.471597,14.840250,-1.0650,0.951269
C_cascode_n33_ss_l2e-6_w2e-5_dc_pvtss,0.640000,0.491523,14.847742,-1.0151,0.951269
C_cascode_n33_ss_l2e-6_w2e-5_dc_pvtss,0.660000,0.511452,14.854836,-0.9678,0.951269
C_cascode_n33_ss_l2e-6_w2e-5_dc_pvtss,0.680000,0.531385,14.861532,-0.9231,0.951269
C_cascode_n33_ss_l2e-6_w2e-5_dc_pvtss,0.700000,0.551322,14.867821,-0.8812,0.951269
C_cascode_n33_ss_l2e-6_w2e-5_dc_pvtss,0.720000,0.571263,14.873685,-0.8421,0.951269
C_cascode_n33_ss_l2e-6_w2e-5_dc_pvtss,0.740000,0.591209,14.879091,-0.8061,0.951269
C_cascode_n33_ss_l2e-6_w2e-5_dc_pvtss,0.760000,0.611160,14.883996,-0.7734,0.951269
C_cascode_n33_ss_l2e-6_w2e-5_dc_pvtss,0.780000,0.631117,14.888342,-0.7444,0.951269
C_cascode_n33_ss_l2e-6_w2e-5_dc_pvtss,0.800000,0.651079,14.892054,-0.7196,0.951269
C_cascode_n33_ss_l2e-6_w2e-5_dc_pvtss,0.820000,0.671050,14.895036,-0.6998,0.951269
C_cascode_n33_ss_l2e-6_w2e-5_dc_pvtss,0.840000,0.691028,14.897180,-0.6855,0.951269
C_cascode_n33_ss_l2e-6_w2e-5_dc_pvtss,0.860000,0.711016,14.898389,-0.6774,0.951269
C_cascode_n33_ss_l2e-6_w2e-5_dc_pvtss,0.880000,0.731012,14.898810,-0.6746,0.951269
C_cascode_n33_ss_l2e-6_w2e-5_dc_pvtss,0.900000,0.751011,14.898935,-0.6738,0.951269
C_cascode_n33_ss_l2e-6_w2e-5_dc_pvtss,0.920000,0.771010,14.899000,-0.6733,0.951269
C_cascode_n33_ss_l2e-6_w2e-5_dc_pvtss,0.940000,0.791010,14.899047,-0.6730,0.951269
C_cascode_n33_ss_l2e-6_w2e-5_dc_pvtss,0.960000,0.811009,14.899084,-0.6728,0.951269
C_cascode_n33_ss_l2e-6_w2e-5_dc_pvtss,0.980000,0.831009,14.899116,-0.6726,0.951269
C_cascode_n33_ss_l2e-6_w2e-5_dc_pvtss,1.000000,0.851009,14.899145,-0.6724,0.951269
C_cascode_n33_ss_l2e-6_w2e-5_dc_pvtss,1.020000,0.871008,14.899170,-0.6722,0.951269
C_cascode_n33_ss_l2e-6_w2e-5_dc_pvtss,1.040000,0.891008,14.899193,-0.6720,0.951269
C_cascode_n33_ss_l2e-6_w2e-5_dc_pvtss,1.060000,0.911008,14.899214,-0.6719,0.951269
C_cascode_n33_ss_l2e-6_w2e-5_dc_pvtss,1.080000,0.931008,14.899233,-0.6718,0.951269
C_cascode_n33_ss_l2e-6_w2e-5_dc_pvtss,1.100000,0.951007,14.899252,-0.6717,0.951269
C_cascode_n33_ss_l2e-6_w2e-5_dc_pvtss,1.120000,0.971007,14.899269,-0.6715,0.951269
C_cascode_n33_ss_l2e-6_w2e-5_dc_pvtss,1.140000,0.991007,14.899285,-0.6714,0.951269
C_cascode_n33_ss_l2e-6_w2e-5_dc_pvtss,1.160000,1.011007,14.899301,-0.6713,0.951269
C_cascode_n33_ss_l2e-6_w2e-5_dc_pvtss,1.180000,1.031007,14.899316,-0.6712,0.951269
C_cascode_n33_ss_l2e-6_w2e-5_dc_pvtss,1.200000,1.051007,14.899330,-0.6711,0.951269
C_cascode_n33_ss_l2e-6_w2e-5_dc_pvtss,1.220000,1.071007,14.899343,-0.6710,0.951269
C_cascode_n33_ss_l2e-6_w2e-5_dc_pvtss,1.240000,1.091006,14.899356,-0.6710,0.951269
C_cascode_n33_ss_l2e-6_w2e-5_dc_pvtss,1.260000,1.111006,14.899369,-0.6709,0.951269
C_cascode_n33_ss_l2e-6_w2e-5_dc_pvtss,1.280000,1.131006,14.899381,-0.6708,0.951269
C_cascode_n33_ss_l2e-6_w2e-5_dc_pvtss,1.300000,1.151006,14.899393,-0.6707,0.951269
C_cascode_n33_ss_l2e-6_w2e-5_dc_pvtss,1.320000,1.171006,14.899405,-0.6706,0.951269
C_cascode_n33_ss_l2e-6_w2e-5_dc_pvtss,1.340000,1.191006,14.899416,-0.6706,0.951269
C_cascode_n33_ss_l2e-6_w2e-5_dc_pvtss,1.360000,1.211006,14.899427,-0.6705,0.951269
C_cascode_n33_ss_l2e-6_w2e-5_dc_pvtss,1.380000,1.231006,14.899438,-0.6704,0.951269
C_cascode_n33_ss_l2e-6_w2e-5_dc_pvtss,1.400000,1.251006,14.899448,-0.6703,0.951269
C_cascode_n33_ss_l2e-6_w2e-5_dc_pvtss,1.420000,1.271005,14.899458,-0.6703,0.951269
C_cascode_n33_ss_l2e-6_w2e-5_dc_pvtss,1.440000,1.291005,14.899468,-0.6702,0.951269
C_cascode_n33_ss_l2e-6_w2e-5_dc_pvtss,1.460000,1.311005,14.899478,-0.6701,0.951269
C_cascode_n33_ss_l2e-6_w2e-5_dc_pvtss,1.480000,1.331005,14.899488,-0.6701,0.951269
C_cascode_n33_ss_l2e-6_w2e-5_dc_pvtss,1.500000,1.351005,14.899497,-0.6700,0.951269
C_cascode_n33_ss_l2e-6_w2e-5_dc_pvtss,1.520000,1.371005,14.899506,-0.6700,0.951269
C_cascode_n33_ss_l2e-6_w2e-5_dc_pvtss,1.540000,1.391005,14.899515,-0.6699,0.951269
C_cascode_n33_ss_l2e-6_w2e-5_dc_pvtss,1.560000,1.411005,14.899524,-0.6698,0.951269
C_cascode_n33_ss_l2e-6_w2e-5_dc_pvtss,1.580000,1.431005,14.899533,-0.6698,0.951269
C_cascode_n33_ss_l2e-6_w2e-5_dc_pvtss,1.600000,1.451005,14.899542,-0.6697,0.951269
C_cascode_n33_ss_l2e-6_w2e-5_dc_pvtss,1.620000,1.471004,14.899550,-0.6697,0.951269
C_cascode_n33_ss_l2e-6_w2e-5_dc_pvtss,1.640000,1.491004,14.899559,-0.6696,0.951269
C_cascode_n33_ss_l2e-6_w2e-5_dc_pvtss,1.660000,1.511004,14.899567,-0.6696,0.951269
C_cascode_n33_ss_l2e-6_w2e-5_dc_pvtss,1.680000,1.531004,14.899575,-0.6695,0.951269
C_cascode_n33_ss_l2e-6_w2e-5_dc_pvtss,1.700000,1.551004,14.899583,-0.6694,0.951269
C_cascode_n33_ss_l2e-6_w2e-5_dc_pvtss,1.720000,1.571004,14.899591,-0.6694,0.951269
C_cascode_n33_ss_l2e-6_w2e-5_dc_pvtss,1.740000,1.591004,14.899599,-0.6693,0.951269
C_cascode_n33_ss_l2e-6_w2e-5_dc_pvtss,1.760000,1.611004,14.899607,-0.6693,0.951269
C_cascode_n33_ss_l2e-6_w2e-5_dc_pvtss,1.780000,1.631004,14.899615,-0.6692,0.951269
C_cascode_n33_ss_l2e-6_w2e-5_dc_pvtss,1.800000,1.651004,14.899622,-0.6692,0.951269
C_cascode_n33_ss_l2e-6_w2e-5_dc_pvtss,1.820000,1.671004,14.899630,-0.6691,0.951269
C_cascode_n33_ss_l2e-6_w2e-5_dc_pvtss,1.840000,1.691004,14.899637,-0.6691,0.951269
C_cascode_n33_ss_l2e-6_w2e-5_dc_pvtss,1.860000,1.711004,14.899645,-0.6690,0.951269
C_cascode_n33_ss_l2e-6_w2e-5_dc_pvtss,1.880000,1.731003,14.899652,-0.6690,0.951269
C_cascode_n33_ss_l2e-6_w2e-5_dc_pvtss,1.900000,1.751003,14.899659,-0.6689,0.951269
C_cascode_n33_ss_l2e-6_w2e-5_dc_pvtss,1.920000,1.771003,14.899666,-0.6689,0.951269
C_cascode_n33_ss_l2e-6_w2e-5_dc_pvtss,1.940000,1.791003,14.899674,-0.6688,0.951269
C_cascode_n33_ss_l2e-6_w2e-5_dc_pvtss,1.960000,1.811003,14.899681,-0.6688,0.951269
C_cascode_n33_ss_l2e-6_w2e-5_dc_pvtss,1.980000,1.831003,14.899688,-0.6687,0.951269
C_cascode_n33_ss_l2e-6_w2e-5_dc_pvtss,2.000000,1.851003,14.899695,-0.6687,0.951269
C_cascode_n33_ss_l2e-6_w2e-5_dc_pvtss,2.020000,1.871003,14.899702,-0.6687,0.951269
C_cascode_n33_ss_l2e-6_w2e-5_dc_pvtss,2.040000,1.891003,14.899709,-0.6686,0.951269
C_cascode_n33_ss_l2e-6_w2e-5_dc_pvtss,2.060000,1.911003,14.899715,-0.6686,0.951269
C_cascode_n33_ss_l2e-6_w2e-5_dc_pvtss,2.080000,1.931003,14.899722,-0.6685,0.951269
C_cascode_n33_ss_l2e-6_w2e-5_dc_pvtss,2.100000,1.951003,14.899729,-0.6685,0.951269
C_cascode_n33_ss_l2e-6_w2e-5_dc_pvtss,2.120000,1.971003,14.899736,-0.6684,0.951269
C_cascode_n33_ss_l2e-6_w2e-5_dc_pvtss,2.140000,1.991003,14.899743,-0.6684,0.951269
C_cascode_n33_ss_l2e-6_w2e-5_dc_pvtss,2.160000,2.011003,14.899749,-0.6683,0.951269
C_cascode_n33_ss_l2e-6_w2e-5_dc_pvtss,2.180000,2.031002,14.899756,-0.6683,0.951269
C_cascode_n33_ss_l2e-6_w2e-5_dc_pvtss,2.200000,2.051002,14.899763,-0.6682,0.951269
C_cascode_n33_ss_l2e-6_w2e-5_dc_pvtss,2.220000,2.071002,14.899770,-0.6682,0.951269
C_cascode_n33_ss_l2e-6_w2e-5_dc_pvtss,2.240000,2.091002,14.899777,-0.6682,0.951269
C_cascode_n33_ss_l2e-6_w2e-5_dc_pvtss,2.260000,2.111002,14.899784,-0.6681,0.951269
C_cascode_n33_ss_l2e-6_w2e-5_dc_pvtss,2.280000,2.131002,14.899792,-0.6681,0.951269
C_cascode_n33_ss_l2e-6_w2e-5_dc_pvtss,2.300000,2.151002,14.899799,-0.6680,0.951269
C_cascode_n33_ss_l2e-6_w2e-5_dc_pvtss,2.320000,2.171002,14.899807,-0.6680,0.951269
C_cascode_n33_ss_l2e-6_w2e-5_dc_pvtss,2.340000,2.191002,14.899816,-0.6679,0.951269
C_cascode_n33_ss_l2e-6_w2e-5_dc_pvtss,2.360000,2.211002,14.899824,-0.6678,0.951269
C_cascode_n33_ss_l2e-6_w2e-5_dc_pvtss,2.380000,2.231002,14.899834,-0.6678,0.951269
C_cascode_n33_ss_l2e-6_w2e-5_dc_pvtss,2.400000,2.251002,14.899844,-0.6677,0.951269
C_cascode_n33_ss_l2e-6_w2e-5_dc_pvtss,2.420000,2.271001,14.899856,-0.6676,0.951269
C_cascode_n33_ss_l2e-6_w2e-5_dc_pvtss,2.440000,2.291001,14.899868,-0.6675,0.951269
C_cascode_n33_ss_l2e-6_w2e-5_dc_pvtss,2.460000,2.311001,14.899882,-0.6675,0.951269
C_cascode_n33_ss_l2e-6_w2e-5_dc_pvtss,2.480000,2.331001,14.899897,-0.6674,0.951269
C_cascode_n33_ss_l2e-6_w2e-5_dc_pvtss,2.500000,2.351001,14.899914,-0.6672,0.951269
C_cascode_n33_ss_l2e-6_w2e-5_dc_pvtss,2.520000,2.371001,14.899934,-0.6671,0.951269
C_cascode_n33_ss_l2e-6_w2e-5_dc_pvtss,2.540000,2.391000,14.899956,-0.6670,0.951269
C_cascode_n33_ss_l2e-6_w2e-5_dc_pvtss,2.560000,2.411000,14.899982,-0.6668,0.951269
C_cascode_n33_ss_l2e-6_w2e-5_dc_pvtss,2.580000,2.431000,14.900011,-0.6666,0.951269
C_cascode_n33_ss_l2e-6_w2e-5_dc_pvtss,2.600000,2.451000,14.900044,-0.6664,0.951269
C_cascode_n33_ss_l2e-6_w2e-5_dc_pvtss,2.620000,2.470999,14.900082,-0.6661,0.951269
C_cascode_n33_ss_l2e-6_w2e-5_dc_pvtss,2.640000,2.490999,14.900126,-0.6658,0.951269
C_cascode_n33_ss_l2e-6_w2e-5_dc_pvtss,2.660000,2.510998,14.900176,-0.6655,0.951269
C_cascode_n33_ss_l2e-6_w2e-5_dc_pvtss,2.680000,2.530998,14.900233,-0.6651,0.951269
C_cascode_n33_ss_l2e-6_w2e-5_dc_pvtss,2.700000,2.550997,14.900298,-0.6647,0.951269
C_cascode_n33_ss_l2e-6_w2e-5_dc_pvtss,2.720000,2.570996,14.900373,-0.6642,0.951269
C_cascode_n33_ss_l2e-6_w2e-5_dc_pvtss,2.740000,2.590995,14.900459,-0.6636,0.951269
C_cascode_n33_ss_l2e-6_w2e-5_dc_pvtss,2.760000,2.610994,14.900556,-0.6630,0.951269
C_cascode_n33_ss_l2e-6_w2e-5_dc_pvtss,2.780000,2.630993,14.900667,-0.6622,0.951269
C_cascode_n33_ss_l2e-6_w2e-5_dc_pvtss,2.800000,2.650992,14.900793,-0.6614,0.951269
C_cascode_n33_ss_l2e-6_w2e-5_dc_pvtss,2.820000,2.670991,14.900935,-0.6604,0.951269
C_cascode_n33_ss_l2e-6_w2e-5_dc_pvtss,2.840000,2.690989,14.901096,-0.6594,0.951269
C_cascode_n33_ss_l2e-6_w2e-5_dc_pvtss,2.860000,2.710987,14.901278,-0.6581,0.951269
C_cascode_n33_ss_l2e-6_w2e-5_dc_pvtss,2.880000,2.730985,14.901483,-0.6568,0.951269
C_cascode_n33_ss_l2e-6_w2e-5_dc_pvtss,2.900000,2.750983,14.901713,-0.6552,0.951269
C_cascode_n33_ss_l2e-6_w2e-5_dc_pvtss,2.920000,2.770980,14.901972,-0.6535,0.951269
C_cascode_n33_ss_l2e-6_w2e-5_dc_pvtss,2.940000,2.790977,14.902261,-0.6516,0.951269
C_cascode_n33_ss_l2e-6_w2e-5_dc_pvtss,2.960000,2.810974,14.902584,-0.6494,0.951269
C_cascode_n33_ss_l2e-6_w2e-5_dc_pvtss,2.980000,2.830971,14.902945,-0.6470,0.951269
C_cascode_n33_ss_l2e-6_w2e-5_dc_pvtss,3.000000,2.850967,14.903346,-0.6444,0.951269
C_cascode_n33_ss_l2e-6_w2e-5_dc_pvtss,3.020000,2.870962,14.903792,-0.6414,0.951269
C_cascode_n33_ss_l2e-6_w2e-5_dc_pvtss,3.040000,2.890957,14.904286,-0.6381,0.951269
C_cascode_n33_ss_l2e-6_w2e-5_dc_pvtss,3.060000,2.910952,14.904833,-0.6344,0.951269
C_cascode_n33_ss_l2e-6_w2e-5_dc_pvtss,3.080000,2.930946,14.905437,-0.6304,0.951269
C_cascode_n33_ss_l2e-6_w2e-5_dc_pvtss,3.100000,2.950939,14.906103,-0.6260,0.951269
C_cascode_n33_ss_l2e-6_w2e-5_dc_pvtss,3.120000,2.970932,14.906836,-0.6211,0.951269
C_cascode_n33_ss_l2e-6_w2e-5_dc_pvtss,3.140000,2.990924,14.907642,-0.6157,0.951269
C_cascode_n33_ss_l2e-6_w2e-5_dc_pvtss,3.160000,3.010915,14.908526,-0.6098,0.951269
C_cascode_n33_ss_l2e-6_w2e-5_dc_pvtss,3.180000,3.030905,14.909494,-0.6034,0.951269
C_cascode_n33_ss_l2e-6_w2e-5_dc_pvtss,3.200000,3.050894,14.910553,-0.5963,0.951269
C_cascode_n33_ss_l2e-6_w2e-5_dc_pvtss,3.220000,3.070883,14.911709,-0.5886,0.951269
C_cascode_n33_ss_l2e-6_w2e-5_dc_pvtss,3.240000,3.090870,14.912969,-0.5802,0.951269
C_cascode_n33_ss_l2e-6_w2e-5_dc_pvtss,3.260000,3.110857,14.914341,-0.5711,0.951269
C_cascode_n33_ss_l2e-6_w2e-5_dc_pvtss,3.280000,3.130842,14.915832,-0.5611,0.951269
C_cascode_n33_ss_l2e-6_w2e-5_dc_pvtss,3.300000,3.150825,14.917450,-0.5503,0.951269
C_cascode_n33_ff_l2e-6_w2e-5_dc_pvtff,0.000000,-0.000000,0.000000,-100.0000,0.818122
C_cascode_n33_ff_l2e-6_w2e-5_dc_pvtff,0.020000,0.005949,1.405134,-90.6324,0.818122
C_cascode_n33_ff_l2e-6_w2e-5_dc_pvtff,0.040000,0.012112,2.788798,-81.4080,0.818122
C_cascode_n33_ff_l2e-6_w2e-5_dc_pvtff,0.060000,0.018517,4.148262,-72.3449,0.818122
C_cascode_n33_ff_l2e-6_w2e-5_dc_pvtff,0.080000,0.025198,5.480151,-63.4657,0.818122
C_cascode_n33_ff_l2e-6_w2e-5_dc_pvtff,0.100000,0.032198,6.780207,-54.7986,0.818122
C_cascode_n33_ff_l2e-6_w2e-5_dc_pvtff,0.120000,0.039571,8.042935,-46.3804,0.818122
C_cascode_n33_ff_l2e-6_w2e-5_dc_pvtff,0.140000,0.047390,9.261029,-38.2598,0.818122
C_cascode_n33_ff_l2e-6_w2e-5_dc_pvtff,0.160000,0.055756,10.424411,-30.5039,0.818122
C_cascode_n33_ff_l2e-6_w2e-5_dc_pvtff,0.180000,0.064815,11.518511,-23.2099,0.818122
C_cascode_n33_ff_l2e-6_w2e-5_dc_pvtff,0.200000,0.074791,12.520919,-16.5272,0.818122
C_cascode_n33_ff_l2e-6_w2e-5_dc_pvtff,0.220000,0.086057,13.394318,-10.7045,0.818122
C_cascode_n33_ff_l2e-6_w2e-5_dc_pvtff,0.240000,0.099285,14.071513,-6.1899,0.818122
C_cascode_n33_ff_l2e-6_w2e-5_dc_pvtff,0.260000,0.115469,14.453147,-3.6457,0.818122
C_cascode_n33_ff_l2e-6_w2e-5_dc_pvtff,0.280000,0.134176,14.582375,-2.7842,0.818122
C_cascode_n33_ff_l2e-6_w2e-5_dc_pvtff,0.300000,0.153638,14.636200,-2.4253,0.818122
C_cascode_n33_ff_l2e-6_w2e-5_dc_pvtff,0.320000,0.173291,14.670900,-2.1940,0.818122
C_cascode_n33_ff_l2e-6_w2e-5_dc_pvtff,0.340000,0.193024,14.697612,-2.0159,0.818122
C_cascode_n33_ff_l2e-6_w2e-5_dc_pvtff,0.360000,0.212802,14.719764,-1.8682,0.818122
C_cascode_n33_ff_l2e-6_w2e-5_dc_pvtff,0.380000,0.232611,14.738884,-1.7408,0.818122
C_cascode_n33_ff_l2e-6_w2e-5_dc_pvtff,0.400000,0.252442,14.755811,-1.6279,0.818122
C_cascode_n33_ff_l2e-6_w2e-5_dc_pvtff,0.420000,0.272289,14.771065,-1.5262,0.818122
C_cascode_n33_ff_l2e-6_w2e-5_dc_pvtff,0.440000,0.292150,14.784998,-1.4333,0.818122
C_cascode_n33_ff_l2e-6_w2e-5_dc_pvtff,0.460000,0.312021,14.797854,-1.3476,0.818122
C_cascode_n33_ff_l2e-6_w2e-5_dc_pvtff,0.480000,0.331902,14.809817,-1.2679,0.818122
C_cascode_n33_ff_l2e-6_w2e-5_dc_pvtff,0.500000,0.351790,14.821024,-1.1932,0.818122
C_cascode_n33_ff_l2e-6_w2e-5_dc_pvtff,0.520000,0.371684,14.831580,-1.1228,0.818122
C_cascode_n33_ff_l2e-6_w2e-5_dc_pvtff,0.540000,0.391584,14.841570,-1.0562,0.818122
C_cascode_n33_ff_l2e-6_w2e-5_dc_pvtff,0.560000,0.411489,14.851061,-0.9929,0.818122
C_cascode_n33_ff_l2e-6_w2e-5_dc_pvtff,0.580000,0.431399,14.860106,-0.9326,0.818122
C_cascode_n33_ff_l2e-6_w2e-5_dc_pvtff,0.600000,0.451312,14.868750,-0.8750,0.818122
C_cascode_n33_ff_l2e-6_w2e-5_dc_pvtff,0.620000,0.471230,14.877028,-0.8198,0.818122
C_cascode_n33_ff_l2e-6_w2e-5_dc_pvtff,0.640000,0.491150,14.884968,-0.7669,0.818122
C_cascode_n33_ff_l2e-6_w2e-5_dc_pvtff,0.660000,0.511074,14.892591,-0.7161,0.818122
C_cascode_n33_ff_l2e-6_w2e-5_dc_pvtff,0.680000,0.531001,14.899915,-0.6672,0.818122
C_cascode_n33_ff_l2e-6_w2e-5_dc_pvtff,0.700000,0.550931,14.906950,-0.6203,0.818122
C_cascode_n33_ff_l2e-6_w2e-5_dc_pvtff,0.720000,0.570863,14.913702,-0.5753,0.818122
C_cascode_n33_ff_l2e-6_w2e-5_dc_pvtff,0.740000,0.590798,14.920171,-0.5322,0.818122
C_cascode_n33_ff_l2e-6_w2e-5_dc_pvtff,0.760000,0.610736,14.926352,-0.4910,0.818122
C_cascode_n33_ff_l2e-6_w2e-5_dc_pvtff,0.780000,0.630678,14.932231,-0.4518,0.818122
C_cascode_n33_ff_l2e-6_w2e-5_dc_pvtff,0.800000,0.650622,14.937787,-0.4148,0.818122
C_cascode_n33_ff_l2e-6_w2e-5_dc_pvtff,0.820000,0.670570,14.942990,-0.3801,0.818122
C_cascode_n33_ff_l2e-6_w2e-5_dc_pvtff,0.840000,0.690522,14.947799,-0.3480,0.818122
C_cascode_n33_ff_l2e-6_w2e-5_dc_pvtff,0.860000,0.710478,14.952159,-0.3189,0.818122
C_cascode_n33_ff_l2e-6_w2e-5_dc_pvtff,0.880000,0.730440,14.955999,-0.2933,0.818122
C_cascode_n33_ff_l2e-6_w2e-5_dc_pvtff,0.900000,0.750408,14.959232,-0.2718,0.818122
C_cascode_n33_ff_l2e-6_w2e-5_dc_pvtff,0.920000,0.770382,14.961750,-0.2550,0.818122
C_cascode_n33_ff_l2e-6_w2e-5_dc_pvtff,0.940000,0.790366,14.963429,-0.2438,0.818122
C_cascode_n33_ff_l2e-6_w2e-5_dc_pvtff,0.960000,0.810358,14.964212,-0.2386,0.818122
C_cascode_n33_ff_l2e-6_w2e-5_dc_pvtff,0.980000,0.830356,14.964435,-0.2371,0.818122
C_cascode_n33_ff_l2e-6_w2e-5_dc_pvtff,1.000000,0.850355,14.964516,-0.2366,0.818122
C_cascode_n33_ff_l2e-6_w2e-5_dc_pvtff,1.020000,0.870354,14.964567,-0.2362,0.818122
C_cascode_n33_ff_l2e-6_w2e-5_dc_pvtff,1.040000,0.890354,14.964605,-0.2360,0.818122
C_cascode_n33_ff_l2e-6_w2e-5_dc_pvtff,1.060000,0.910354,14.964637,-0.2358,0.818122
C_cascode_n33_ff_l2e-6_w2e-5_dc_pvtff,1.080000,0.930353,14.964664,-0.2356,0.818122
C_cascode_n33_ff_l2e-6_w2e-5_dc_pvtff,1.100000,0.950353,14.964688,-0.2354,0.818122
C_cascode_n33_ff_l2e-6_w2e-5_dc_pvtff,1.120000,0.970353,14.964710,-0.2353,0.818122
C_cascode_n33_ff_l2e-6_w2e-5_dc_pvtff,1.140000,0.990353,14.964730,-0.2351,0.818122
C_cascode_n33_ff_l2e-6_w2e-5_dc_pvtff,1.160000,1.010353,14.964748,-0.2350,0.818122
C_cascode_n33_ff_l2e-6_w2e-5_dc_pvtff,1.180000,1.030352,14.964765,-0.2349,0.818122
C_cascode_n33_ff_l2e-6_w2e-5_dc_pvtff,1.200000,1.050352,14.964782,-0.2348,0.818122
C_cascode_n33_ff_l2e-6_w2e-5_dc_pvtff,1.220000,1.070352,14.964797,-0.2347,0.818122
C_cascode_n33_ff_l2e-6_w2e-5_dc_pvtff,1.240000,1.090352,14.964811,-0.2346,0.818122
C_cascode_n33_ff_l2e-6_w2e-5_dc_pvtff,1.260000,1.110352,14.964825,-0.2345,0.818122
C_cascode_n33_ff_l2e-6_w2e-5_dc_pvtff,1.280000,1.130352,14.964838,-0.2344,0.818122
C_cascode_n33_ff_l2e-6_w2e-5_dc_pvtff,1.300000,1.150351,14.964850,-0.2343,0.818122
C_cascode_n33_ff_l2e-6_w2e-5_dc_pvtff,1.320000,1.170351,14.964862,-0.2343,0.818122
C_cascode_n33_ff_l2e-6_w2e-5_dc_pvtff,1.340000,1.190351,14.964874,-0.2342,0.818122
C_cascode_n33_ff_l2e-6_w2e-5_dc_pvtff,1.360000,1.210351,14.964885,-0.2341,0.818122
C_cascode_n33_ff_l2e-6_w2e-5_dc_pvtff,1.380000,1.230351,14.964896,-0.2340,0.818122
C_cascode_n33_ff_l2e-6_w2e-5_dc_pvtff,1.400000,1.250351,14.964907,-0.2340,0.818122
C_cascode_n33_ff_l2e-6_w2e-5_dc_pvtff,1.420000,1.270351,14.964917,-0.2339,0.818122
C_cascode_n33_ff_l2e-6_w2e-5_dc_pvtff,1.440000,1.290351,14.964927,-0.2338,0.818122
C_cascode_n33_ff_l2e-6_w2e-5_dc_pvtff,1.460000,1.310351,14.964937,-0.2338,0.818122
C_cascode_n33_ff_l2e-6_w2e-5_dc_pvtff,1.480000,1.330351,14.964946,-0.2337,0.818122
C_cascode_n33_ff_l2e-6_w2e-5_dc_pvtff,1.500000,1.350350,14.964956,-0.2336,0.818122
C_cascode_n33_ff_l2e-6_w2e-5_dc_pvtff,1.520000,1.370350,14.964965,-0.2336,0.818122
C_cascode_n33_ff_l2e-6_w2e-5_dc_pvtff,1.540000,1.390350,14.964974,-0.2335,0.818122
C_cascode_n33_ff_l2e-6_w2e-5_dc_pvtff,1.560000,1.410350,14.964983,-0.2334,0.818122
C_cascode_n33_ff_l2e-6_w2e-5_dc_pvtff,1.580000,1.430350,14.964991,-0.2334,0.818122
C_cascode_n33_ff_l2e-6_w2e-5_dc_pvtff,1.600000,1.450350,14.965000,-0.2333,0.818122
C_cascode_n33_ff_l2e-6_w2e-5_dc_pvtff,1.620000,1.470350,14.965008,-0.2333,0.818122
C_cascode_n33_ff_l2e-6_w2e-5_dc_pvtff,1.640000,1.490350,14.965016,-0.2332,0.818122
C_cascode_n33_ff_l2e-6_w2e-5_dc_pvtff,1.660000,1.510350,14.965024,-0.2332,0.818122
C_cascode_n33_ff_l2e-6_w2e-5_dc_pvtff,1.680000,1.530350,14.965032,-0.2331,0.818122
C_cascode_n33_ff_l2e-6_w2e-5_dc_pvtff,1.700000,1.550350,14.965040,-0.2331,0.818122
C_cascode_n33_ff_l2e-6_w2e-5_dc_pvtff,1.720000,1.570350,14.965048,-0.2330,0.818122
C_cascode_n33_ff_l2e-6_w2e-5_dc_pvtff,1.740000,1.590349,14.965056,-0.2330,0.818122
C_cascode_n33_ff_l2e-6_w2e-5_dc_pvtff,1.760000,1.610349,14.965063,-0.2329,0.818122
C_cascode_n33_ff_l2e-6_w2e-5_dc_pvtff,1.780000,1.630349,14.965071,-0.2329,0.818122
C_cascode_n33_ff_l2e-6_w2e-5_dc_pvtff,1.800000,1.650349,14.965078,-0.2328,0.818122
C_cascode_n33_ff_l2e-6_w2e-5_dc_pvtff,1.820000,1.670349,14.965085,-0.2328,0.818122
C_cascode_n33_ff_l2e-6_w2e-5_dc_pvtff,1.840000,1.690349,14.965092,-0.2327,0.818122
C_cascode_n33_ff_l2e-6_w2e-5_dc_pvtff,1.860000,1.710349,14.965100,-0.2327,0.818122
C_cascode_n33_ff_l2e-6_w2e-5_dc_pvtff,1.880000,1.730349,14.965107,-0.2326,0.818122
C_cascode_n33_ff_l2e-6_w2e-5_dc_pvtff,1.900000,1.750349,14.965114,-0.2326,0.818122
C_cascode_n33_ff_l2e-6_w2e-5_dc_pvtff,1.920000,1.770349,14.965121,-0.2325,0.818122
C_cascode_n33_ff_l2e-6_w2e-5_dc_pvtff,1.940000,1.790349,14.965127,-0.2325,0.818122
C_cascode_n33_ff_l2e-6_w2e-5_dc_pvtff,1.960000,1.810349,14.965134,-0.2324,0.818122
C_cascode_n33_ff_l2e-6_w2e-5_dc_pvtff,1.980000,1.830349,14.965141,-0.2324,0.818122
C_cascode_n33_ff_l2e-6_w2e-5_dc_pvtff,2.000000,1.850349,14.965148,-0.2323,0.818122
C_cascode_n33_ff_l2e-6_w2e-5_dc_pvtff,2.020000,1.870348,14.965154,-0.2323,0.818122
C_cascode_n33_ff_l2e-6_w2e-5_dc_pvtff,2.040000,1.890348,14.965161,-0.2323,0.818122
C_cascode_n33_ff_l2e-6_w2e-5_dc_pvtff,2.060000,1.910348,14.965168,-0.2322,0.818122
C_cascode_n33_ff_l2e-6_w2e-5_dc_pvtff,2.080000,1.930348,14.965174,-0.2322,0.818122
C_cascode_n33_ff_l2e-6_w2e-5_dc_pvtff,2.100000,1.950348,14.965180,-0.2321,0.818122
C_cascode_n33_ff_l2e-6_w2e-5_dc_pvtff,2.120000,1.970348,14.965187,-0.2321,0.818122
C_cascode_n33_ff_l2e-6_w2e-5_dc_pvtff,2.140000,1.990348,14.965193,-0.2320,0.818122
C_cascode_n33_ff_l2e-6_w2e-5_dc_pvtff,2.160000,2.010348,14.965200,-0.2320,0.818122
C_cascode_n33_ff_l2e-6_w2e-5_dc_pvtff,2.180000,2.030348,14.965206,-0.2320,0.818122
C_cascode_n33_ff_l2e-6_w2e-5_dc_pvtff,2.200000,2.050348,14.965212,-0.2319,0.818122
C_cascode_n33_ff_l2e-6_w2e-5_dc_pvtff,2.220000,2.070348,14.965219,-0.2319,0.818122
C_cascode_n33_ff_l2e-6_w2e-5_dc_pvtff,2.240000,2.090348,14.965225,-0.2318,0.818122
C_cascode_n33_ff_l2e-6_w2e-5_dc_pvtff,2.260000,2.110348,14.965231,-0.2318,0.818122
C_cascode_n33_ff_l2e-6_w2e-5_dc_pvtff,2.280000,2.130348,14.965238,-0.2317,0.818122
C_cascode_n33_ff_l2e-6_w2e-5_dc_pvtff,2.300000,2.150348,14.965244,-0.2317,0.818122
C_cascode_n33_ff_l2e-6_w2e-5_dc_pvtff,2.320000,2.170347,14.965251,-0.2317,0.818122
C_cascode_n33_ff_l2e-6_w2e-5_dc_pvtff,2.340000,2.190347,14.965258,-0.2316,0.818122
C_cascode_n33_ff_l2e-6_w2e-5_dc_pvtff,2.360000,2.210347,14.965265,-0.2316,0.818122
C_cascode_n33_ff_l2e-6_w2e-5_dc_pvtff,2.380000,2.230347,14.965272,-0.2315,0.818122
C_cascode_n33_ff_l2e-6_w2e-5_dc_pvtff,2.400000,2.250347,14.965279,-0.2315,0.818122
C_cascode_n33_ff_l2e-6_w2e-5_dc_pvtff,2.420000,2.270347,14.965287,-0.2314,0.818122
C_cascode_n33_ff_l2e-6_w2e-5_dc_pvtff,2.440000,2.290347,14.965295,-0.2314,0.818122
C_cascode_n33_ff_l2e-6_w2e-5_dc_pvtff,2.460000,2.310347,14.965304,-0.2313,0.818122
C_cascode_n33_ff_l2e-6_w2e-5_dc_pvtff,2.480000,2.330347,14.965313,-0.2312,0.818122
C_cascode_n33_ff_l2e-6_w2e-5_dc_pvtff,2.500000,2.350347,14.965324,-0.2312,0.818122
C_cascode_n33_ff_l2e-6_w2e-5_dc_pvtff,2.520000,2.370347,14.965335,-0.2311,0.818122
C_cascode_n33_ff_l2e-6_w2e-5_dc_pvtff,2.540000,2.390347,14.965348,-0.2310,0.818122
C_cascode_n33_ff_l2e-6_w2e-5_dc_pvtff,2.560000,2.410346,14.965362,-0.2309,0.818122
C_cascode_n33_ff_l2e-6_w2e-5_dc_pvtff,2.580000,2.430346,14.965378,-0.2308,0.818122
C_cascode_n33_ff_l2e-6_w2e-5_dc_pvtff,2.600000,2.450346,14.965396,-0.2307,0.818122
C_cascode_n33_ff_l2e-6_w2e-5_dc_pvtff,2.620000,2.470346,14.965417,-0.2306,0.818122
C_cascode_n33_ff_l2e-6_w2e-5_dc_pvtff,2.640000,2.490346,14.965440,-0.2304,0.818122
C_cascode_n33_ff_l2e-6_w2e-5_dc_pvtff,2.660000,2.510345,14.965467,-0.2302,0.818122
C_cascode_n33_ff_l2e-6_w2e-5_dc_pvtff,2.680000,2.530345,14.965498,-0.2300,0.818122
C_cascode_n33_ff_l2e-6_w2e-5_dc_pvtff,2.700000,2.550345,14.965533,-0.2298,0.818122
C_cascode_n33_ff_l2e-6_w2e-5_dc_pvtff,2.720000,2.570344,14.965573,-0.2295,0.818122
C_cascode_n33_ff_l2e-6_w2e-5_dc_pvtff,2.740000,2.590344,14.965619,-0.2292,0.818122
C_cascode_n33_ff_l2e-6_w2e-5_dc_pvtff,2.760000,2.610343,14.965672,-0.2289,0.818122
C_cascode_n33_ff_l2e-6_w2e-5_dc_pvtff,2.780000,2.630343,14.965733,-0.2284,0.818122
C_cascode_n33_ff_l2e-6_w2e-5_dc_pvtff,2.800000,2.650342,14.965803,-0.2280,0.818122
C_cascode_n33_ff_l2e-6_w2e-5_dc_pvtff,2.820000,2.670341,14.965882,-0.2275,0.818122
C_cascode_n33_ff_l2e-6_w2e-5_dc_pvtff,2.840000,2.690340,14.965973,-0.2268,0.818122
C_cascode_n33_ff_l2e-6_w2e-5_dc_pvtff,2.860000,2.710339,14.966076,-0.2262,0.818122
C_cascode_n33_ff_l2e-6_w2e-5_dc_pvtff,2.880000,2.730338,14.966194,-0.2254,0.818122
C_cascode_n33_ff_l2e-6_w2e-5_dc_pvtff,2.900000,2.750337,14.966327,-0.2245,0.818122
C_cascode_n33_ff_l2e-6_w2e-5_dc_pvtff,2.920000,2.770335,14.966478,-0.2235,0.818122
C_cascode_n33_ff_l2e-6_w2e-5_dc_pvtff,2.940000,2.790334,14.966649,-0.2223,0.818122
C_cascode_n33_ff_l2e-6_w2e-5_dc_pvtff,2.960000,2.810332,14.966841,-0.2211,0.818122
C_cascode_n33_ff_l2e-6_w2e-5_dc_pvtff,2.980000,2.830329,14.967058,-0.2196,0.818122
C_cascode_n33_ff_l2e-6_w2e-5_dc_pvtff,3.000000,2.850327,14.967302,-0.2180,0.818122
C_cascode_n33_ff_l2e-6_w2e-5_dc_pvtff,3.020000,2.870324,14.967574,-0.2162,0.818122
C_cascode_n33_ff_l2e-6_w2e-5_dc_pvtff,3.040000,2.890321,14.967880,-0.2141,0.818122
C_cascode_n33_ff_l2e-6_w2e-5_dc_pvtff,3.060000,2.910318,14.968220,-0.2119,0.818122
C_cascode_n33_ff_l2e-6_w2e-5_dc_pvtff,3.080000,2.930314,14.968600,-0.2093,0.818122
C_cascode_n33_ff_l2e-6_w2e-5_dc_pvtff,3.100000,2.950310,14.969022,-0.2065,0.818122
C_cascode_n33_ff_l2e-6_w2e-5_dc_pvtff,3.120000,2.970305,14.969491,-0.2034,0.818122
C_cascode_n33_ff_l2e-6_w2e-5_dc_pvtff,3.140000,2.990300,14.970010,-0.1999,0.818122
C_cascode_n33_ff_l2e-6_w2e-5_dc_pvtff,3.160000,3.010294,14.970584,-0.1961,0.818122
C_cascode_n33_ff_l2e-6_w2e-5_dc_pvtff,3.180000,3.030288,14.971218,-0.1919,0.818122
C_cascode_n33_ff_l2e-6_w2e-5_dc_pvtff,3.200000,3.050281,14.971916,-0.1872,0.818122
C_cascode_n33_ff_l2e-6_w2e-5_dc_pvtff,3.220000,3.070273,14.972684,-0.1821,0.818122
C_cascode_n33_ff_l2e-6_w2e-5_dc_pvtff,3.240000,3.090265,14.973528,-0.1765,0.818122
C_cascode_n33_ff_l2e-6_w2e-5_dc_pvtff,3.260000,3.110255,14.974453,-0.1703,0.818122
C_cascode_n33_ff_l2e-6_w2e-5_dc_pvtff,3.280000,3.130245,14.975465,-0.1636,0.818122
C_cascode_n33_ff_l2e-6_w2e-5_dc_pvtff,3.300000,3.150234,14.976571,-0.1562,0.818122
C_cascode_n33_tt_l2e-6_w2e-5_dc_offstate,0.000000,0.000000,-0.000000,-100.0000,-0.000000
C_cascode_n33_tt_l2e-6_w2e-5_dc_offstate,0.020000,0.020000,0.000000,-100.0000,0.000000
C_cascode_n33_tt_l2e-6_w2e-5_dc_offstate,0.040000,0.040000,0.000000,-100.0000,0.000000
C_cascode_n33_tt_l2e-6_w2e-5_dc_offstate,0.060000,0.060000,0.000000,-100.0000,0.000000
C_cascode_n33_tt_l2e-6_w2e-5_dc_offstate,0.080000,0.080000,0.000000,-100.0000,0.000000
C_cascode_n33_tt_l2e-6_w2e-5_dc_offstate,0.100000,0.100000,0.000000,-100.0000,0.000000
C_cascode_n33_tt_l2e-6_w2e-5_dc_offstate,0.120000,0.120000,0.000000,-100.0000,0.000000
C_cascode_n33_tt_l2e-6_w2e-5_dc_offstate,0.140000,0.140000,0.000000,-100.0000,0.000000
C_cascode_n33_tt_l2e-6_w2e-5_dc_offstate,0.160000,0.160000,0.000000,-100.0000,0.000000
C_cascode_n33_tt_l2e-6_w2e-5_dc_offstate,0.180000,0.180000,0.000000,-100.0000,0.000000
C_cascode_n33_tt_l2e-6_w2e-5_dc_offstate,0.200000,0.200000,0.000000,-100.0000,0.000000
C_cascode_n33_tt_l2e-6_w2e-5_dc_offstate,0.220000,0.220000,0.000000,-100.0000,0.000000
C_cascode_n33_tt_l2e-6_w2e-5_dc_offstate,0.240000,0.240000,0.000000,-100.0000,0.000000
C_cascode_n33_tt_l2e-6_w2e-5_dc_offstate,0.260000,0.260000,0.000000,-100.0000,0.000000
C_cascode_n33_tt_l2e-6_w2e-5_dc_offstate,0.280000,0.280000,0.000000,-100.0000,0.000000
C_cascode_n33_tt_l2e-6_w2e-5_dc_offstate,0.300000,0.300000,0.000000,-100.0000,0.000000
C_cascode_n33_tt_l2e-6_w2e-5_dc_offstate,0.320000,0.320000,0.000000,-100.0000,0.000000
C_cascode_n33_tt_l2e-6_w2e-5_dc_offstate,0.340000,0.340000,0.000000,-100.0000,0.000000
C_cascode_n33_tt_l2e-6_w2e-5_dc_offstate,0.360000,0.360000,0.000000,-100.0000,0.000000
C_cascode_n33_tt_l2e-6_w2e-5_dc_offstate,0.380000,0.380000,0.000000,-100.0000,0.000000
C_cascode_n33_tt_l2e-6_w2e-5_dc_offstate,0.400000,0.400000,0.000000,-100.0000,0.000000
C_cascode_n33_tt_l2e-6_w2e-5_dc_offstate,0.420000,0.420000,0.000000,-100.0000,0.000000
C_cascode_n33_tt_l2e-6_w2e-5_dc_offstate,0.440000,0.440000,0.000000,-100.0000,0.000000
C_cascode_n33_tt_l2e-6_w2e-5_dc_offstate,0.460000,0.460000,0.000000,-100.0000,0.000000
C_cascode_n33_tt_l2e-6_w2e-5_dc_offstate,0.480000,0.480000,0.000000,-100.0000,0.000000
C_cascode_n33_tt_l2e-6_w2e-5_dc_offstate,0.500000,0.500000,0.000000,-100.0000,0.000000
C_cascode_n33_tt_l2e-6_w2e-5_dc_offstate,0.520000,0.520000,0.000000,-100.0000,0.000000
C_cascode_n33_tt_l2e-6_w2e-5_dc_offstate,0.540000,0.540000,0.000000,-100.0000,0.000000
C_cascode_n33_tt_l2e-6_w2e-5_dc_offstate,0.560000,0.560000,0.000000,-100.0000,0.000000
C_cascode_n33_tt_l2e-6_w2e-5_dc_offstate,0.580000,0.580000,0.000000,-100.0000,0.000000
C_cascode_n33_tt_l2e-6_w2e-5_dc_offstate,0.600000,0.600000,0.000000,-100.0000,0.000000
C_cascode_n33_tt_l2e-6_w2e-5_dc_offstate,0.620000,0.620000,0.000000,-100.0000,0.000000
C_cascode_n33_tt_l2e-6_w2e-5_dc_offstate,0.640000,0.640000,0.000000,-100.0000,0.000000
C_cascode_n33_tt_l2e-6_w2e-5_dc_offstate,0.660000,0.660000,0.000000,-100.0000,0.000000
C_cascode_n33_tt_l2e-6_w2e-5_dc_offstate,0.680000,0.680000,0.000000,-100.0000,0.000000
C_cascode_n33_tt_l2e-6_w2e-5_dc_offstate,0.700000,0.700000,0.000000,-100.0000,0.000000
C_cascode_n33_tt_l2e-6_w2e-5_dc_offstate,0.720000,0.720000,0.000000,-100.0000,0.000000
C_cascode_n33_tt_l2e-6_w2e-5_dc_offstate,0.740000,0.740000,0.000000,-100.0000,0.000000
C_cascode_n33_tt_l2e-6_w2e-5_dc_offstate,0.760000,0.760000,0.000000,-100.0000,0.000000
C_cascode_n33_tt_l2e-6_w2e-5_dc_offstate,0.780000,0.780000,0.000000,-100.0000,0.000000
C_cascode_n33_tt_l2e-6_w2e-5_dc_offstate,0.800000,0.800000,0.000000,-100.0000,0.000000
C_cascode_n33_tt_l2e-6_w2e-5_dc_offstate,0.820000,0.820000,0.000000,-100.0000,0.000000
C_cascode_n33_tt_l2e-6_w2e-5_dc_offstate,0.840000,0.840000,0.000000,-100.0000,0.000000
C_cascode_n33_tt_l2e-6_w2e-5_dc_offstate,0.860000,0.860000,0.000000,-100.0000,0.000000
C_cascode_n33_tt_l2e-6_w2e-5_dc_offstate,0.880000,0.880000,0.000000,-100.0000,0.000000
C_cascode_n33_tt_l2e-6_w2e-5_dc_offstate,0.900000,0.900000,0.000000,-100.0000,0.000000
C_cascode_n33_tt_l2e-6_w2e-5_dc_offstate,0.920000,0.920000,0.000000,-100.0000,0.000000
C_cascode_n33_tt_l2e-6_w2e-5_dc_offstate,0.940000,0.940000,0.000000,-100.0000,0.000000
C_cascode_n33_tt_l2e-6_w2e-5_dc_offstate,0.960000,0.960000,0.000000,-100.0000,0.000000
C_cascode_n33_tt_l2e-6_w2e-5_dc_offstate,0.980000,0.980000,0.000001,-100.0000,0.000000
C_cascode_n33_tt_l2e-6_w2e-5_dc_offstate,1.000000,1.000000,0.000001,-100.0000,0.000000
C_cascode_n33_tt_l2e-6_w2e-5_dc_offstate,1.020000,1.020000,0.000001,-100.0000,0.000000
C_cascode_n33_tt_l2e-6_w2e-5_dc_offstate,1.040000,1.040000,0.000001,-100.0000,0.000000
C_cascode_n33_tt_l2e-6_w2e-5_dc_offstate,1.060000,1.060000,0.000001,-100.0000,0.000000
C_cascode_n33_tt_l2e-6_w2e-5_dc_offstate,1.080000,1.080000,0.000001,-100.0000,0.000000
C_cascode_n33_tt_l2e-6_w2e-5_dc_offstate,1.100000,1.100000,0.000001,-100.0000,0.000000
C_cascode_n33_tt_l2e-6_w2e-5_dc_offstate,1.120000,1.120000,0.000001,-100.0000,0.000000
C_cascode_n33_tt_l2e-6_w2e-5_dc_offstate,1.140000,1.140000,0.000001,-100.0000,0.000000
C_cascode_n33_tt_l2e-6_w2e-5_dc_offstate,1.160000,1.160000,0.000001,-100.0000,0.000000
C_cascode_n33_tt_l2e-6_w2e-5_dc_offstate,1.180000,1.180000,0.000001,-100.0000,0.000000
C_cascode_n33_tt_l2e-6_w2e-5_dc_offstate,1.200000,1.200000,0.000001,-100.0000,0.000000
C_cascode_n33_tt_l2e-6_w2e-5_dc_offstate,1.220000,1.220000,0.000001,-100.0000,0.000000
C_cascode_n33_tt_l2e-6_w2e-5_dc_offstate,1.240000,1.240000,0.000001,-100.0000,0.000000
C_cascode_n33_tt_l2e-6_w2e-5_dc_offstate,1.260000,1.260000,0.000001,-100.0000,0.000000
C_cascode_n33_tt_l2e-6_w2e-5_dc_offstate,1.280000,1.280000,0.000001,-100.0000,0.000000
C_cascode_n33_tt_l2e-6_w2e-5_dc_offstate,1.300000,1.300000,0.000001,-100.0000,0.000000
C_cascode_n33_tt_l2e-6_w2e-5_dc_offstate,1.320000,1.320000,0.000001,-100.0000,0.000000
C_cascode_n33_tt_l2e-6_w2e-5_dc_offstate,1.340000,1.340000,0.000001,-100.0000,0.000000
C_cascode_n33_tt_l2e-6_w2e-5_dc_offstate,1.360000,1.360000,0.000001,-100.0000,0.000000
C_cascode_n33_tt_l2e-6_w2e-5_dc_offstate,1.380000,1.380000,0.000001,-100.0000,0.000000
C_cascode_n33_tt_l2e-6_w2e-5_dc_offstate,1.400000,1.400000,0.000001,-100.0000,0.000000
C_cascode_n33_tt_l2e-6_w2e-5_dc_offstate,1.420000,1.420000,0.000001,-100.0000,0.000000
C_cascode_n33_tt_l2e-6_w2e-5_dc_offstate,1.440000,1.440000,0.000001,-100.0000,0.000000
C_cascode_n33_tt_l2e-6_w2e-5_dc_offstate,1.460000,1.460000,0.000001,-100.0000,0.000000
C_cascode_n33_tt_l2e-6_w2e-5_dc_offstate,1.480000,1.480000,0.000001,-100.0000,0.000000
C_cascode_n33_tt_l2e-6_w2e-5_dc_offstate,1.500000,1.500000,0.000001,-100.0000,0.000000
C_cascode_n33_tt_l2e-6_w2e-5_dc_offstate,1.520000,1.520000,0.000001,-100.0000,0.000000
C_cascode_n33_tt_l2e-6_w2e-5_dc_offstate,1.540000,1.540000,0.000001,-100.0000,0.000000
C_cascode_n33_tt_l2e-6_w2e-5_dc_offstate,1.560000,1.560000,0.000001,-100.0000,0.000000
C_cascode_n33_tt_l2e-6_w2e-5_dc_offstate,1.580000,1.580000,0.000001,-100.0000,0.000000
C_cascode_n33_tt_l2e-6_w2e-5_dc_offstate,1.600000,1.600000,0.000001,-100.0000,0.000000
C_cascode_n33_tt_l2e-6_w2e-5_dc_offstate,1.620000,1.620000,0.000001,-100.0000,0.000000
C_cascode_n33_tt_l2e-6_w2e-5_dc_offstate,1.640000,1.640000,0.000001,-100.0000,0.000000
C_cascode_n33_tt_l2e-6_w2e-5_dc_offstate,1.660000,1.660000,0.000001,-100.0000,0.000000
C_cascode_n33_tt_l2e-6_w2e-5_dc_offstate,1.680000,1.680000,0.000001,-100.0000,0.000000
C_cascode_n33_tt_l2e-6_w2e-5_dc_offstate,1.700000,1.700000,0.000001,-100.0000,0.000000
C_cascode_n33_tt_l2e-6_w2e-5_dc_offstate,1.720000,1.720000,0.000001,-100.0000,0.000000
C_cascode_n33_tt_l2e-6_w2e-5_dc_offstate,1.740000,1.740000,0.000001,-100.0000,0.000000
C_cascode_n33_tt_l2e-6_w2e-5_dc_offstate,1.760000,1.760000,0.000001,-100.0000,0.000000
C_cascode_n33_tt_l2e-6_w2e-5_dc_offstate,1.780000,1.780000,0.000001,-100.0000,0.000000
C_cascode_n33_tt_l2e-6_w2e-5_dc_offstate,1.800000,1.800000,0.000001,-100.0000,0.000000
C_cascode_n33_tt_l2e-6_w2e-5_dc_offstate,1.820000,1.820000,0.000001,-100.0000,0.000000
C_cascode_n33_tt_l2e-6_w2e-5_dc_offstate,1.840000,1.840000,0.000001,-100.0000,0.000000
C_cascode_n33_tt_l2e-6_w2e-5_dc_offstate,1.860000,1.860000,0.000001,-100.0000,0.000000
C_cascode_n33_tt_l2e-6_w2e-5_dc_offstate,1.880000,1.880000,0.000001,-100.0000,0.000000
C_cascode_n33_tt_l2e-6_w2e-5_dc_offstate,1.900000,1.900000,0.000001,-100.0000,0.000000
C_cascode_n33_tt_l2e-6_w2e-5_dc_offstate,1.920000,1.920000,0.000001,-100.0000,0.000000
C_cascode_n33_tt_l2e-6_w2e-5_dc_offstate,1.940000,1.940000,0.000001,-100.0000,0.000000
C_cascode_n33_tt_l2e-6_w2e-5_dc_offstate,1.960000,1.960000,0.000001,-100.0000,0.000000
C_cascode_n33_tt_l2e-6_w2e-5_dc_offstate,1.980000,1.980000,0.000001,-100.0000,0.000000
C_cascode_n33_tt_l2e-6_w2e-5_dc_offstate,2.000000,2.000000,0.000001,-100.0000,0.000000
C_cascode_n33_tt_l2e-6_w2e-5_dc_offstate,2.020000,2.020000,0.000001,-100.0000,0.000000
C_cascode_n33_tt_l2e-6_w2e-5_dc_offstate,2.040000,2.040000,0.000001,-100.0000,0.000000
C_cascode_n33_tt_l2e-6_w2e-5_dc_offstate,2.060000,2.060000,0.000001,-100.0000,0.000000
C_cascode_n33_tt_l2e-6_w2e-5_dc_offstate,2.080000,2.080000,0.000001,-100.0000,0.000000
C_cascode_n33_tt_l2e-6_w2e-5_dc_offstate,2.100000,2.100000,0.000001,-100.0000,0.000000
C_cascode_n33_tt_l2e-6_w2e-5_dc_offstate,2.120000,2.120000,0.000001,-100.0000,0.000000
C_cascode_n33_tt_l2e-6_w2e-5_dc_offstate,2.140000,2.140000,0.000001,-100.0000,0.000000
C_cascode_n33_tt_l2e-6_w2e-5_dc_offstate,2.160000,2.160000,0.000002,-100.0000,0.000000
C_cascode_n33_tt_l2e-6_w2e-5_dc_offstate,2.180000,2.180000,0.000002,-100.0000,0.000000
C_cascode_n33_tt_l2e-6_w2e-5_dc_offstate,2.200000,2.200000,0.000002,-100.0000,0.000000
C_cascode_n33_tt_l2e-6_w2e-5_dc_offstate,2.220000,2.220000,0.000002,-100.0000,0.000000
C_cascode_n33_tt_l2e-6_w2e-5_dc_offstate,2.240000,2.240000,0.000002,-100.0000,0.000000
C_cascode_n33_tt_l2e-6_w2e-5_dc_offstate,2.260000,2.260000,0.000002,-100.0000,0.000000
C_cascode_n33_tt_l2e-6_w2e-5_dc_offstate,2.280000,2.280000,0.000002,-100.0000,0.000000
C_cascode_n33_tt_l2e-6_w2e-5_dc_offstate,2.300000,2.300000,0.000002,-100.0000,0.000000
C_cascode_n33_tt_l2e-6_w2e-5_dc_offstate,2.320000,2.320000,0.000002,-100.0000,0.000000
C_cascode_n33_tt_l2e-6_w2e-5_dc_offstate,2.340000,2.340000,0.000002,-100.0000,0.000000
C_cascode_n33_tt_l2e-6_w2e-5_dc_offstate,2.360000,2.360000,0.000002,-100.0000,0.000000
C_cascode_n33_tt_l2e-6_w2e-5_dc_offstate,2.380000,2.380000,0.000002,-100.0000,0.000000
C_cascode_n33_tt_l2e-6_w2e-5_dc_offstate,2.400000,2.400000,0.000002,-100.0000,0.000000
C_cascode_n33_tt_l2e-6_w2e-5_dc_offstate,2.420000,2.420000,0.000002,-100.0000,0.000000
C_cascode_n33_tt_l2e-6_w2e-5_dc_offstate,2.440000,2.440000,0.000002,-100.0000,0.000000
C_cascode_n33_tt_l2e-6_w2e-5_dc_offstate,2.460000,2.460000,0.000002,-100.0000,0.000000
C_cascode_n33_tt_l2e-6_w2e-5_dc_offstate,2.480000,2.480000,0.000002,-100.0000,0.000000
C_cascode_n33_tt_l2e-6_w2e-5_dc_offstate,2.500000,2.500000,0.000002,-100.0000,0.000000
C_cascode_n33_tt_l2e-6_w2e-5_dc_offstate,2.520000,2.520000,0.000002,-100.0000,0.000000
C_cascode_n33_tt_l2e-6_w2e-5_dc_offstate,2.540000,2.540000,0.000002,-100.0000,0.000000
C_cascode_n33_tt_l2e-6_w2e-5_dc_offstate,2.560000,2.560000,0.000002,-100.0000,0.000000
C_cascode_n33_tt_l2e-6_w2e-5_dc_offstate,2.580000,2.580000,0.000002,-100.0000,0.000000
C_cascode_n33_tt_l2e-6_w2e-5_dc_offstate,2.600000,2.600000,0.000002,-100.0000,0.000000
C_cascode_n33_tt_l2e-6_w2e-5_dc_offstate,2.620000,2.620000,0.000002,-100.0000,0.000000
C_cascode_n33_tt_l2e-6_w2e-5_dc_offstate,2.640000,2.640000,0.000002,-100.0000,0.000000
C_cascode_n33_tt_l2e-6_w2e-5_dc_offstate,2.660000,2.660000,0.000002,-100.0000,0.000000
C_cascode_n33_tt_l2e-6_w2e-5_dc_offstate,2.680000,2.680000,0.000002,-100.0000,0.000000
C_cascode_n33_tt_l2e-6_w2e-5_dc_offstate,2.700000,2.700000,0.000003,-100.0000,0.000000
C_cascode_n33_tt_l2e-6_w2e-5_dc_offstate,2.720000,2.720000,0.000003,-100.0000,0.000000
C_cascode_n33_tt_l2e-6_w2e-5_dc_offstate,2.740000,2.740000,0.000003,-100.0000,0.000000
C_cascode_n33_tt_l2e-6_w2e-5_dc_offstate,2.760000,2.760000,0.000003,-100.0000,0.000000
C_cascode_n33_tt_l2e-6_w2e-5_dc_offstate,2.780000,2.780000,0.000003,-100.0000,0.000000
C_cascode_n33_tt_l2e-6_w2e-5_dc_offstate,2.800000,2.800000,0.000003,-100.0000,0.000000
C_cascode_n33_tt_l2e-6_w2e-5_dc_offstate,2.820000,2.820000,0.000003,-100.0000,0.000000
C_cascode_n33_tt_l2e-6_w2e-5_dc_offstate,2.840000,2.840000,0.000003,-100.0000,0.000000
C_cascode_n33_tt_l2e-6_w2e-5_dc_offstate,2.860000,2.860000,0.000003,-100.0000,0.000000
C_cascode_n33_tt_l2e-6_w2e-5_dc_offstate,2.880000,2.880000,0.000003,-100.0000,0.000000
C_cascode_n33_tt_l2e-6_w2e-5_dc_offstate,2.900000,2.900000,0.000003,-100.0000,0.000000
C_cascode_n33_tt_l2e-6_w2e-5_dc_offstate,2.920000,2.920000,0.000003,-100.0000,0.000000
C_cascode_n33_tt_l2e-6_w2e-5_dc_offstate,2.940000,2.940000,0.000003,-100.0000,0.000000
C_cascode_n33_tt_l2e-6_w2e-5_dc_offstate,2.960000,2.960000,0.000003,-100.0000,0.000000
C_cascode_n33_tt_l2e-6_w2e-5_dc_offstate,2.980000,2.980000,0.000003,-100.0000,0.000000
C_cascode_n33_tt_l2e-6_w2e-5_dc_offstate,3.000000,3.000000,0.000003,-100.0000,0.000000
C_cascode_n33_tt_l2e-6_w2e-5_dc_offstate,3.020000,3.020000,0.000003,-100.0000,0.000000
C_cascode_n33_tt_l2e-6_w2e-5_dc_offstate,3.040000,3.040000,0.000004,-100.0000,0.000000
C_cascode_n33_tt_l2e-6_w2e-5_dc_offstate,3.060000,3.060000,0.000004,-100.0000,0.000000
C_cascode_n33_tt_l2e-6_w2e-5_dc_offstate,3.080000,3.080000,0.000004,-100.0000,0.000000
C_cascode_n33_tt_l2e-6_w2e-5_dc_offstate,3.100000,3.100000,0.000004,-100.0000,0.000000
C_cascode_n33_tt_l2e-6_w2e-5_dc_offstate,3.120000,3.120000,0.000004,-100.0000,0.000000
C_cascode_n33_tt_l2e-6_w2e-5_dc_offstate,3.140000,3.140000,0.000004,-100.0000,0.000000
C_cascode_n33_tt_l2e-6_w2e-5_dc_offstate,3.160000,3.160000,0.000004,-100.0000,0.000000
C_cascode_n33_tt_l2e-6_w2e-5_dc_offstate,3.180000,3.180000,0.000004,-100.0000,0.000000
C_cascode_n33_tt_l2e-6_w2e-5_dc_offstate,3.200000,3.200000,0.000004,-100.0000,0.000000
C_cascode_n33_tt_l2e-6_w2e-5_dc_offstate,3.220000,3.220000,0.000004,-100.0000,0.000000
C_cascode_n33_tt_l2e-6_w2e-5_dc_offstate,3.240000,3.240000,0.000004,-100.0000,0.000000
C_cascode_n33_tt_l2e-6_w2e-5_dc_offstate,3.260000,3.260000,0.000004,-100.0000,0.000000
C_cascode_n33_tt_l2e-6_w2e-5_dc_offstate,3.280000,3.280000,0.000004,-100.0000,0.000000
C_cascode_n33_tt_l2e-6_w2e-5_dc_offstate,3.300000,3.300000,0.000005,-100.0000,0.000000
C_cascode_n33_tt_l2e-6_w2e-5_dc_rep1,0.000000,0.000000,-0.000000,-100.0000,0.884261
C_cascode_n33_tt_l2e-6_w2e-5_dc_rep1,0.050000,0.015705,3.429527,-77.1365,0.884261
C_cascode_n33_tt_l2e-6_w2e-5_dc_rep1,0.100000,0.033029,6.697104,-55.3526,0.884261
C_cascode_n33_tt_l2e-6_w2e-5_dc_rep1,0.150000,0.052685,9.731472,-35.1235,0.884261
C_cascode_n33_tt_l2e-6_w2e-5_dc_rep1,0.200000,0.076156,12.384414,-17.4372,0.884261
C_cascode_n33_tt_l2e-6_w2e-5_dc_rep1,0.250000,0.107830,14.216962,-5.2203,0.884261
C_cascode_n33_tt_l2e-6_w2e-5_dc_rep1,0.300000,0.153834,14.616625,-2.5558,0.884261
C_cascode_n33_tt_l2e-6_w2e-5_dc_rep1,0.350000,0.203096,14.690409,-2.0639,0.884261
C_cascode_n33_tt_l2e-6_w2e-5_dc_rep1,0.400000,0.252624,14.737645,-1.7490,0.884261
C_cascode_n33_tt_l2e-6_w2e-5_dc_rep1,0.450000,0.302265,14.773536,-1.5098,0.884261
C_cascode_n33_tt_l2e-6_w2e-5_dc_rep1,0.500000,0.351970,14.802980,-1.3135,0.884261
C_cascode_n33_tt_l2e-6_w2e-5_dc_rep1,0.550000,0.401718,14.828172,-1.1455,0.884261
C_cascode_n33_tt_l2e-6_w2e-5_dc_rep1,0.600000,0.451497,14.850271,-0.9982,0.884261
C_cascode_n33_tt_l2e-6_w2e-5_dc_rep1,0.650000,0.501301,14.869913,-0.8672,0.884261
C_cascode_n33_tt_l2e-6_w2e-5_dc_rep1,0.700000,0.551126,14.887406,-0.7506,0.884261
C_cascode_n33_tt_l2e-6_w2e-5_dc_rep1,0.750000,0.600972,14.902774,-0.6482,0.884261
C_cascode_n33_tt_l2e-6_w2e-5_dc_rep1,0.800000,0.650843,14.915711,-0.5619,0.884261
C_cascode_n33_tt_l2e-6_w2e-5_dc_rep1,0.850000,0.700745,14.925460,-0.4969,0.884261
C_cascode_n33_tt_l2e-6_w2e-5_dc_rep1,0.900000,0.750693,14.930715,-0.4619,0.884261
C_cascode_n33_tt_l2e-6_w2e-5_dc_rep1,0.950000,0.800685,14.931486,-0.4568,0.884261
C_cascode_n33_tt_l2e-6_w2e-5_dc_rep1,1.000000,0.850684,14.931602,-0.4560,0.884261
C_cascode_n33_tt_l2e-6_w2e-5_dc_rep1,1.050000,0.900683,14.931674,-0.4555,0.884261
C_cascode_n33_tt_l2e-6_w2e-5_dc_rep1,1.100000,0.950683,14.931729,-0.4551,0.884261
C_cascode_n33_tt_l2e-6_w2e-5_dc_rep1,1.150000,1.000682,14.931774,-0.4548,0.884261
C_cascode_n33_tt_l2e-6_w2e-5_dc_rep1,1.200000,1.050682,14.931812,-0.4546,0.884261
C_cascode_n33_tt_l2e-6_w2e-5_dc_rep1,1.250000,1.100682,14.931846,-0.4544,0.884261
C_cascode_n33_tt_l2e-6_w2e-5_dc_rep1,1.300000,1.150681,14.931877,-0.4542,0.884261
C_cascode_n33_tt_l2e-6_w2e-5_dc_rep1,1.350000,1.200681,14.931906,-0.4540,0.884261
C_cascode_n33_tt_l2e-6_w2e-5_dc_rep1,1.400000,1.250681,14.931932,-0.4538,0.884261
C_cascode_n33_tt_l2e-6_w2e-5_dc_rep1,1.450000,1.300680,14.931957,-0.4536,0.884261
C_cascode_n33_tt_l2e-6_w2e-5_dc_rep1,1.500000,1.350680,14.931981,-0.4535,0.884261
C_cascode_n33_tt_l2e-6_w2e-5_dc_rep1,1.550000,1.400680,14.932003,-0.4533,0.884261
C_cascode_n33_tt_l2e-6_w2e-5_dc_rep1,1.600000,1.450680,14.932025,-0.4532,0.884261
C_cascode_n33_tt_l2e-6_w2e-5_dc_rep1,1.650000,1.500680,14.932045,-0.4530,0.884261
C_cascode_n33_tt_l2e-6_w2e-5_dc_rep1,1.700000,1.550679,14.932065,-0.4529,0.884261
C_cascode_n33_tt_l2e-6_w2e-5_dc_rep1,1.750000,1.600679,14.932085,-0.4528,0.884261
C_cascode_n33_tt_l2e-6_w2e-5_dc_rep1,1.800000,1.650679,14.932103,-0.4526,0.884261
C_cascode_n33_tt_l2e-6_w2e-5_dc_rep1,1.850000,1.700679,14.932122,-0.4525,0.884261
C_cascode_n33_tt_l2e-6_w2e-5_dc_rep1,1.900000,1.750679,14.932140,-0.4524,0.884261
C_cascode_n33_tt_l2e-6_w2e-5_dc_rep1,1.950000,1.800678,14.932157,-0.4523,0.884261
C_cascode_n33_tt_l2e-6_w2e-5_dc_rep1,2.000000,1.850678,14.932174,-0.4522,0.884261
C_cascode_n33_tt_l2e-6_w2e-5_dc_rep1,2.050000,1.900678,14.932191,-0.4521,0.884261
C_cascode_n33_tt_l2e-6_w2e-5_dc_rep1,2.100000,1.950678,14.932207,-0.4520,0.884261
C_cascode_n33_tt_l2e-6_w2e-5_dc_rep1,2.150000,2.000678,14.932223,-0.4518,0.884261
C_cascode_n33_tt_l2e-6_w2e-5_dc_rep1,2.200000,2.050678,14.932240,-0.4517,0.884261
C_cascode_n33_tt_l2e-6_w2e-5_dc_rep1,2.250000,2.100677,14.932256,-0.4516,0.884261
C_cascode_n33_tt_l2e-6_w2e-5_dc_rep1,2.300000,2.150677,14.932273,-0.4515,0.884261
C_cascode_n33_tt_l2e-6_w2e-5_dc_rep1,2.350000,2.200677,14.932291,-0.4514,0.884261
C_cascode_n33_tt_l2e-6_w2e-5_dc_rep1,2.400000,2.250677,14.932311,-0.4513,0.884261
C_cascode_n33_tt_l2e-6_w2e-5_dc_rep1,2.450000,2.300677,14.932335,-0.4511,0.884261
C_cascode_n33_tt_l2e-6_w2e-5_dc_rep1,2.500000,2.350676,14.932366,-0.4509,0.884261
C_cascode_n33_tt_l2e-6_w2e-5_dc_rep1,2.550000,2.400676,14.932406,-0.4506,0.884261
C_cascode_n33_tt_l2e-6_w2e-5_dc_rep1,2.600000,2.450675,14.932461,-0.4503,0.884261
C_cascode_n33_tt_l2e-6_w2e-5_dc_rep1,2.650000,2.500675,14.932539,-0.4497,0.884261
C_cascode_n33_tt_l2e-6_w2e-5_dc_rep1,2.700000,2.550674,14.932648,-0.4490,0.884261
C_cascode_n33_tt_l2e-6_w2e-5_dc_rep1,2.750000,2.600672,14.932801,-0.4480,0.884261
C_cascode_n33_tt_l2e-6_w2e-5_dc_rep1,2.800000,2.650670,14.933015,-0.4466,0.884261
C_cascode_n33_tt_l2e-6_w2e-5_dc_rep1,2.850000,2.700667,14.933310,-0.4446,0.884261
C_cascode_n33_tt_l2e-6_w2e-5_dc_rep1,2.900000,2.750663,14.933714,-0.4419,0.884261
C_cascode_n33_tt_l2e-6_w2e-5_dc_rep1,2.950000,2.800657,14.934258,-0.4383,0.884261
C_cascode_n33_tt_l2e-6_w2e-5_dc_rep1,3.000000,2.850650,14.934983,-0.4334,0.884261
C_cascode_n33_tt_l2e-6_w2e-5_dc_rep1,3.050000,2.900641,14.935936,-0.4271,0.884261
C_cascode_n33_tt_l2e-6_w2e-5_dc_rep1,3.100000,2.950628,14.937174,-0.4188,0.884261
C_cascode_n33_tt_l2e-6_w2e-5_dc_rep1,3.150000,3.000612,14.938764,-0.4082,0.884261
C_cascode_n33_tt_l2e-6_w2e-5_dc_rep1,3.200000,3.050592,14.940783,-0.3948,0.884261
C_cascode_n33_tt_l2e-6_w2e-5_dc_rep1,3.250000,3.100567,14.943321,-0.3779,0.884261
C_cascode_n33_tt_l2e-6_w2e-5_dc_rep1,3.300000,3.150535,14.946478,-0.3568,0.884261
C_cascode_n33_tt_l2e-6_w2e-5_dc_rep2,0.000000,0.000000,-0.000000,-100.0000,0.884261
C_cascode_n33_tt_l2e-6_w2e-5_dc_rep2,0.050000,0.015705,3.429527,-77.1365,0.884261
C_cascode_n33_tt_l2e-6_w2e-5_dc_rep2,0.100000,0.033029,6.697104,-55.3526,0.884261
C_cascode_n33_tt_l2e-6_w2e-5_dc_rep2,0.150000,0.052685,9.731472,-35.1235,0.884261
C_cascode_n33_tt_l2e-6_w2e-5_dc_rep2,0.200000,0.076156,12.384414,-17.4372,0.884261
C_cascode_n33_tt_l2e-6_w2e-5_dc_rep2,0.250000,0.107830,14.216962,-5.2203,0.884261
C_cascode_n33_tt_l2e-6_w2e-5_dc_rep2,0.300000,0.153834,14.616625,-2.5558,0.884261
C_cascode_n33_tt_l2e-6_w2e-5_dc_rep2,0.350000,0.203096,14.690409,-2.0639,0.884261
C_cascode_n33_tt_l2e-6_w2e-5_dc_rep2,0.400000,0.252624,14.737645,-1.7490,0.884261
C_cascode_n33_tt_l2e-6_w2e-5_dc_rep2,0.450000,0.302265,14.773536,-1.5098,0.884261
C_cascode_n33_tt_l2e-6_w2e-5_dc_rep2,0.500000,0.351970,14.802980,-1.3135,0.884261
C_cascode_n33_tt_l2e-6_w2e-5_dc_rep2,0.550000,0.401718,14.828172,-1.1455,0.884261
C_cascode_n33_tt_l2e-6_w2e-5_dc_rep2,0.600000,0.451497,14.850271,-0.9982,0.884261
C_cascode_n33_tt_l2e-6_w2e-5_dc_rep2,0.650000,0.501301,14.869913,-0.8672,0.884261
C_cascode_n33_tt_l2e-6_w2e-5_dc_rep2,0.700000,0.551126,14.887406,-0.7506,0.884261
C_cascode_n33_tt_l2e-6_w2e-5_dc_rep2,0.750000,0.600972,14.902774,-0.6482,0.884261
C_cascode_n33_tt_l2e-6_w2e-5_dc_rep2,0.800000,0.650843,14.915711,-0.5619,0.884261
C_cascode_n33_tt_l2e-6_w2e-5_dc_rep2,0.850000,0.700745,14.925460,-0.4969,0.884261
C_cascode_n33_tt_l2e-6_w2e-5_dc_rep2,0.900000,0.750693,14.930715,-0.4619,0.884261
C_cascode_n33_tt_l2e-6_w2e-5_dc_rep2,0.950000,0.800685,14.931486,-0.4568,0.884261
C_cascode_n33_tt_l2e-6_w2e-5_dc_rep2,1.000000,0.850684,14.931602,-0.4560,0.884261
C_cascode_n33_tt_l2e-6_w2e-5_dc_rep2,1.050000,0.900683,14.931674,-0.4555,0.884261
C_cascode_n33_tt_l2e-6_w2e-5_dc_rep2,1.100000,0.950683,14.931729,-0.4551,0.884261
C_cascode_n33_tt_l2e-6_w2e-5_dc_rep2,1.150000,1.000682,14.931774,-0.4548,0.884261
C_cascode_n33_tt_l2e-6_w2e-5_dc_rep2,1.200000,1.050682,14.931812,-0.4546,0.884261
C_cascode_n33_tt_l2e-6_w2e-5_dc_rep2,1.250000,1.100682,14.931846,-0.4544,0.884261
C_cascode_n33_tt_l2e-6_w2e-5_dc_rep2,1.300000,1.150681,14.931877,-0.4542,0.884261
C_cascode_n33_tt_l2e-6_w2e-5_dc_rep2,1.350000,1.200681,14.931906,-0.4540,0.884261
C_cascode_n33_tt_l2e-6_w2e-5_dc_rep2,1.400000,1.250681,14.931932,-0.4538,0.884261
C_cascode_n33_tt_l2e-6_w2e-5_dc_rep2,1.450000,1.300680,14.931957,-0.4536,0.884261
C_cascode_n33_tt_l2e-6_w2e-5_dc_rep2,1.500000,1.350680,14.931981,-0.4535,0.884261
C_cascode_n33_tt_l2e-6_w2e-5_dc_rep2,1.550000,1.400680,14.932003,-0.4533,0.884261
C_cascode_n33_tt_l2e-6_w2e-5_dc_rep2,1.600000,1.450680,14.932025,-0.4532,0.884261
C_cascode_n33_tt_l2e-6_w2e-5_dc_rep2,1.650000,1.500680,14.932045,-0.4530,0.884261
C_cascode_n33_tt_l2e-6_w2e-5_dc_rep2,1.700000,1.550679,14.932065,-0.4529,0.884261
C_cascode_n33_tt_l2e-6_w2e-5_dc_rep2,1.750000,1.600679,14.932085,-0.4528,0.884261
C_cascode_n33_tt_l2e-6_w2e-5_dc_rep2,1.800000,1.650679,14.932103,-0.4526,0.884261
C_cascode_n33_tt_l2e-6_w2e-5_dc_rep2,1.850000,1.700679,14.932122,-0.4525,0.884261
C_cascode_n33_tt_l2e-6_w2e-5_dc_rep2,1.900000,1.750679,14.932140,-0.4524,0.884261
C_cascode_n33_tt_l2e-6_w2e-5_dc_rep2,1.950000,1.800678,14.932157,-0.4523,0.884261
C_cascode_n33_tt_l2e-6_w2e-5_dc_rep2,2.000000,1.850678,14.932174,-0.4522,0.884261
C_cascode_n33_tt_l2e-6_w2e-5_dc_rep2,2.050000,1.900678,14.932191,-0.4521,0.884261
C_cascode_n33_tt_l2e-6_w2e-5_dc_rep2,2.100000,1.950678,14.932207,-0.4520,0.884261
C_cascode_n33_tt_l2e-6_w2e-5_dc_rep2,2.150000,2.000678,14.932223,-0.4518,0.884261
C_cascode_n33_tt_l2e-6_w2e-5_dc_rep2,2.200000,2.050678,14.932240,-0.4517,0.884261
C_cascode_n33_tt_l2e-6_w2e-5_dc_rep2,2.250000,2.100677,14.932256,-0.4516,0.884261
C_cascode_n33_tt_l2e-6_w2e-5_dc_rep2,2.300000,2.150677,14.932273,-0.4515,0.884261
C_cascode_n33_tt_l2e-6_w2e-5_dc_rep2,2.350000,2.200677,14.932291,-0.4514,0.884261
C_cascode_n33_tt_l2e-6_w2e-5_dc_rep2,2.400000,2.250677,14.932311,-0.4513,0.884261
C_cascode_n33_tt_l2e-6_w2e-5_dc_rep2,2.450000,2.300677,14.932335,-0.4511,0.884261
C_cascode_n33_tt_l2e-6_w2e-5_dc_rep2,2.500000,2.350676,14.932366,-0.4509,0.884261
C_cascode_n33_tt_l2e-6_w2e-5_dc_rep2,2.550000,2.400676,14.932406,-0.4506,0.884261
C_cascode_n33_tt_l2e-6_w2e-5_dc_rep2,2.600000,2.450675,14.932461,-0.4503,0.884261
C_cascode_n33_tt_l2e-6_w2e-5_dc_rep2,2.650000,2.500675,14.932539,-0.4497,0.884261
C_cascode_n33_tt_l2e-6_w2e-5_dc_rep2,2.700000,2.550674,14.932648,-0.4490,0.884261
C_cascode_n33_tt_l2e-6_w2e-5_dc_rep2,2.750000,2.600672,14.932801,-0.4480,0.884261
C_cascode_n33_tt_l2e-6_w2e-5_dc_rep2,2.800000,2.650670,14.933015,-0.4466,0.884261
C_cascode_n33_tt_l2e-6_w2e-5_dc_rep2,2.850000,2.700667,14.933310,-0.4446,0.884261
C_cascode_n33_tt_l2e-6_w2e-5_dc_rep2,2.900000,2.750663,14.933714,-0.4419,0.884261
C_cascode_n33_tt_l2e-6_w2e-5_dc_rep2,2.950000,2.800657,14.934258,-0.4383,0.884261
C_cascode_n33_tt_l2e-6_w2e-5_dc_rep2,3.000000,2.850650,14.934983,-0.4334,0.884261
C_cascode_n33_tt_l2e-6_w2e-5_dc_rep2,3.050000,2.900641,14.935936,-0.4271,0.884261
C_cascode_n33_tt_l2e-6_w2e-5_dc_rep2,3.100000,2.950628,14.937174,-0.4188,0.884261
C_cascode_n33_tt_l2e-6_w2e-5_dc_rep2,3.150000,3.000612,14.938764,-0.4082,0.884261
C_cascode_n33_tt_l2e-6_w2e-5_dc_rep2,3.200000,3.050592,14.940783,-0.3948,0.884261
C_cascode_n33_tt_l2e-6_w2e-5_dc_rep2,3.250000,3.100567,14.943321,-0.3779,0.884261
C_cascode_n33_tt_l2e-6_w2e-5_dc_rep2,3.300000,3.150535,14.946478,-0.3568,0.884261
C_cascode_n33_tt_l2e-6_w2e-5_dc_vfyOn,0.000000,0.000000,-0.000000,-100.0000,0.884261
C_cascode_n33_tt_l2e-6_w2e-5_dc_vfyOn,0.050000,0.015705,3.429527,-77.1365,0.884261
C_cascode_n33_tt_l2e-6_w2e-5_dc_vfyOn,0.100000,0.033029,6.697104,-55.3526,0.884261
C_cascode_n33_tt_l2e-6_w2e-5_dc_vfyOn,0.150000,0.052685,9.731472,-35.1235,0.884261
C_cascode_n33_tt_l2e-6_w2e-5_dc_vfyOn,0.200000,0.076156,12.384414,-17.4372,0.884261
C_cascode_n33_tt_l2e-6_w2e-5_dc_vfyOn,0.250000,0.107830,14.216962,-5.2203,0.884261
C_cascode_n33_tt_l2e-6_w2e-5_dc_vfyOn,0.300000,0.153834,14.616625,-2.5558,0.884261
C_cascode_n33_tt_l2e-6_w2e-5_dc_vfyOn,0.350000,0.203096,14.690409,-2.0639,0.884261
C_cascode_n33_tt_l2e-6_w2e-5_dc_vfyOn,0.400000,0.252624,14.737645,-1.7490,0.884261
C_cascode_n33_tt_l2e-6_w2e-5_dc_vfyOn,0.450000,0.302265,14.773536,-1.5098,0.884261
C_cascode_n33_tt_l2e-6_w2e-5_dc_vfyOn,0.500000,0.351970,14.802980,-1.3135,0.884261
C_cascode_n33_tt_l2e-6_w2e-5_dc_vfyOn,0.550000,0.401718,14.828172,-1.1455,0.884261
C_cascode_n33_tt_l2e-6_w2e-5_dc_vfyOn,0.600000,0.451497,14.850271,-0.9982,0.884261
C_cascode_n33_tt_l2e-6_w2e-5_dc_vfyOn,0.650000,0.501301,14.869913,-0.8672,0.884261
C_cascode_n33_tt_l2e-6_w2e-5_dc_vfyOn,0.700000,0.551126,14.887406,-0.7506,0.884261
C_cascode_n33_tt_l2e-6_w2e-5_dc_vfyOn,0.750000,0.600972,14.902774,-0.6482,0.884261
C_cascode_n33_tt_l2e-6_w2e-5_dc_vfyOn,0.800000,0.650843,14.915711,-0.5619,0.884261
C_cascode_n33_tt_l2e-6_w2e-5_dc_vfyOn,0.850000,0.700745,14.925460,-0.4969,0.884261
C_cascode_n33_tt_l2e-6_w2e-5_dc_vfyOn,0.900000,0.750693,14.930715,-0.4619,0.884261
C_cascode_n33_tt_l2e-6_w2e-5_dc_vfyOn,0.950000,0.800685,14.931486,-0.4568,0.884261
C_cascode_n33_tt_l2e-6_w2e-5_dc_vfyOn,1.000000,0.850684,14.931602,-0.4560,0.884261
C_cascode_n33_tt_l2e-6_w2e-5_dc_vfyOn,1.050000,0.900683,14.931674,-0.4555,0.884261
C_cascode_n33_tt_l2e-6_w2e-5_dc_vfyOn,1.100000,0.950683,14.931729,-0.4551,0.884261
C_cascode_n33_tt_l2e-6_w2e-5_dc_vfyOn,1.150000,1.000682,14.931774,-0.4548,0.884261
C_cascode_n33_tt_l2e-6_w2e-5_dc_vfyOn,1.200000,1.050682,14.931812,-0.4546,0.884261
C_cascode_n33_tt_l2e-6_w2e-5_dc_vfyOn,1.250000,1.100682,14.931846,-0.4544,0.884261
C_cascode_n33_tt_l2e-6_w2e-5_dc_vfyOn,1.300000,1.150681,14.931877,-0.4542,0.884261
C_cascode_n33_tt_l2e-6_w2e-5_dc_vfyOn,1.350000,1.200681,14.931906,-0.4540,0.884261
C_cascode_n33_tt_l2e-6_w2e-5_dc_vfyOn,1.400000,1.250681,14.931932,-0.4538,0.884261
C_cascode_n33_tt_l2e-6_w2e-5_dc_vfyOn,1.450000,1.300680,14.931957,-0.4536,0.884261
C_cascode_n33_tt_l2e-6_w2e-5_dc_vfyOn,1.500000,1.350680,14.931981,-0.4535,0.884261
C_cascode_n33_tt_l2e-6_w2e-5_dc_vfyOn,1.550000,1.400680,14.932003,-0.4533,0.884261
C_cascode_n33_tt_l2e-6_w2e-5_dc_vfyOn,1.600000,1.450680,14.932025,-0.4532,0.884261
C_cascode_n33_tt_l2e-6_w2e-5_dc_vfyOn,1.650000,1.500680,14.932045,-0.4530,0.884261
C_cascode_n33_tt_l2e-6_w2e-5_dc_vfyOn,1.700000,1.550679,14.932065,-0.4529,0.884261
C_cascode_n33_tt_l2e-6_w2e-5_dc_vfyOn,1.750000,1.600679,14.932085,-0.4528,0.884261
C_cascode_n33_tt_l2e-6_w2e-5_dc_vfyOn,1.800000,1.650679,14.932103,-0.4526,0.884261
C_cascode_n33_tt_l2e-6_w2e-5_dc_vfyOn,1.850000,1.700679,14.932122,-0.4525,0.884261
C_cascode_n33_tt_l2e-6_w2e-5_dc_vfyOn,1.900000,1.750679,14.932140,-0.4524,0.884261
C_cascode_n33_tt_l2e-6_w2e-5_dc_vfyOn,1.950000,1.800678,14.932157,-0.4523,0.884261
C_cascode_n33_tt_l2e-6_w2e-5_dc_vfyOn,2.000000,1.850678,14.932174,-0.4522,0.884261
C_cascode_n33_tt_l2e-6_w2e-5_dc_vfyOn,2.050000,1.900678,14.932191,-0.4521,0.884261
C_cascode_n33_tt_l2e-6_w2e-5_dc_vfyOn,2.100000,1.950678,14.932207,-0.4520,0.884261
C_cascode_n33_tt_l2e-6_w2e-5_dc_vfyOn,2.150000,2.000678,14.932223,-0.4518,0.884261
C_cascode_n33_tt_l2e-6_w2e-5_dc_vfyOn,2.200000,2.050678,14.932240,-0.4517,0.884261
C_cascode_n33_tt_l2e-6_w2e-5_dc_vfyOn,2.250000,2.100677,14.932256,-0.4516,0.884261
C_cascode_n33_tt_l2e-6_w2e-5_dc_vfyOn,2.300000,2.150677,14.932273,-0.4515,0.884261
C_cascode_n33_tt_l2e-6_w2e-5_dc_vfyOn,2.350000,2.200677,14.932291,-0.4514,0.884261
C_cascode_n33_tt_l2e-6_w2e-5_dc_vfyOn,2.400000,2.250677,14.932311,-0.4513,0.884261
C_cascode_n33_tt_l2e-6_w2e-5_dc_vfyOn,2.450000,2.300677,14.932335,-0.4511,0.884261
C_cascode_n33_tt_l2e-6_w2e-5_dc_vfyOn,2.500000,2.350676,14.932366,-0.4509,0.884261
C_cascode_n33_tt_l2e-6_w2e-5_dc_vfyOn,2.550000,2.400676,14.932406,-0.4506,0.884261
C_cascode_n33_tt_l2e-6_w2e-5_dc_vfyOn,2.600000,2.450675,14.932461,-0.4503,0.884261
C_cascode_n33_tt_l2e-6_w2e-5_dc_vfyOn,2.650000,2.500675,14.932539,-0.4497,0.884261
C_cascode_n33_tt_l2e-6_w2e-5_dc_vfyOn,2.700000,2.550674,14.932648,-0.4490,0.884261
C_cascode_n33_tt_l2e-6_w2e-5_dc_vfyOn,2.750000,2.600672,14.932801,-0.4480,0.884261
C_cascode_n33_tt_l2e-6_w2e-5_dc_vfyOn,2.800000,2.650670,14.933015,-0.4466,0.884261
C_cascode_n33_tt_l2e-6_w2e-5_dc_vfyOn,2.850000,2.700667,14.933310,-0.4446,0.884261
C_cascode_n33_tt_l2e-6_w2e-5_dc_vfyOn,2.900000,2.750663,14.933714,-0.4419,0.884261
C_cascode_n33_tt_l2e-6_w2e-5_dc_vfyOn,2.950000,2.800657,14.934258,-0.4383,0.884261
C_cascode_n33_tt_l2e-6_w2e-5_dc_vfyOn,3.000000,2.850650,14.934983,-0.4334,0.884261
C_cascode_n33_tt_l2e-6_w2e-5_dc_vfyOn,3.050000,2.900641,14.935936,-0.4271,0.884261
C_cascode_n33_tt_l2e-6_w2e-5_dc_vfyOn,3.100000,2.950628,14.937174,-0.4188,0.884261
C_cascode_n33_tt_l2e-6_w2e-5_dc_vfyOn,3.150000,3.000612,14.938764,-0.4082,0.884261
C_cascode_n33_tt_l2e-6_w2e-5_dc_vfyOn,3.200000,3.050592,14.940783,-0.3948,0.884261
C_cascode_n33_tt_l2e-6_w2e-5_dc_vfyOn,3.250000,3.100567,14.943321,-0.3779,0.884261
C_cascode_n33_tt_l2e-6_w2e-5_dc_vfyOn,3.300000,3.150535,14.946478,-0.3568,0.884261
C_cascode_n33_tt_l2e-6_w2e-5_dc_vfyOff,0.000000,0.000000,-0.000000,-100.0000,-0.000000
C_cascode_n33_tt_l2e-6_w2e-5_dc_vfyOff,0.050000,0.050000,0.000000,-100.0000,0.000000
C_cascode_n33_tt_l2e-6_w2e-5_dc_vfyOff,0.100000,0.100000,0.000000,-100.0000,0.000000
C_cascode_n33_tt_l2e-6_w2e-5_dc_vfyOff,0.150000,0.150000,0.000000,-100.0000,0.000000
C_cascode_n33_tt_l2e-6_w2e-5_dc_vfyOff,0.200000,0.200000,0.000000,-100.0000,0.000000
C_cascode_n33_tt_l2e-6_w2e-5_dc_vfyOff,0.250000,0.250000,0.000000,-100.0000,0.000000
C_cascode_n33_tt_l2e-6_w2e-5_dc_vfyOff,0.300000,0.300000,0.000000,-100.0000,0.000000
C_cascode_n33_tt_l2e-6_w2e-5_dc_vfyOff,0.350000,0.350000,0.000000,-100.0000,0.000000
C_cascode_n33_tt_l2e-6_w2e-5_dc_vfyOff,0.400000,0.400000,0.000000,-100.0000,0.000000
C_cascode_n33_tt_l2e-6_w2e-5_dc_vfyOff,0.450000,0.450000,0.000000,-100.0000,0.000000
C_cascode_n33_tt_l2e-6_w2e-5_dc_vfyOff,0.500000,0.500000,0.000000,-100.0000,0.000000
C_cascode_n33_tt_l2e-6_w2e-5_dc_vfyOff,0.550000,0.550000,0.000000,-100.0000,0.000000
C_cascode_n33_tt_l2e-6_w2e-5_dc_vfyOff,0.600000,0.600000,0.000000,-100.0000,0.000000
C_cascode_n33_tt_l2e-6_w2e-5_dc_vfyOff,0.650000,0.650000,0.000000,-100.0000,0.000000
C_cascode_n33_tt_l2e-6_w2e-5_dc_vfyOff,0.700000,0.700000,0.000000,-100.0000,0.000000
C_cascode_n33_tt_l2e-6_w2e-5_dc_vfyOff,0.750000,0.750000,0.000000,-100.0000,0.000000
C_cascode_n33_tt_l2e-6_w2e-5_dc_vfyOff,0.800000,0.800000,0.000000,-100.0000,0.000000
C_cascode_n33_tt_l2e-6_w2e-5_dc_vfyOff,0.850000,0.850000,0.000000,-100.0000,0.000000
C_cascode_n33_tt_l2e-6_w2e-5_dc_vfyOff,0.900000,0.900000,0.000000,-100.0000,0.000000
C_cascode_n33_tt_l2e-6_w2e-5_dc_vfyOff,0.950000,0.950000,0.000000,-100.0000,0.000000
C_cascode_n33_tt_l2e-6_w2e-5_dc_vfyOff,1.000000,1.000000,0.000001,-100.0000,0.000000
C_cascode_n33_tt_l2e-6_w2e-5_dc_vfyOff,1.050000,1.050000,0.000001,-100.0000,0.000000
C_cascode_n33_tt_l2e-6_w2e-5_dc_vfyOff,1.100000,1.100000,0.000001,-100.0000,0.000000
C_cascode_n33_tt_l2e-6_w2e-5_dc_vfyOff,1.150000,1.150000,0.000001,-100.0000,0.000000
C_cascode_n33_tt_l2e-6_w2e-5_dc_vfyOff,1.200000,1.200000,0.000001,-100.0000,0.000000
C_cascode_n33_tt_l2e-6_w2e-5_dc_vfyOff,1.250000,1.250000,0.000001,-100.0000,0.000000
C_cascode_n33_tt_l2e-6_w2e-5_dc_vfyOff,1.300000,1.300000,0.000001,-100.0000,0.000000
C_cascode_n33_tt_l2e-6_w2e-5_dc_vfyOff,1.350000,1.350000,0.000001,-100.0000,0.000000
C_cascode_n33_tt_l2e-6_w2e-5_dc_vfyOff,1.400000,1.400000,0.000001,-100.0000,0.000000
C_cascode_n33_tt_l2e-6_w2e-5_dc_vfyOff,1.450000,1.450000,0.000001,-100.0000,0.000000
C_cascode_n33_tt_l2e-6_w2e-5_dc_vfyOff,1.500000,1.500000,0.000001,-100.0000,0.000000
C_cascode_n33_tt_l2e-6_w2e-5_dc_vfyOff,1.550000,1.550000,0.000001,-100.0000,0.000000
C_cascode_n33_tt_l2e-6_w2e-5_dc_vfyOff,1.600000,1.600000,0.000001,-100.0000,0.000000
C_cascode_n33_tt_l2e-6_w2e-5_dc_vfyOff,1.650000,1.650000,0.000001,-100.0000,0.000000
C_cascode_n33_tt_l2e-6_w2e-5_dc_vfyOff,1.700000,1.700000,0.000001,-100.0000,0.000000
C_cascode_n33_tt_l2e-6_w2e-5_dc_vfyOff,1.750000,1.750000,0.000001,-100.0000,0.000000
C_cascode_n33_tt_l2e-6_w2e-5_dc_vfyOff,1.800000,1.800000,0.000001,-100.0000,0.000000
C_cascode_n33_tt_l2e-6_w2e-5_dc_vfyOff,1.850000,1.850000,0.000001,-100.0000,0.000000
C_cascode_n33_tt_l2e-6_w2e-5_dc_vfyOff,1.900000,1.900000,0.000001,-100.0000,0.000000
C_cascode_n33_tt_l2e-6_w2e-5_dc_vfyOff,1.950000,1.950000,0.000001,-100.0000,0.000000
C_cascode_n33_tt_l2e-6_w2e-5_dc_vfyOff,2.000000,2.000000,0.000001,-100.0000,0.000000
C_cascode_n33_tt_l2e-6_w2e-5_dc_vfyOff,2.050000,2.050000,0.000001,-100.0000,0.000000
C_cascode_n33_tt_l2e-6_w2e-5_dc_vfyOff,2.100000,2.100000,0.000001,-100.0000,0.000000
C_cascode_n33_tt_l2e-6_w2e-5_dc_vfyOff,2.150000,2.150000,0.000002,-100.0000,0.000000
C_cascode_n33_tt_l2e-6_w2e-5_dc_vfyOff,2.200000,2.200000,0.000002,-100.0000,0.000000
C_cascode_n33_tt_l2e-6_w2e-5_dc_vfyOff,2.250000,2.250000,0.000002,-100.0000,0.000000
C_cascode_n33_tt_l2e-6_w2e-5_dc_vfyOff,2.300000,2.300000,0.000002,-100.0000,0.000000
C_cascode_n33_tt_l2e-6_w2e-5_dc_vfyOff,2.350000,2.350000,0.000002,-100.0000,0.000000
C_cascode_n33_tt_l2e-6_w2e-5_dc_vfyOff,2.400000,2.400000,0.000002,-100.0000,0.000000
C_cascode_n33_tt_l2e-6_w2e-5_dc_vfyOff,2.450000,2.450000,0.000002,-100.0000,0.000000
C_cascode_n33_tt_l2e-6_w2e-5_dc_vfyOff,2.500000,2.500000,0.000002,-100.0000,0.000000
C_cascode_n33_tt_l2e-6_w2e-5_dc_vfyOff,2.550000,2.550000,0.000002,-100.0000,0.000000
C_cascode_n33_tt_l2e-6_w2e-5_dc_vfyOff,2.600000,2.600000,0.000002,-100.0000,0.000000
C_cascode_n33_tt_l2e-6_w2e-5_dc_vfyOff,2.650000,2.650000,0.000002,-100.0000,0.000000
C_cascode_n33_tt_l2e-6_w2e-5_dc_vfyOff,2.700000,2.700000,0.000003,-100.0000,0.000000
C_cascode_n33_tt_l2e-6_w2e-5_dc_vfyOff,2.750000,2.750000,0.000003,-100.0000,0.000000
C_cascode_n33_tt_l2e-6_w2e-5_dc_vfyOff,2.800000,2.800000,0.000003,-100.0000,0.000000
C_cascode_n33_tt_l2e-6_w2e-5_dc_vfyOff,2.850000,2.850000,0.000003,-100.0000,0.000000
C_cascode_n33_tt_l2e-6_w2e-5_dc_vfyOff,2.900000,2.900000,0.000003,-100.0000,0.000000
C_cascode_n33_tt_l2e-6_w2e-5_dc_vfyOff,2.950000,2.950000,0.000003,-100.0000,0.000000
C_cascode_n33_tt_l2e-6_w2e-5_dc_vfyOff,3.000000,3.000000,0.000003,-100.0000,0.000000
C_cascode_n33_tt_l2e-6_w2e-5_dc_vfyOff,3.050000,3.050000,0.000004,-100.0000,0.000000
C_cascode_n33_tt_l2e-6_w2e-5_dc_vfyOff,3.100000,3.100000,0.000004,-100.0000,0.000000
C_cascode_n33_tt_l2e-6_w2e-5_dc_vfyOff,3.150000,3.150000,0.000004,-100.0000,0.000000
C_cascode_n33_tt_l2e-6_w2e-5_dc_vfyOff,3.200000,3.200000,0.000004,-100.0000,0.000000
C_cascode_n33_tt_l2e-6_w2e-5_dc_vfyOff,3.250000,3.250000,0.000004,-100.0000,0.000000
C_cascode_n33_tt_l2e-6_w2e-5_dc_vfyOff,3.300000,3.300000,0.000005,-100.0000,0.000000
C_cascode_n33_tt_l2e-6_w2e-5_dc_vfyRep,0.000000,0.000000,-0.000000,-100.0000,0.884261
C_cascode_n33_tt_l2e-6_w2e-5_dc_vfyRep,0.050000,0.015705,3.429527,-77.1365,0.884261
C_cascode_n33_tt_l2e-6_w2e-5_dc_vfyRep,0.100000,0.033029,6.697104,-55.3526,0.884261
C_cascode_n33_tt_l2e-6_w2e-5_dc_vfyRep,0.150000,0.052685,9.731472,-35.1235,0.884261
C_cascode_n33_tt_l2e-6_w2e-5_dc_vfyRep,0.200000,0.076156,12.384414,-17.4372,0.884261
C_cascode_n33_tt_l2e-6_w2e-5_dc_vfyRep,0.250000,0.107830,14.216962,-5.2203,0.884261
C_cascode_n33_tt_l2e-6_w2e-5_dc_vfyRep,0.300000,0.153834,14.616625,-2.5558,0.884261
C_cascode_n33_tt_l2e-6_w2e-5_dc_vfyRep,0.350000,0.203096,14.690409,-2.0639,0.884261
C_cascode_n33_tt_l2e-6_w2e-5_dc_vfyRep,0.400000,0.252624,14.737645,-1.7490,0.884261
C_cascode_n33_tt_l2e-6_w2e-5_dc_vfyRep,0.450000,0.302265,14.773536,-1.5098,0.884261
C_cascode_n33_tt_l2e-6_w2e-5_dc_vfyRep,0.500000,0.351970,14.802980,-1.3135,0.884261
C_cascode_n33_tt_l2e-6_w2e-5_dc_vfyRep,0.550000,0.401718,14.828172,-1.1455,0.884261
C_cascode_n33_tt_l2e-6_w2e-5_dc_vfyRep,0.600000,0.451497,14.850271,-0.9982,0.884261
C_cascode_n33_tt_l2e-6_w2e-5_dc_vfyRep,0.650000,0.501301,14.869913,-0.8672,0.884261
C_cascode_n33_tt_l2e-6_w2e-5_dc_vfyRep,0.700000,0.551126,14.887406,-0.7506,0.884261
C_cascode_n33_tt_l2e-6_w2e-5_dc_vfyRep,0.750000,0.600972,14.902774,-0.6482,0.884261
C_cascode_n33_tt_l2e-6_w2e-5_dc_vfyRep,0.800000,0.650843,14.915711,-0.5619,0.884261
C_cascode_n33_tt_l2e-6_w2e-5_dc_vfyRep,0.850000,0.700745,14.925460,-0.4969,0.884261
C_cascode_n33_tt_l2e-6_w2e-5_dc_vfyRep,0.900000,0.750693,14.930715,-0.4619,0.884261
C_cascode_n33_tt_l2e-6_w2e-5_dc_vfyRep,0.950000,0.800685,14.931486,-0.4568,0.884261
C_cascode_n33_tt_l2e-6_w2e-5_dc_vfyRep,1.000000,0.850684,14.931602,-0.4560,0.884261
C_cascode_n33_tt_l2e-6_w2e-5_dc_vfyRep,1.050000,0.900683,14.931674,-0.4555,0.884261
C_cascode_n33_tt_l2e-6_w2e-5_dc_vfyRep,1.100000,0.950683,14.931729,-0.4551,0.884261
C_cascode_n33_tt_l2e-6_w2e-5_dc_vfyRep,1.150000,1.000682,14.931774,-0.4548,0.884261
C_cascode_n33_tt_l2e-6_w2e-5_dc_vfyRep,1.200000,1.050682,14.931812,-0.4546,0.884261
C_cascode_n33_tt_l2e-6_w2e-5_dc_vfyRep,1.250000,1.100682,14.931846,-0.4544,0.884261
C_cascode_n33_tt_l2e-6_w2e-5_dc_vfyRep,1.300000,1.150681,14.931877,-0.4542,0.884261
C_cascode_n33_tt_l2e-6_w2e-5_dc_vfyRep,1.350000,1.200681,14.931906,-0.4540,0.884261
C_cascode_n33_tt_l2e-6_w2e-5_dc_vfyRep,1.400000,1.250681,14.931932,-0.4538,0.884261
C_cascode_n33_tt_l2e-6_w2e-5_dc_vfyRep,1.450000,1.300680,14.931957,-0.4536,0.884261
C_cascode_n33_tt_l2e-6_w2e-5_dc_vfyRep,1.500000,1.350680,14.931981,-0.4535,0.884261
C_cascode_n33_tt_l2e-6_w2e-5_dc_vfyRep,1.550000,1.400680,14.932003,-0.4533,0.884261
C_cascode_n33_tt_l2e-6_w2e-5_dc_vfyRep,1.600000,1.450680,14.932025,-0.4532,0.884261
C_cascode_n33_tt_l2e-6_w2e-5_dc_vfyRep,1.650000,1.500680,14.932045,-0.4530,0.884261
C_cascode_n33_tt_l2e-6_w2e-5_dc_vfyRep,1.700000,1.550679,14.932065,-0.4529,0.884261
C_cascode_n33_tt_l2e-6_w2e-5_dc_vfyRep,1.750000,1.600679,14.932085,-0.4528,0.884261
C_cascode_n33_tt_l2e-6_w2e-5_dc_vfyRep,1.800000,1.650679,14.932103,-0.4526,0.884261
C_cascode_n33_tt_l2e-6_w2e-5_dc_vfyRep,1.850000,1.700679,14.932122,-0.4525,0.884261
C_cascode_n33_tt_l2e-6_w2e-5_dc_vfyRep,1.900000,1.750679,14.932140,-0.4524,0.884261
C_cascode_n33_tt_l2e-6_w2e-5_dc_vfyRep,1.950000,1.800678,14.932157,-0.4523,0.884261
C_cascode_n33_tt_l2e-6_w2e-5_dc_vfyRep,2.000000,1.850678,14.932174,-0.4522,0.884261
C_cascode_n33_tt_l2e-6_w2e-5_dc_vfyRep,2.050000,1.900678,14.932191,-0.4521,0.884261
C_cascode_n33_tt_l2e-6_w2e-5_dc_vfyRep,2.100000,1.950678,14.932207,-0.4520,0.884261
C_cascode_n33_tt_l2e-6_w2e-5_dc_vfyRep,2.150000,2.000678,14.932223,-0.4518,0.884261
C_cascode_n33_tt_l2e-6_w2e-5_dc_vfyRep,2.200000,2.050678,14.932240,-0.4517,0.884261
C_cascode_n33_tt_l2e-6_w2e-5_dc_vfyRep,2.250000,2.100677,14.932256,-0.4516,0.884261
C_cascode_n33_tt_l2e-6_w2e-5_dc_vfyRep,2.300000,2.150677,14.932273,-0.4515,0.884261
C_cascode_n33_tt_l2e-6_w2e-5_dc_vfyRep,2.350000,2.200677,14.932291,-0.4514,0.884261
C_cascode_n33_tt_l2e-6_w2e-5_dc_vfyRep,2.400000,2.250677,14.932311,-0.4513,0.884261
C_cascode_n33_tt_l2e-6_w2e-5_dc_vfyRep,2.450000,2.300677,14.932335,-0.4511,0.884261
C_cascode_n33_tt_l2e-6_w2e-5_dc_vfyRep,2.500000,2.350676,14.932366,-0.4509,0.884261
C_cascode_n33_tt_l2e-6_w2e-5_dc_vfyRep,2.550000,2.400676,14.932406,-0.4506,0.884261
C_cascode_n33_tt_l2e-6_w2e-5_dc_vfyRep,2.600000,2.450675,14.932461,-0.4503,0.884261
C_cascode_n33_tt_l2e-6_w2e-5_dc_vfyRep,2.650000,2.500675,14.932539,-0.4497,0.884261
C_cascode_n33_tt_l2e-6_w2e-5_dc_vfyRep,2.700000,2.550674,14.932648,-0.4490,0.884261
C_cascode_n33_tt_l2e-6_w2e-5_dc_vfyRep,2.750000,2.600672,14.932801,-0.4480,0.884261
C_cascode_n33_tt_l2e-6_w2e-5_dc_vfyRep,2.800000,2.650670,14.933015,-0.4466,0.884261
C_cascode_n33_tt_l2e-6_w2e-5_dc_vfyRep,2.850000,2.700667,14.933310,-0.4446,0.884261
C_cascode_n33_tt_l2e-6_w2e-5_dc_vfyRep,2.900000,2.750663,14.933714,-0.4419,0.884261
C_cascode_n33_tt_l2e-6_w2e-5_dc_vfyRep,2.950000,2.800657,14.934258,-0.4383,0.884261
C_cascode_n33_tt_l2e-6_w2e-5_dc_vfyRep,3.000000,2.850650,14.934983,-0.4334,0.884261
C_cascode_n33_tt_l2e-6_w2e-5_dc_vfyRep,3.050000,2.900641,14.935936,-0.4271,0.884261
C_cascode_n33_tt_l2e-6_w2e-5_dc_vfyRep,3.100000,2.950628,14.937174,-0.4188,0.884261
C_cascode_n33_tt_l2e-6_w2e-5_dc_vfyRep,3.150000,3.000612,14.938764,-0.4082,0.884261
C_cascode_n33_tt_l2e-6_w2e-5_dc_vfyRep,3.200000,3.050592,14.940783,-0.3948,0.884261
C_cascode_n33_tt_l2e-6_w2e-5_dc_vfyRep,3.250000,3.100567,14.943321,-0.3779,0.884261
C_cascode_n33_tt_l2e-6_w2e-5_dc_vfyRep,3.300000,3.150535,14.946478,-0.3568,0.884261
C_cascode_n33_tt_l2e-6_w2e-5_dc_stressOn,0.000000,0.000000,-0.000000,-100.0000,0.884261
C_cascode_n33_tt_l2e-6_w2e-5_dc_stressOn,0.020000,0.006119,1.388134,-90.7458,0.884261
C_cascode_n33_tt_l2e-6_w2e-5_dc_stressOn,0.040000,0.012451,2.754853,-81.6343,0.884261
C_cascode_n33_tt_l2e-6_w2e-5_dc_stressOn,0.060000,0.019025,4.097510,-72.6833,0.884261
C_cascode_n33_tt_l2e-6_w2e-5_dc_stressOn,0.080000,0.025872,5.412849,-63.9143,0.884261
C_cascode_n33_tt_l2e-6_w2e-5_dc_stressOn,0.100000,0.033032,6.696787,-55.3548,0.884261
C_cascode_n33_tt_l2e-6_w2e-5_dc_stressOn,0.120000,0.040559,7.944096,-47.0394,0.884261
C_cascode_n33_tt_l2e-6_w2e-5_dc_stressOn,0.140000,0.048521,9.147886,-39.0141,0.884261
C_cascode_n33_tt_l2e-6_w2e-5_dc_stressOn,0.160000,0.057012,10.298759,-31.3416,0.884261
C_cascode_n33_tt_l2e-6_w2e-5_dc_stressOn,0.180000,0.066167,11.383330,-24.1111,0.884261
C_cascode_n33_tt_l2e-6_w2e-5_dc_stressOn,0.200000,0.076186,12.381411,-17.4573,0.884261
C_cascode_n33_tt_l2e-6_w2e-5_dc_stressOn,0.220000,0.087398,13.260236,-11.5984,0.884261
C_cascode_n33_tt_l2e-6_w2e-5_dc_stressOn,0.240000,0.100378,13.962241,-6.9184,0.884261
C_cascode_n33_tt_l2e-6_w2e-5_dc_stressOn,0.260000,0.116052,14.394816,-4.0346,0.884261
C_cascode_n33_tt_l2e-6_w2e-5_dc_stressOn,0.280000,0.134454,14.554584,-2.9694,0.884261
C_cascode_n33_tt_l2e-6_w2e-5_dc_stressOn,0.300000,0.153853,14.614741,-2.5684,0.884261
C_cascode_n33_tt_l2e-6_w2e-5_dc_stressOn,0.320000,0.173488,14.651195,-2.3254,0.884261
C_cascode_n33_tt_l2e-6_w2e-5_dc_stressOn,0.340000,0.193213,14.678653,-2.1423,0.884261
C_cascode_n33_tt_l2e-6_w2e-5_dc_stressOn,0.360000,0.212988,14.701207,-1.9920,0.884261
C_cascode_n33_tt_l2e-6_w2e-5_dc_stressOn,0.380000,0.232794,14.720568,-1.8629,0.884261
C_cascode_n33_tt_l2e-6_w2e-5_dc_stressOn,0.400000,0.252624,14.737645,-1.7490,0.884261
C_cascode_n33_tt_l2e-6_w2e-5_dc_stressOn,0.420000,0.272470,14.752991,-1.6467,0.884261
C_cascode_n33_tt_l2e-6_w2e-5_dc_stressOn,0.440000,0.292330,14.766973,-1.5535,0.884261
C_cascode_n33_tt_l2e-6_w2e-5_dc_stressOn,0.460000,0.312202,14.779848,-1.4677,0.884261
C_cascode_n33_tt_l2e-6_w2e-5_dc_stressOn,0.480000,0.332082,14.791803,-1.3880,0.884261
C_cascode_n33_tt_l2e-6_w2e-5_dc_stressOn,0.500000,0.351970,14.802980,-1.3135,0.884261
C_cascode_n33_tt_l2e-6_w2e-5_dc_stressOn,0.520000,0.371865,14.813487,-1.2434,0.884261
C_cascode_n33_tt_l2e-6_w2e-5_dc_stressOn,0.540000,0.391766,14.823409,-1.1773,0.884261
C_cascode_n33_tt_l2e-6_w2e-5_dc_stressOn,0.560000,0.411672,14.832813,-1.1146,0.884261
C_cascode_n33_tt_l2e-6_w2e-5_dc_stressOn,0.580000,0.431582,14.841753,-1.0550,0.884261
C_cascode_n33_tt_l2e-6_w2e-5_dc_stressOn,0.600000,0.451497,14.850271,-0.9982,0.884261
C_cascode_n33_tt_l2e-6_w2e-5_dc_stressOn,0.620000,0.471416,14.858399,-0.9440,0.884261
C_cascode_n33_tt_l2e-6_w2e-5_dc_stressOn,0.640000,0.491338,14.866162,-0.8923,0.884261
C_cascode_n33_tt_l2e-6_w2e-5_dc_stressOn,0.660000,0.511264,14.873579,-0.8428,0.884261
C_cascode_n33_tt_l2e-6_w2e-5_dc_stressOn,0.680000,0.531193,14.880659,-0.7956,0.884261
C_cascode_n33_tt_l2e-6_w2e-5_dc_stressOn,0.700000,0.551126,14.887407,-0.7506,0.884261
C_cascode_n33_tt_l2e-6_w2e-5_dc_stressOn,0.720000,0.571062,14.893818,-0.7079,0.884261
C_cascode_n33_tt_l2e-6_w2e-5_dc_stressOn,0.740000,0.591001,14.899881,-0.6675,0.884261
C_cascode_n33_tt_l2e-6_w2e-5_dc_stressOn,0.760000,0.610944,14.905575,-0.6295,0.884261
C_cascode_n33_tt_l2e-6_w2e-5_dc_stressOn,0.780000,0.630891,14.910868,-0.5942,0.884261
C_cascode_n33_tt_l2e-6_w2e-5_dc_stressOn,0.800000,0.650843,14.915718,-0.5619,0.884261
C_cascode_n33_tt_l2e-6_w2e-5_dc_stressOn,0.820000,0.670799,14.920066,-0.5329,0.884261
C_cascode_n33_tt_l2e-6_w2e-5_dc_stressOn,0.840000,0.690762,14.923840,-0.5077,0.884261
C_cascode_n33_tt_l2e-6_w2e-5_dc_stressOn,0.860000,0.710731,14.926947,-0.4870,0.884261
C_cascode_n33_tt_l2e-6_w2e-5_dc_stressOn,0.880000,0.730707,14.929277,-0.4715,0.884261
C_cascode_n33_tt_l2e-6_w2e-5_dc_stressOn,0.900000,0.750693,14.930713,-0.4619,0.884261
C_cascode_n33_tt_l2e-6_w2e-5_dc_stressOn,0.920000,0.770687,14.931286,-0.4581,0.884261
C_cascode_n33_tt_l2e-6_w2e-5_dc_stressOn,0.940000,0.790686,14.931446,-0.4570,0.884261
C_cascode_n33_tt_l2e-6_w2e-5_dc_stressOn,0.960000,0.810685,14.931517,-0.4566,0.884261
C_cascode_n33_tt_l2e-6_w2e-5_dc_stressOn,0.980000,0.830684,14.931565,-0.4562,0.884261
C_cascode_n33_tt_l2e-6_w2e-5_dc_stressOn,1.000000,0.850684,14.931602,-0.4560,0.884261
C_cascode_n33_tt_l2e-6_w2e-5_dc_stressOn,1.020000,0.870684,14.931634,-0.4558,0.884261
C_cascode_n33_tt_l2e-6_w2e-5_dc_stressOn,1.040000,0.890683,14.931662,-0.4556,0.884261
C_cascode_n33_tt_l2e-6_w2e-5_dc_stressOn,1.060000,0.910683,14.931686,-0.4554,0.884261
C_cascode_n33_tt_l2e-6_w2e-5_dc_stressOn,1.080000,0.930683,14.931708,-0.4553,0.884261
C_cascode_n33_tt_l2e-6_w2e-5_dc_stressOn,1.100000,0.950683,14.931729,-0.4551,0.884261
C_cascode_n33_tt_l2e-6_w2e-5_dc_stressOn,1.120000,0.970683,14.931748,-0.4550,0.884261
C_cascode_n33_tt_l2e-6_w2e-5_dc_stressOn,1.140000,0.990682,14.931765,-0.4549,0.884261
C_cascode_n33_tt_l2e-6_w2e-5_dc_stressOn,1.160000,1.010682,14.931782,-0.4548,0.884261
C_cascode_n33_tt_l2e-6_w2e-5_dc_stressOn,1.180000,1.030682,14.931797,-0.4547,0.884261
C_cascode_n33_tt_l2e-6_w2e-5_dc_stressOn,1.200000,1.050682,14.931812,-0.4546,0.884261
C_cascode_n33_tt_l2e-6_w2e-5_dc_stressOn,1.220000,1.070682,14.931826,-0.4545,0.884261
C_cascode_n33_tt_l2e-6_w2e-5_dc_stressOn,1.240000,1.090682,14.931840,-0.4544,0.884261
C_cascode_n33_tt_l2e-6_w2e-5_dc_stressOn,1.260000,1.110681,14.931853,-0.4543,0.884261
C_cascode_n33_tt_l2e-6_w2e-5_dc_stressOn,1.280000,1.130681,14.931865,-0.4542,0.884261
C_cascode_n33_tt_l2e-6_w2e-5_dc_stressOn,1.300000,1.150681,14.931877,-0.4542,0.884261
C_cascode_n33_tt_l2e-6_w2e-5_dc_stressOn,1.320000,1.170681,14.931889,-0.4541,0.884261
C_cascode_n33_tt_l2e-6_w2e-5_dc_stressOn,1.340000,1.190681,14.931900,-0.4540,0.884261
C_cascode_n33_tt_l2e-6_w2e-5_dc_stressOn,1.360000,1.210681,14.931911,-0.4539,0.884261
C_cascode_n33_tt_l2e-6_w2e-5_dc_stressOn,1.380000,1.230681,14.931922,-0.4539,0.884261
C_cascode_n33_tt_l2e-6_w2e-5_dc_stressOn,1.400000,1.250681,14.931932,-0.4538,0.884261
C_cascode_n33_tt_l2e-6_w2e-5_dc_stressOn,1.420000,1.270681,14.931942,-0.4537,0.884261
C_cascode_n33_tt_l2e-6_w2e-5_dc_stressOn,1.440000,1.290680,14.931952,-0.4537,0.884261
C_cascode_n33_tt_l2e-6_w2e-5_dc_stressOn,1.460000,1.310680,14.931962,-0.4536,0.884261
C_cascode_n33_tt_l2e-6_w2e-5_dc_stressOn,1.480000,1.330680,14.931972,-0.4535,0.884261
C_cascode_n33_tt_l2e-6_w2e-5_dc_stressOn,1.500000,1.350680,14.931981,-0.4535,0.884261
C_cascode_n33_tt_l2e-6_w2e-5_dc_stressOn,1.520000,1.370680,14.931990,-0.4534,0.884261
C_cascode_n33_tt_l2e-6_w2e-5_dc_stressOn,1.540000,1.390680,14.931999,-0.4533,0.884261
C_cascode_n33_tt_l2e-6_w2e-5_dc_stressOn,1.560000,1.410680,14.932008,-0.4533,0.884261
C_cascode_n33_tt_l2e-6_w2e-5_dc_stressOn,1.580000,1.430680,14.932016,-0.4532,0.884261
C_cascode_n33_tt_l2e-6_w2e-5_dc_stressOn,1.600000,1.450680,14.932025,-0.4532,0.884261
C_cascode_n33_tt_l2e-6_w2e-5_dc_stressOn,1.620000,1.470680,14.932033,-0.4531,0.884261
C_cascode_n33_tt_l2e-6_w2e-5_dc_stressOn,1.640000,1.490680,14.932041,-0.4531,0.884261
C_cascode_n33_tt_l2e-6_w2e-5_dc_stressOn,1.660000,1.510680,14.932049,-0.4530,0.884261
C_cascode_n33_tt_l2e-6_w2e-5_dc_stressOn,1.680000,1.530679,14.932057,-0.4530,0.884261
C_cascode_n33_tt_l2e-6_w2e-5_dc_stressOn,1.700000,1.550679,14.932065,-0.4529,0.884261
C_cascode_n33_tt_l2e-6_w2e-5_dc_stressOn,1.720000,1.570679,14.932073,-0.4528,0.884261
C_cascode_n33_tt_l2e-6_w2e-5_dc_stressOn,1.740000,1.590679,14.932081,-0.4528,0.884261
C_cascode_n33_tt_l2e-6_w2e-5_dc_stressOn,1.760000,1.610679,14.932089,-0.4527,0.884261
C_cascode_n33_tt_l2e-6_w2e-5_dc_stressOn,1.780000,1.630679,14.932096,-0.4527,0.884261
C_cascode_n33_tt_l2e-6_w2e-5_dc_stressOn,1.800000,1.650679,14.932103,-0.4526,0.884261
C_cascode_n33_tt_l2e-6_w2e-5_dc_stressOn,1.820000,1.670679,14.932111,-0.4526,0.884261
C_cascode_n33_tt_l2e-6_w2e-5_dc_stressOn,1.840000,1.690679,14.932118,-0.4525,0.884261
C_cascode_n33_tt_l2e-6_w2e-5_dc_stressOn,1.860000,1.710679,14.932125,-0.4525,0.884261
C_cascode_n33_tt_l2e-6_w2e-5_dc_stressOn,1.880000,1.730679,14.932132,-0.4525,0.884261
C_cascode_n33_tt_l2e-6_w2e-5_dc_stressOn,1.900000,1.750679,14.932140,-0.4524,0.884261
C_cascode_n33_tt_l2e-6_w2e-5_dc_stressOn,1.920000,1.770679,14.932147,-0.4524,0.884261
C_cascode_n33_tt_l2e-6_w2e-5_dc_stressOn,1.940000,1.790678,14.932153,-0.4523,0.884261
C_cascode_n33_tt_l2e-6_w2e-5_dc_stressOn,1.960000,1.810678,14.932160,-0.4523,0.884261
C_cascode_n33_tt_l2e-6_w2e-5_dc_stressOn,1.980000,1.830678,14.932167,-0.4522,0.884261
C_cascode_n33_tt_l2e-6_w2e-5_dc_stressOn,2.000000,1.850678,14.932174,-0.4522,0.884261
C_cascode_n33_tt_l2e-6_w2e-5_dc_stressOn,2.020000,1.870678,14.932181,-0.4521,0.884261
C_cascode_n33_tt_l2e-6_w2e-5_dc_stressOn,2.040000,1.890678,14.932187,-0.4521,0.884261
C_cascode_n33_tt_l2e-6_w2e-5_dc_stressOn,2.060000,1.910678,14.932194,-0.4520,0.884261
C_cascode_n33_tt_l2e-6_w2e-5_dc_stressOn,2.080000,1.930678,14.932201,-0.4520,0.884261
C_cascode_n33_tt_l2e-6_w2e-5_dc_stressOn,2.100000,1.950678,14.932207,-0.4520,0.884261
C_cascode_n33_tt_l2e-6_w2e-5_dc_stressOn,2.120000,1.970678,14.932214,-0.4519,0.884261
C_cascode_n33_tt_l2e-6_w2e-5_dc_stressOn,2.140000,1.990678,14.932220,-0.4519,0.884261
C_cascode_n33_tt_l2e-6_w2e-5_dc_stressOn,2.160000,2.010678,14.932227,-0.4518,0.884261
C_cascode_n33_tt_l2e-6_w2e-5_dc_stressOn,2.180000,2.030678,14.932233,-0.4518,0.884261
C_cascode_n33_tt_l2e-6_w2e-5_dc_stressOn,2.200000,2.050678,14.932240,-0.4517,0.884261
C_cascode_n33_tt_l2e-6_w2e-5_dc_stressOn,2.220000,2.070678,14.932246,-0.4517,0.884261
C_cascode_n33_tt_l2e-6_w2e-5_dc_stressOn,2.240000,2.090677,14.932253,-0.4516,0.884261
C_cascode_n33_tt_l2e-6_w2e-5_dc_stressOn,2.260000,2.110677,14.932259,-0.4516,0.884261
C_cascode_n33_tt_l2e-6_w2e-5_dc_stressOn,2.280000,2.130677,14.932266,-0.4516,0.884261
C_cascode_n33_tt_l2e-6_w2e-5_dc_stressOn,2.300000,2.150677,14.932273,-0.4515,0.884261
C_cascode_n33_tt_l2e-6_w2e-5_dc_stressOn,2.320000,2.170677,14.932280,-0.4515,0.884261
C_cascode_n33_tt_l2e-6_w2e-5_dc_stressOn,2.340000,2.190677,14.932287,-0.4514,0.884261
C_cascode_n33_tt_l2e-6_w2e-5_dc_stressOn,2.360000,2.210677,14.932295,-0.4514,0.884261
C_cascode_n33_tt_l2e-6_w2e-5_dc_stressOn,2.380000,2.230677,14.932303,-0.4513,0.884261
C_cascode_n33_tt_l2e-6_w2e-5_dc_stressOn,2.400000,2.250677,14.932311,-0.4513,0.884261
C_cascode_n33_tt_l2e-6_w2e-5_dc_stressOn,2.420000,2.270677,14.932320,-0.4512,0.884261
C_cascode_n33_tt_l2e-6_w2e-5_dc_stressOn,2.440000,2.290677,14.932330,-0.4511,0.884261
C_cascode_n33_tt_l2e-6_w2e-5_dc_stressOn,2.460000,2.310677,14.932341,-0.4511,0.884261
C_cascode_n33_tt_l2e-6_w2e-5_dc_stressOn,2.480000,2.330676,14.932353,-0.4510,0.884261
C_cascode_n33_tt_l2e-6_w2e-5_dc_stressOn,2.500000,2.350676,14.932366,-0.4509,0.884261
C_cascode_n33_tt_l2e-6_w2e-5_dc_stressOn,2.520000,2.370676,14.932381,-0.4508,0.884261
C_cascode_n33_tt_l2e-6_w2e-5_dc_stressOn,2.540000,2.390676,14.932397,-0.4507,0.884261
C_cascode_n33_tt_l2e-6_w2e-5_dc_stressOn,2.560000,2.410676,14.932416,-0.4506,0.884261
C_cascode_n33_tt_l2e-6_w2e-5_dc_stressOn,2.580000,2.430676,14.932437,-0.4504,0.884261
C_cascode_n33_tt_l2e-6_w2e-5_dc_stressOn,2.600000,2.450675,14.932461,-0.4503,0.884261
C_cascode_n33_tt_l2e-6_w2e-5_dc_stressOn,2.620000,2.470675,14.932489,-0.4501,0.884261
C_cascode_n33_tt_l2e-6_w2e-5_dc_stressOn,2.640000,2.490675,14.932521,-0.4499,0.884261
C_cascode_n33_tt_l2e-6_w2e-5_dc_stressOn,2.660000,2.510674,14.932558,-0.4496,0.884261
C_cascode_n33_tt_l2e-6_w2e-5_dc_stressOn,2.680000,2.530674,14.932600,-0.4493,0.884261
C_cascode_n33_tt_l2e-6_w2e-5_dc_stressOn,2.700000,2.550674,14.932648,-0.4490,0.884261
C_cascode_n33_tt_l2e-6_w2e-5_dc_stressOn,2.720000,2.570673,14.932703,-0.4486,0.884261
C_cascode_n33_tt_l2e-6_w2e-5_dc_stressOn,2.740000,2.590672,14.932766,-0.4482,0.884261
C_cascode_n33_tt_l2e-6_w2e-5_dc_stressOn,2.760000,2.610672,14.932838,-0.4477,0.884261
C_cascode_n33_tt_l2e-6_w2e-5_dc_stressOn,2.780000,2.630671,14.932921,-0.4472,0.884261
C_cascode_n33_tt_l2e-6_w2e-5_dc_stressOn,2.800000,2.650670,14.933015,-0.4466,0.884261
C_cascode_n33_tt_l2e-6_w2e-5_dc_stressOn,2.820000,2.670669,14.933122,-0.4459,0.884261
C_cascode_n33_tt_l2e-6_w2e-5_dc_stressOn,2.840000,2.690668,14.933243,-0.4450,0.884261
C_cascode_n33_tt_l2e-6_w2e-5_dc_stressOn,2.860000,2.710666,14.933381,-0.4441,0.884261
C_cascode_n33_tt_l2e-6_w2e-5_dc_stressOn,2.880000,2.730665,14.933538,-0.4431,0.884261
C_cascode_n33_tt_l2e-6_w2e-5_dc_stressOn,2.900000,2.750663,14.933714,-0.4419,0.884261
C_cascode_n33_tt_l2e-6_w2e-5_dc_stressOn,2.920000,2.770661,14.933913,-0.4406,0.884261
C_cascode_n33_tt_l2e-6_w2e-5_dc_stressOn,2.940000,2.790659,14.934136,-0.4391,0.884261
C_cascode_n33_tt_l2e-6_w2e-5_dc_stressOn,2.960000,2.810656,14.934387,-0.4374,0.884261
C_cascode_n33_tt_l2e-6_w2e-5_dc_stressOn,2.980000,2.830653,14.934669,-0.4355,0.884261
C_cascode_n33_tt_l2e-6_w2e-5_dc_stressOn,3.000000,2.850650,14.934983,-0.4334,0.884261
C_cascode_n33_tt_l2e-6_w2e-5_dc_stressOn,3.020000,2.870647,14.935334,-0.4311,0.884261
C_cascode_n33_tt_l2e-6_w2e-5_dc_stressOn,3.040000,2.890643,14.935725,-0.4285,0.884261
C_cascode_n33_tt_l2e-6_w2e-5_dc_stressOn,3.060000,2.910638,14.936159,-0.4256,0.884261
C_cascode_n33_tt_l2e-6_w2e-5_dc_stressOn,3.080000,2.930634,14.936641,-0.4224,0.884261
C_cascode_n33_tt_l2e-6_w2e-5_dc_stressOn,3.100000,2.950628,14.937174,-0.4188,0.884261
C_cascode_n33_tt_l2e-6_w2e-5_dc_stressOn,3.120000,2.970622,14.937764,-0.4149,0.884261
C_cascode_n33_tt_l2e-6_w2e-5_dc_stressOn,3.140000,2.990616,14.938415,-0.4106,0.884261
C_cascode_n33_tt_l2e-6_w2e-5_dc_stressOn,3.160000,3.010609,14.939131,-0.4058,0.884261
C_cascode_n33_tt_l2e-6_w2e-5_dc_stressOn,3.180000,3.030601,14.939919,-0.4005,0.884261
C_cascode_n33_tt_l2e-6_w2e-5_dc_stressOn,3.200000,3.050592,14.940783,-0.3948,0.884261
C_cascode_n33_tt_l2e-6_w2e-5_dc_stressOn,3.220000,3.070583,14.941730,-0.3885,0.884261
C_cascode_n33_tt_l2e-6_w2e-5_dc_stressOn,3.240000,3.090572,14.942767,-0.3816,0.884261
C_cascode_n33_tt_l2e-6_w2e-5_dc_stressOn,3.260000,3.110561,14.943899,-0.3740,0.884261
C_cascode_n33_tt_l2e-6_w2e-5_dc_stressOn,3.280000,3.130549,14.945134,-0.3658,0.884261
C_cascode_n33_tt_l2e-6_w2e-5_dc_stressOn,3.300000,3.150535,14.946478,-0.3568,0.884261
C_cascode_n33_tt_l2e-6_w2e-5_dc_stressOff,0.000000,0.000000,-0.000000,-100.0000,-0.000000
C_cascode_n33_tt_l2e-6_w2e-5_dc_stressOff,0.020000,0.020000,0.000000,-100.0000,0.000000
C_cascode_n33_tt_l2e-6_w2e-5_dc_stressOff,0.040000,0.040000,0.000000,-100.0000,0.000000
C_cascode_n33_tt_l2e-6_w2e-5_dc_stressOff,0.060000,0.060000,0.000000,-100.0000,0.000000
C_cascode_n33_tt_l2e-6_w2e-5_dc_stressOff,0.080000,0.080000,0.000000,-100.0000,0.000000
C_cascode_n33_tt_l2e-6_w2e-5_dc_stressOff,0.100000,0.100000,0.000000,-100.0000,0.000000
C_cascode_n33_tt_l2e-6_w2e-5_dc_stressOff,0.120000,0.120000,0.000000,-100.0000,0.000000
C_cascode_n33_tt_l2e-6_w2e-5_dc_stressOff,0.140000,0.140000,0.000000,-100.0000,0.000000
C_cascode_n33_tt_l2e-6_w2e-5_dc_stressOff,0.160000,0.160000,0.000000,-100.0000,0.000000
C_cascode_n33_tt_l2e-6_w2e-5_dc_stressOff,0.180000,0.180000,0.000000,-100.0000,0.000000
C_cascode_n33_tt_l2e-6_w2e-5_dc_stressOff,0.200000,0.200000,0.000000,-100.0000,0.000000
C_cascode_n33_tt_l2e-6_w2e-5_dc_stressOff,0.220000,0.220000,0.000000,-100.0000,0.000000
C_cascode_n33_tt_l2e-6_w2e-5_dc_stressOff,0.240000,0.240000,0.000000,-100.0000,0.000000
C_cascode_n33_tt_l2e-6_w2e-5_dc_stressOff,0.260000,0.260000,0.000000,-100.0000,0.000000
C_cascode_n33_tt_l2e-6_w2e-5_dc_stressOff,0.280000,0.280000,0.000000,-100.0000,0.000000
C_cascode_n33_tt_l2e-6_w2e-5_dc_stressOff,0.300000,0.300000,0.000000,-100.0000,0.000000
C_cascode_n33_tt_l2e-6_w2e-5_dc_stressOff,0.320000,0.320000,0.000000,-100.0000,0.000000
C_cascode_n33_tt_l2e-6_w2e-5_dc_stressOff,0.340000,0.340000,0.000000,-100.0000,0.000000
C_cascode_n33_tt_l2e-6_w2e-5_dc_stressOff,0.360000,0.360000,0.000000,-100.0000,0.000000
C_cascode_n33_tt_l2e-6_w2e-5_dc_stressOff,0.380000,0.380000,0.000000,-100.0000,0.000000
C_cascode_n33_tt_l2e-6_w2e-5_dc_stressOff,0.400000,0.400000,0.000000,-100.0000,0.000000
C_cascode_n33_tt_l2e-6_w2e-5_dc_stressOff,0.420000,0.420000,0.000000,-100.0000,0.000000
C_cascode_n33_tt_l2e-6_w2e-5_dc_stressOff,0.440000,0.440000,0.000000,-100.0000,0.000000
C_cascode_n33_tt_l2e-6_w2e-5_dc_stressOff,0.460000,0.460000,0.000000,-100.0000,0.000000
C_cascode_n33_tt_l2e-6_w2e-5_dc_stressOff,0.480000,0.480000,0.000000,-100.0000,0.000000
C_cascode_n33_tt_l2e-6_w2e-5_dc_stressOff,0.500000,0.500000,0.000000,-100.0000,0.000000
C_cascode_n33_tt_l2e-6_w2e-5_dc_stressOff,0.520000,0.520000,0.000000,-100.0000,0.000000
C_cascode_n33_tt_l2e-6_w2e-5_dc_stressOff,0.540000,0.540000,0.000000,-100.0000,0.000000
C_cascode_n33_tt_l2e-6_w2e-5_dc_stressOff,0.560000,0.560000,0.000000,-100.0000,0.000000
C_cascode_n33_tt_l2e-6_w2e-5_dc_stressOff,0.580000,0.580000,0.000000,-100.0000,0.000000
C_cascode_n33_tt_l2e-6_w2e-5_dc_stressOff,0.600000,0.600000,0.000000,-100.0000,0.000000
C_cascode_n33_tt_l2e-6_w2e-5_dc_stressOff,0.620000,0.620000,0.000000,-100.0000,0.000000
C_cascode_n33_tt_l2e-6_w2e-5_dc_stressOff,0.640000,0.640000,0.000000,-100.0000,0.000000
C_cascode_n33_tt_l2e-6_w2e-5_dc_stressOff,0.660000,0.660000,0.000000,-100.0000,0.000000
C_cascode_n33_tt_l2e-6_w2e-5_dc_stressOff,0.680000,0.680000,0.000000,-100.0000,0.000000
C_cascode_n33_tt_l2e-6_w2e-5_dc_stressOff,0.700000,0.700000,0.000000,-100.0000,0.000000
C_cascode_n33_tt_l2e-6_w2e-5_dc_stressOff,0.720000,0.720000,0.000000,-100.0000,0.000000
C_cascode_n33_tt_l2e-6_w2e-5_dc_stressOff,0.740000,0.740000,0.000000,-100.0000,0.000000
C_cascode_n33_tt_l2e-6_w2e-5_dc_stressOff,0.760000,0.760000,0.000000,-100.0000,0.000000
C_cascode_n33_tt_l2e-6_w2e-5_dc_stressOff,0.780000,0.780000,0.000000,-100.0000,0.000000
C_cascode_n33_tt_l2e-6_w2e-5_dc_stressOff,0.800000,0.800000,0.000000,-100.0000,0.000000
C_cascode_n33_tt_l2e-6_w2e-5_dc_stressOff,0.820000,0.820000,0.000000,-100.0000,0.000000
C_cascode_n33_tt_l2e-6_w2e-5_dc_stressOff,0.840000,0.840000,0.000000,-100.0000,0.000000
C_cascode_n33_tt_l2e-6_w2e-5_dc_stressOff,0.860000,0.860000,0.000000,-100.0000,0.000000
C_cascode_n33_tt_l2e-6_w2e-5_dc_stressOff,0.880000,0.880000,0.000000,-100.0000,0.000000
C_cascode_n33_tt_l2e-6_w2e-5_dc_stressOff,0.900000,0.900000,0.000000,-100.0000,0.000000
C_cascode_n33_tt_l2e-6_w2e-5_dc_stressOff,0.920000,0.920000,0.000000,-100.0000,0.000000
C_cascode_n33_tt_l2e-6_w2e-5_dc_stressOff,0.940000,0.940000,0.000000,-100.0000,0.000000
C_cascode_n33_tt_l2e-6_w2e-5_dc_stressOff,0.960000,0.960000,0.000000,-100.0000,0.000000
C_cascode_n33_tt_l2e-6_w2e-5_dc_stressOff,0.980000,0.980000,0.000001,-100.0000,0.000000
C_cascode_n33_tt_l2e-6_w2e-5_dc_stressOff,1.000000,1.000000,0.000001,-100.0000,0.000000
C_cascode_n33_tt_l2e-6_w2e-5_dc_stressOff,1.020000,1.020000,0.000001,-100.0000,0.000000
C_cascode_n33_tt_l2e-6_w2e-5_dc_stressOff,1.040000,1.040000,0.000001,-100.0000,0.000000
C_cascode_n33_tt_l2e-6_w2e-5_dc_stressOff,1.060000,1.060000,0.000001,-100.0000,0.000000
C_cascode_n33_tt_l2e-6_w2e-5_dc_stressOff,1.080000,1.080000,0.000001,-100.0000,0.000000
C_cascode_n33_tt_l2e-6_w2e-5_dc_stressOff,1.100000,1.100000,0.000001,-100.0000,0.000000
C_cascode_n33_tt_l2e-6_w2e-5_dc_stressOff,1.120000,1.120000,0.000001,-100.0000,0.000000
C_cascode_n33_tt_l2e-6_w2e-5_dc_stressOff,1.140000,1.140000,0.000001,-100.0000,0.000000
C_cascode_n33_tt_l2e-6_w2e-5_dc_stressOff,1.160000,1.160000,0.000001,-100.0000,0.000000
C_cascode_n33_tt_l2e-6_w2e-5_dc_stressOff,1.180000,1.180000,0.000001,-100.0000,0.000000
C_cascode_n33_tt_l2e-6_w2e-5_dc_stressOff,1.200000,1.200000,0.000001,-100.0000,0.000000
C_cascode_n33_tt_l2e-6_w2e-5_dc_stressOff,1.220000,1.220000,0.000001,-100.0000,0.000000
C_cascode_n33_tt_l2e-6_w2e-5_dc_stressOff,1.240000,1.240000,0.000001,-100.0000,0.000000
C_cascode_n33_tt_l2e-6_w2e-5_dc_stressOff,1.260000,1.260000,0.000001,-100.0000,0.000000
C_cascode_n33_tt_l2e-6_w2e-5_dc_stressOff,1.280000,1.280000,0.000001,-100.0000,0.000000
C_cascode_n33_tt_l2e-6_w2e-5_dc_stressOff,1.300000,1.300000,0.000001,-100.0000,0.000000
C_cascode_n33_tt_l2e-6_w2e-5_dc_stressOff,1.320000,1.320000,0.000001,-100.0000,0.000000
C_cascode_n33_tt_l2e-6_w2e-5_dc_stressOff,1.340000,1.340000,0.000001,-100.0000,0.000000
C_cascode_n33_tt_l2e-6_w2e-5_dc_stressOff,1.360000,1.360000,0.000001,-100.0000,0.000000
C_cascode_n33_tt_l2e-6_w2e-5_dc_stressOff,1.380000,1.380000,0.000001,-100.0000,0.000000
C_cascode_n33_tt_l2e-6_w2e-5_dc_stressOff,1.400000,1.400000,0.000001,-100.0000,0.000000
C_cascode_n33_tt_l2e-6_w2e-5_dc_stressOff,1.420000,1.420000,0.000001,-100.0000,0.000000
C_cascode_n33_tt_l2e-6_w2e-5_dc_stressOff,1.440000,1.440000,0.000001,-100.0000,0.000000
C_cascode_n33_tt_l2e-6_w2e-5_dc_stressOff,1.460000,1.460000,0.000001,-100.0000,0.000000
C_cascode_n33_tt_l2e-6_w2e-5_dc_stressOff,1.480000,1.480000,0.000001,-100.0000,0.000000
C_cascode_n33_tt_l2e-6_w2e-5_dc_stressOff,1.500000,1.500000,0.000001,-100.0000,0.000000
C_cascode_n33_tt_l2e-6_w2e-5_dc_stressOff,1.520000,1.520000,0.000001,-100.0000,0.000000
C_cascode_n33_tt_l2e-6_w2e-5_dc_stressOff,1.540000,1.540000,0.000001,-100.0000,0.000000
C_cascode_n33_tt_l2e-6_w2e-5_dc_stressOff,1.560000,1.560000,0.000001,-100.0000,0.000000
C_cascode_n33_tt_l2e-6_w2e-5_dc_stressOff,1.580000,1.580000,0.000001,-100.0000,0.000000
C_cascode_n33_tt_l2e-6_w2e-5_dc_stressOff,1.600000,1.600000,0.000001,-100.0000,0.000000
C_cascode_n33_tt_l2e-6_w2e-5_dc_stressOff,1.620000,1.620000,0.000001,-100.0000,0.000000
C_cascode_n33_tt_l2e-6_w2e-5_dc_stressOff,1.640000,1.640000,0.000001,-100.0000,0.000000
C_cascode_n33_tt_l2e-6_w2e-5_dc_stressOff,1.660000,1.660000,0.000001,-100.0000,0.000000
C_cascode_n33_tt_l2e-6_w2e-5_dc_stressOff,1.680000,1.680000,0.000001,-100.0000,0.000000
C_cascode_n33_tt_l2e-6_w2e-5_dc_stressOff,1.700000,1.700000,0.000001,-100.0000,0.000000
C_cascode_n33_tt_l2e-6_w2e-5_dc_stressOff,1.720000,1.720000,0.000001,-100.0000,0.000000
C_cascode_n33_tt_l2e-6_w2e-5_dc_stressOff,1.740000,1.740000,0.000001,-100.0000,0.000000
C_cascode_n33_tt_l2e-6_w2e-5_dc_stressOff,1.760000,1.760000,0.000001,-100.0000,0.000000
C_cascode_n33_tt_l2e-6_w2e-5_dc_stressOff,1.780000,1.780000,0.000001,-100.0000,0.000000
C_cascode_n33_tt_l2e-6_w2e-5_dc_stressOff,1.800000,1.800000,0.000001,-100.0000,0.000000
C_cascode_n33_tt_l2e-6_w2e-5_dc_stressOff,1.820000,1.820000,0.000001,-100.0000,0.000000
C_cascode_n33_tt_l2e-6_w2e-5_dc_stressOff,1.840000,1.840000,0.000001,-100.0000,0.000000
C_cascode_n33_tt_l2e-6_w2e-5_dc_stressOff,1.860000,1.860000,0.000001,-100.0000,0.000000
C_cascode_n33_tt_l2e-6_w2e-5_dc_stressOff,1.880000,1.880000,0.000001,-100.0000,0.000000
C_cascode_n33_tt_l2e-6_w2e-5_dc_stressOff,1.900000,1.900000,0.000001,-100.0000,0.000000
C_cascode_n33_tt_l2e-6_w2e-5_dc_stressOff,1.920000,1.920000,0.000001,-100.0000,0.000000
C_cascode_n33_tt_l2e-6_w2e-5_dc_stressOff,1.940000,1.940000,0.000001,-100.0000,0.000000
C_cascode_n33_tt_l2e-6_w2e-5_dc_stressOff,1.960000,1.960000,0.000001,-100.0000,0.000000
C_cascode_n33_tt_l2e-6_w2e-5_dc_stressOff,1.980000,1.980000,0.000001,-100.0000,0.000000
C_cascode_n33_tt_l2e-6_w2e-5_dc_stressOff,2.000000,2.000000,0.000001,-100.0000,0.000000
C_cascode_n33_tt_l2e-6_w2e-5_dc_stressOff,2.020000,2.020000,0.000001,-100.0000,0.000000
C_cascode_n33_tt_l2e-6_w2e-5_dc_stressOff,2.040000,2.040000,0.000001,-100.0000,0.000000
C_cascode_n33_tt_l2e-6_w2e-5_dc_stressOff,2.060000,2.060000,0.000001,-100.0000,0.000000
C_cascode_n33_tt_l2e-6_w2e-5_dc_stressOff,2.080000,2.080000,0.000001,-100.0000,0.000000
C_cascode_n33_tt_l2e-6_w2e-5_dc_stressOff,2.100000,2.100000,0.000001,-100.0000,0.000000
C_cascode_n33_tt_l2e-6_w2e-5_dc_stressOff,2.120000,2.120000,0.000001,-100.0000,0.000000
C_cascode_n33_tt_l2e-6_w2e-5_dc_stressOff,2.140000,2.140000,0.000001,-100.0000,0.000000
C_cascode_n33_tt_l2e-6_w2e-5_dc_stressOff,2.160000,2.160000,0.000002,-100.0000,0.000000
C_cascode_n33_tt_l2e-6_w2e-5_dc_stressOff,2.180000,2.180000,0.000002,-100.0000,0.000000
C_cascode_n33_tt_l2e-6_w2e-5_dc_stressOff,2.200000,2.200000,0.000002,-100.0000,0.000000
C_cascode_n33_tt_l2e-6_w2e-5_dc_stressOff,2.220000,2.220000,0.000002,-100.0000,0.000000
C_cascode_n33_tt_l2e-6_w2e-5_dc_stressOff,2.240000,2.240000,0.000002,-100.0000,0.000000
C_cascode_n33_tt_l2e-6_w2e-5_dc_stressOff,2.260000,2.260000,0.000002,-100.0000,0.000000
C_cascode_n33_tt_l2e-6_w2e-5_dc_stressOff,2.280000,2.280000,0.000002,-100.0000,0.000000
C_cascode_n33_tt_l2e-6_w2e-5_dc_stressOff,2.300000,2.300000,0.000002,-100.0000,0.000000
C_cascode_n33_tt_l2e-6_w2e-5_dc_stressOff,2.320000,2.320000,0.000002,-100.0000,0.000000
C_cascode_n33_tt_l2e-6_w2e-5_dc_stressOff,2.340000,2.340000,0.000002,-100.0000,0.000000
C_cascode_n33_tt_l2e-6_w2e-5_dc_stressOff,2.360000,2.360000,0.000002,-100.0000,0.000000
C_cascode_n33_tt_l2e-6_w2e-5_dc_stressOff,2.380000,2.380000,0.000002,-100.0000,0.000000
C_cascode_n33_tt_l2e-6_w2e-5_dc_stressOff,2.400000,2.400000,0.000002,-100.0000,0.000000
C_cascode_n33_tt_l2e-6_w2e-5_dc_stressOff,2.420000,2.420000,0.000002,-100.0000,0.000000
C_cascode_n33_tt_l2e-6_w2e-5_dc_stressOff,2.440000,2.440000,0.000002,-100.0000,0.000000
C_cascode_n33_tt_l2e-6_w2e-5_dc_stressOff,2.460000,2.460000,0.000002,-100.0000,0.000000
C_cascode_n33_tt_l2e-6_w2e-5_dc_stressOff,2.480000,2.480000,0.000002,-100.0000,0.000000
C_cascode_n33_tt_l2e-6_w2e-5_dc_stressOff,2.500000,2.500000,0.000002,-100.0000,0.000000
C_cascode_n33_tt_l2e-6_w2e-5_dc_stressOff,2.520000,2.520000,0.000002,-100.0000,0.000000
C_cascode_n33_tt_l2e-6_w2e-5_dc_stressOff,2.540000,2.540000,0.000002,-100.0000,0.000000
C_cascode_n33_tt_l2e-6_w2e-5_dc_stressOff,2.560000,2.560000,0.000002,-100.0000,0.000000
C_cascode_n33_tt_l2e-6_w2e-5_dc_stressOff,2.580000,2.580000,0.000002,-100.0000,0.000000
C_cascode_n33_tt_l2e-6_w2e-5_dc_stressOff,2.600000,2.600000,0.000002,-100.0000,0.000000
C_cascode_n33_tt_l2e-6_w2e-5_dc_stressOff,2.620000,2.620000,0.000002,-100.0000,0.000000
C_cascode_n33_tt_l2e-6_w2e-5_dc_stressOff,2.640000,2.640000,0.000002,-100.0000,0.000000
C_cascode_n33_tt_l2e-6_w2e-5_dc_stressOff,2.660000,2.660000,0.000002,-100.0000,0.000000
C_cascode_n33_tt_l2e-6_w2e-5_dc_stressOff,2.680000,2.680000,0.000002,-100.0000,0.000000
C_cascode_n33_tt_l2e-6_w2e-5_dc_stressOff,2.700000,2.700000,0.000003,-100.0000,0.000000
C_cascode_n33_tt_l2e-6_w2e-5_dc_stressOff,2.720000,2.720000,0.000003,-100.0000,0.000000
C_cascode_n33_tt_l2e-6_w2e-5_dc_stressOff,2.740000,2.740000,0.000003,-100.0000,0.000000
C_cascode_n33_tt_l2e-6_w2e-5_dc_stressOff,2.760000,2.760000,0.000003,-100.0000,0.000000
C_cascode_n33_tt_l2e-6_w2e-5_dc_stressOff,2.780000,2.780000,0.000003,-100.0000,0.000000
C_cascode_n33_tt_l2e-6_w2e-5_dc_stressOff,2.800000,2.800000,0.000003,-100.0000,0.000000
C_cascode_n33_tt_l2e-6_w2e-5_dc_stressOff,2.820000,2.820000,0.000003,-100.0000,0.000000
C_cascode_n33_tt_l2e-6_w2e-5_dc_stressOff,2.840000,2.840000,0.000003,-100.0000,0.000000
C_cascode_n33_tt_l2e-6_w2e-5_dc_stressOff,2.860000,2.860000,0.000003,-100.0000,0.000000
C_cascode_n33_tt_l2e-6_w2e-5_dc_stressOff,2.880000,2.880000,0.000003,-100.0000,0.000000
C_cascode_n33_tt_l2e-6_w2e-5_dc_stressOff,2.900000,2.900000,0.000003,-100.0000,0.000000
C_cascode_n33_tt_l2e-6_w2e-5_dc_stressOff,2.920000,2.920000,0.000003,-100.0000,0.000000
C_cascode_n33_tt_l2e-6_w2e-5_dc_stressOff,2.940000,2.940000,0.000003,-100.0000,0.000000
C_cascode_n33_tt_l2e-6_w2e-5_dc_stressOff,2.960000,2.960000,0.000003,-100.0000,0.000000
C_cascode_n33_tt_l2e-6_w2e-5_dc_stressOff,2.980000,2.980000,0.000003,-100.0000,0.000000
C_cascode_n33_tt_l2e-6_w2e-5_dc_stressOff,3.000000,3.000000,0.000003,-100.0000,0.000000
C_cascode_n33_tt_l2e-6_w2e-5_dc_stressOff,3.020000,3.020000,0.000003,-100.0000,0.000000
C_cascode_n33_tt_l2e-6_w2e-5_dc_stressOff,3.040000,3.040000,0.000004,-100.0000,0.000000
C_cascode_n33_tt_l2e-6_w2e-5_dc_stressOff,3.060000,3.060000,0.000004,-100.0000,0.000000
C_cascode_n33_tt_l2e-6_w2e-5_dc_stressOff,3.080000,3.080000,0.000004,-100.0000,0.000000
C_cascode_n33_tt_l2e-6_w2e-5_dc_stressOff,3.100000,3.100000,0.000004,-100.0000,0.000000
C_cascode_n33_tt_l2e-6_w2e-5_dc_stressOff,3.120000,3.120000,0.000004,-100.0000,0.000000
C_cascode_n33_tt_l2e-6_w2e-5_dc_stressOff,3.140000,3.140000,0.000004,-100.0000,0.000000
C_cascode_n33_tt_l2e-6_w2e-5_dc_stressOff,3.160000,3.160000,0.000004,-100.0000,0.000000
C_cascode_n33_tt_l2e-6_w2e-5_dc_stressOff,3.180000,3.180000,0.000004,-100.0000,0.000000
C_cascode_n33_tt_l2e-6_w2e-5_dc_stressOff,3.200000,3.200000,0.000004,-100.0000,0.000000
C_cascode_n33_tt_l2e-6_w2e-5_dc_stressOff,3.220000,3.220000,0.000004,-100.0000,0.000000
C_cascode_n33_tt_l2e-6_w2e-5_dc_stressOff,3.240000,3.240000,0.000004,-100.0000,0.000000
C_cascode_n33_tt_l2e-6_w2e-5_dc_stressOff,3.260000,3.260000,0.000004,-100.0000,0.000000
C_cascode_n33_tt_l2e-6_w2e-5_dc_stressOff,3.280000,3.280000,0.000004,-100.0000,0.000000
C_cascode_n33_tt_l2e-6_w2e-5_dc_stressOff,3.300000,3.300000,0.000005,-100.0000,0.000000
C_cascode_n33_tt_l2e-6_w2e-5_dc_pvttt,0.000000,0.000000,-0.000000,-100.0000,0.884261
C_cascode_n33_tt_l2e-6_w2e-5_dc_pvttt,0.020000,0.006119,1.388134,-90.7458,0.884261
C_cascode_n33_tt_l2e-6_w2e-5_dc_pvttt,0.040000,0.012451,2.754853,-81.6343,0.884261
C_cascode_n33_tt_l2e-6_w2e-5_dc_pvttt,0.060000,0.019025,4.097510,-72.6833,0.884261
C_cascode_n33_tt_l2e-6_w2e-5_dc_pvttt,0.080000,0.025872,5.412849,-63.9143,0.884261
C_cascode_n33_tt_l2e-6_w2e-5_dc_pvttt,0.100000,0.033032,6.696787,-55.3548,0.884261
C_cascode_n33_tt_l2e-6_w2e-5_dc_pvttt,0.120000,0.040559,7.944096,-47.0394,0.884261
C_cascode_n33_tt_l2e-6_w2e-5_dc_pvttt,0.140000,0.048521,9.147886,-39.0141,0.884261
C_cascode_n33_tt_l2e-6_w2e-5_dc_pvttt,0.160000,0.057012,10.298759,-31.3416,0.884261
C_cascode_n33_tt_l2e-6_w2e-5_dc_pvttt,0.180000,0.066167,11.383330,-24.1111,0.884261
C_cascode_n33_tt_l2e-6_w2e-5_dc_pvttt,0.200000,0.076186,12.381411,-17.4573,0.884261
C_cascode_n33_tt_l2e-6_w2e-5_dc_pvttt,0.220000,0.087398,13.260236,-11.5984,0.884261
C_cascode_n33_tt_l2e-6_w2e-5_dc_pvttt,0.240000,0.100378,13.962241,-6.9184,0.884261
C_cascode_n33_tt_l2e-6_w2e-5_dc_pvttt,0.260000,0.116052,14.394816,-4.0346,0.884261
C_cascode_n33_tt_l2e-6_w2e-5_dc_pvttt,0.280000,0.134454,14.554584,-2.9694,0.884261
C_cascode_n33_tt_l2e-6_w2e-5_dc_pvttt,0.300000,0.153853,14.614741,-2.5684,0.884261
C_cascode_n33_tt_l2e-6_w2e-5_dc_pvttt,0.320000,0.173488,14.651195,-2.3254,0.884261
C_cascode_n33_tt_l2e-6_w2e-5_dc_pvttt,0.340000,0.193213,14.678653,-2.1423,0.884261
C_cascode_n33_tt_l2e-6_w2e-5_dc_pvttt,0.360000,0.212988,14.701207,-1.9920,0.884261
C_cascode_n33_tt_l2e-6_w2e-5_dc_pvttt,0.380000,0.232794,14.720568,-1.8629,0.884261
C_cascode_n33_tt_l2e-6_w2e-5_dc_pvttt,0.400000,0.252624,14.737645,-1.7490,0.884261
C_cascode_n33_tt_l2e-6_w2e-5_dc_pvttt,0.420000,0.272470,14.752991,-1.6467,0.884261
C_cascode_n33_tt_l2e-6_w2e-5_dc_pvttt,0.440000,0.292330,14.766973,-1.5535,0.884261
C_cascode_n33_tt_l2e-6_w2e-5_dc_pvttt,0.460000,0.312202,14.779848,-1.4677,0.884261
C_cascode_n33_tt_l2e-6_w2e-5_dc_pvttt,0.480000,0.332082,14.791803,-1.3880,0.884261
C_cascode_n33_tt_l2e-6_w2e-5_dc_pvttt,0.500000,0.351970,14.802980,-1.3135,0.884261
C_cascode_n33_tt_l2e-6_w2e-5_dc_pvttt,0.520000,0.371865,14.813487,-1.2434,0.884261
C_cascode_n33_tt_l2e-6_w2e-5_dc_pvttt,0.540000,0.391766,14.823409,-1.1773,0.884261
C_cascode_n33_tt_l2e-6_w2e-5_dc_pvttt,0.560000,0.411672,14.832813,-1.1146,0.884261
C_cascode_n33_tt_l2e-6_w2e-5_dc_pvttt,0.580000,0.431582,14.841753,-1.0550,0.884261
C_cascode_n33_tt_l2e-6_w2e-5_dc_pvttt,0.600000,0.451497,14.850271,-0.9982,0.884261
C_cascode_n33_tt_l2e-6_w2e-5_dc_pvttt,0.620000,0.471416,14.858399,-0.9440,0.884261
C_cascode_n33_tt_l2e-6_w2e-5_dc_pvttt,0.640000,0.491338,14.866162,-0.8923,0.884261
C_cascode_n33_tt_l2e-6_w2e-5_dc_pvttt,0.660000,0.511264,14.873579,-0.8428,0.884261
C_cascode_n33_tt_l2e-6_w2e-5_dc_pvttt,0.680000,0.531193,14.880659,-0.7956,0.884261
C_cascode_n33_tt_l2e-6_w2e-5_dc_pvttt,0.700000,0.551126,14.887407,-0.7506,0.884261
C_cascode_n33_tt_l2e-6_w2e-5_dc_pvttt,0.720000,0.571062,14.893818,-0.7079,0.884261
C_cascode_n33_tt_l2e-6_w2e-5_dc_pvttt,0.740000,0.591001,14.899881,-0.6675,0.884261
C_cascode_n33_tt_l2e-6_w2e-5_dc_pvttt,0.760000,0.610944,14.905575,-0.6295,0.884261
C_cascode_n33_tt_l2e-6_w2e-5_dc_pvttt,0.780000,0.630891,14.910868,-0.5942,0.884261
C_cascode_n33_tt_l2e-6_w2e-5_dc_pvttt,0.800000,0.650843,14.915718,-0.5619,0.884261
C_cascode_n33_tt_l2e-6_w2e-5_dc_pvttt,0.820000,0.670799,14.920066,-0.5329,0.884261
C_cascode_n33_tt_l2e-6_w2e-5_dc_pvttt,0.840000,0.690762,14.923840,-0.5077,0.884261
C_cascode_n33_tt_l2e-6_w2e-5_dc_pvttt,0.860000,0.710731,14.926947,-0.4870,0.884261
C_cascode_n33_tt_l2e-6_w2e-5_dc_pvttt,0.880000,0.730707,14.929277,-0.4715,0.884261
C_cascode_n33_tt_l2e-6_w2e-5_dc_pvttt,0.900000,0.750693,14.930713,-0.4619,0.884261
C_cascode_n33_tt_l2e-6_w2e-5_dc_pvttt,0.920000,0.770687,14.931286,-0.4581,0.884261
C_cascode_n33_tt_l2e-6_w2e-5_dc_pvttt,0.940000,0.790686,14.931446,-0.4570,0.884261
C_cascode_n33_tt_l2e-6_w2e-5_dc_pvttt,0.960000,0.810685,14.931517,-0.4566,0.884261
C_cascode_n33_tt_l2e-6_w2e-5_dc_pvttt,0.980000,0.830684,14.931565,-0.4562,0.884261
C_cascode_n33_tt_l2e-6_w2e-5_dc_pvttt,1.000000,0.850684,14.931602,-0.4560,0.884261
C_cascode_n33_tt_l2e-6_w2e-5_dc_pvttt,1.020000,0.870684,14.931634,-0.4558,0.884261
C_cascode_n33_tt_l2e-6_w2e-5_dc_pvttt,1.040000,0.890683,14.931662,-0.4556,0.884261
C_cascode_n33_tt_l2e-6_w2e-5_dc_pvttt,1.060000,0.910683,14.931686,-0.4554,0.884261
C_cascode_n33_tt_l2e-6_w2e-5_dc_pvttt,1.080000,0.930683,14.931708,-0.4553,0.884261
C_cascode_n33_tt_l2e-6_w2e-5_dc_pvttt,1.100000,0.950683,14.931729,-0.4551,0.884261
C_cascode_n33_tt_l2e-6_w2e-5_dc_pvttt,1.120000,0.970683,14.931748,-0.4550,0.884261
C_cascode_n33_tt_l2e-6_w2e-5_dc_pvttt,1.140000,0.990682,14.931765,-0.4549,0.884261
C_cascode_n33_tt_l2e-6_w2e-5_dc_pvttt,1.160000,1.010682,14.931782,-0.4548,0.884261
C_cascode_n33_tt_l2e-6_w2e-5_dc_pvttt,1.180000,1.030682,14.931797,-0.4547,0.884261
C_cascode_n33_tt_l2e-6_w2e-5_dc_pvttt,1.200000,1.050682,14.931812,-0.4546,0.884261
C_cascode_n33_tt_l2e-6_w2e-5_dc_pvttt,1.220000,1.070682,14.931826,-0.4545,0.884261
C_cascode_n33_tt_l2e-6_w2e-5_dc_pvttt,1.240000,1.090682,14.931840,-0.4544,0.884261
C_cascode_n33_tt_l2e-6_w2e-5_dc_pvttt,1.260000,1.110681,14.931853,-0.4543,0.884261
C_cascode_n33_tt_l2e-6_w2e-5_dc_pvttt,1.280000,1.130681,14.931865,-0.4542,0.884261
C_cascode_n33_tt_l2e-6_w2e-5_dc_pvttt,1.300000,1.150681,14.931877,-0.4542,0.884261
C_cascode_n33_tt_l2e-6_w2e-5_dc_pvttt,1.320000,1.170681,14.931889,-0.4541,0.884261
C_cascode_n33_tt_l2e-6_w2e-5_dc_pvttt,1.340000,1.190681,14.931900,-0.4540,0.884261
C_cascode_n33_tt_l2e-6_w2e-5_dc_pvttt,1.360000,1.210681,14.931911,-0.4539,0.884261
C_cascode_n33_tt_l2e-6_w2e-5_dc_pvttt,1.380000,1.230681,14.931922,-0.4539,0.884261
C_cascode_n33_tt_l2e-6_w2e-5_dc_pvttt,1.400000,1.250681,14.931932,-0.4538,0.884261
C_cascode_n33_tt_l2e-6_w2e-5_dc_pvttt,1.420000,1.270681,14.931942,-0.4537,0.884261
C_cascode_n33_tt_l2e-6_w2e-5_dc_pvttt,1.440000,1.290680,14.931952,-0.4537,0.884261
C_cascode_n33_tt_l2e-6_w2e-5_dc_pvttt,1.460000,1.310680,14.931962,-0.4536,0.884261
C_cascode_n33_tt_l2e-6_w2e-5_dc_pvttt,1.480000,1.330680,14.931972,-0.4535,0.884261
C_cascode_n33_tt_l2e-6_w2e-5_dc_pvttt,1.500000,1.350680,14.931981,-0.4535,0.884261
C_cascode_n33_tt_l2e-6_w2e-5_dc_pvttt,1.520000,1.370680,14.931990,-0.4534,0.884261
C_cascode_n33_tt_l2e-6_w2e-5_dc_pvttt,1.540000,1.390680,14.931999,-0.4533,0.884261
C_cascode_n33_tt_l2e-6_w2e-5_dc_pvttt,1.560000,1.410680,14.932008,-0.4533,0.884261
C_cascode_n33_tt_l2e-6_w2e-5_dc_pvttt,1.580000,1.430680,14.932016,-0.4532,0.884261
C_cascode_n33_tt_l2e-6_w2e-5_dc_pvttt,1.600000,1.450680,14.932025,-0.4532,0.884261
C_cascode_n33_tt_l2e-6_w2e-5_dc_pvttt,1.620000,1.470680,14.932033,-0.4531,0.884261
C_cascode_n33_tt_l2e-6_w2e-5_dc_pvttt,1.640000,1.490680,14.932041,-0.4531,0.884261
C_cascode_n33_tt_l2e-6_w2e-5_dc_pvttt,1.660000,1.510680,14.932049,-0.4530,0.884261
C_cascode_n33_tt_l2e-6_w2e-5_dc_pvttt,1.680000,1.530679,14.932057,-0.4530,0.884261
C_cascode_n33_tt_l2e-6_w2e-5_dc_pvttt,1.700000,1.550679,14.932065,-0.4529,0.884261
C_cascode_n33_tt_l2e-6_w2e-5_dc_pvttt,1.720000,1.570679,14.932073,-0.4528,0.884261
C_cascode_n33_tt_l2e-6_w2e-5_dc_pvttt,1.740000,1.590679,14.932081,-0.4528,0.884261
C_cascode_n33_tt_l2e-6_w2e-5_dc_pvttt,1.760000,1.610679,14.932089,-0.4527,0.884261
C_cascode_n33_tt_l2e-6_w2e-5_dc_pvttt,1.780000,1.630679,14.932096,-0.4527,0.884261
C_cascode_n33_tt_l2e-6_w2e-5_dc_pvttt,1.800000,1.650679,14.932103,-0.4526,0.884261
C_cascode_n33_tt_l2e-6_w2e-5_dc_pvttt,1.820000,1.670679,14.932111,-0.4526,0.884261
C_cascode_n33_tt_l2e-6_w2e-5_dc_pvttt,1.840000,1.690679,14.932118,-0.4525,0.884261
C_cascode_n33_tt_l2e-6_w2e-5_dc_pvttt,1.860000,1.710679,14.932125,-0.4525,0.884261
C_cascode_n33_tt_l2e-6_w2e-5_dc_pvttt,1.880000,1.730679,14.932132,-0.4525,0.884261
C_cascode_n33_tt_l2e-6_w2e-5_dc_pvttt,1.900000,1.750679,14.932140,-0.4524,0.884261
C_cascode_n33_tt_l2e-6_w2e-5_dc_pvttt,1.920000,1.770679,14.932147,-0.4524,0.884261
C_cascode_n33_tt_l2e-6_w2e-5_dc_pvttt,1.940000,1.790678,14.932153,-0.4523,0.884261
C_cascode_n33_tt_l2e-6_w2e-5_dc_pvttt,1.960000,1.810678,14.932160,-0.4523,0.884261
C_cascode_n33_tt_l2e-6_w2e-5_dc_pvttt,1.980000,1.830678,14.932167,-0.4522,0.884261
C_cascode_n33_tt_l2e-6_w2e-5_dc_pvttt,2.000000,1.850678,14.932174,-0.4522,0.884261
C_cascode_n33_tt_l2e-6_w2e-5_dc_pvttt,2.020000,1.870678,14.932181,-0.4521,0.884261
C_cascode_n33_tt_l2e-6_w2e-5_dc_pvttt,2.040000,1.890678,14.932187,-0.4521,0.884261
C_cascode_n33_tt_l2e-6_w2e-5_dc_pvttt,2.060000,1.910678,14.932194,-0.4520,0.884261
C_cascode_n33_tt_l2e-6_w2e-5_dc_pvttt,2.080000,1.930678,14.932201,-0.4520,0.884261
C_cascode_n33_tt_l2e-6_w2e-5_dc_pvttt,2.100000,1.950678,14.932207,-0.4520,0.884261
C_cascode_n33_tt_l2e-6_w2e-5_dc_pvttt,2.120000,1.970678,14.932214,-0.4519,0.884261
C_cascode_n33_tt_l2e-6_w2e-5_dc_pvttt,2.140000,1.990678,14.932220,-0.4519,0.884261
C_cascode_n33_tt_l2e-6_w2e-5_dc_pvttt,2.160000,2.010678,14.932227,-0.4518,0.884261
C_cascode_n33_tt_l2e-6_w2e-5_dc_pvttt,2.180000,2.030678,14.932233,-0.4518,0.884261
C_cascode_n33_tt_l2e-6_w2e-5_dc_pvttt,2.200000,2.050678,14.932240,-0.4517,0.884261
C_cascode_n33_tt_l2e-6_w2e-5_dc_pvttt,2.220000,2.070678,14.932246,-0.4517,0.884261
C_cascode_n33_tt_l2e-6_w2e-5_dc_pvttt,2.240000,2.090677,14.932253,-0.4516,0.884261
C_cascode_n33_tt_l2e-6_w2e-5_dc_pvttt,2.260000,2.110677,14.932259,-0.4516,0.884261
C_cascode_n33_tt_l2e-6_w2e-5_dc_pvttt,2.280000,2.130677,14.932266,-0.4516,0.884261
C_cascode_n33_tt_l2e-6_w2e-5_dc_pvttt,2.300000,2.150677,14.932273,-0.4515,0.884261
C_cascode_n33_tt_l2e-6_w2e-5_dc_pvttt,2.320000,2.170677,14.932280,-0.4515,0.884261
C_cascode_n33_tt_l2e-6_w2e-5_dc_pvttt,2.340000,2.190677,14.932287,-0.4514,0.884261
C_cascode_n33_tt_l2e-6_w2e-5_dc_pvttt,2.360000,2.210677,14.932295,-0.4514,0.884261
C_cascode_n33_tt_l2e-6_w2e-5_dc_pvttt,2.380000,2.230677,14.932303,-0.4513,0.884261
C_cascode_n33_tt_l2e-6_w2e-5_dc_pvttt,2.400000,2.250677,14.932311,-0.4513,0.884261
C_cascode_n33_tt_l2e-6_w2e-5_dc_pvttt,2.420000,2.270677,14.932320,-0.4512,0.884261
C_cascode_n33_tt_l2e-6_w2e-5_dc_pvttt,2.440000,2.290677,14.932330,-0.4511,0.884261
C_cascode_n33_tt_l2e-6_w2e-5_dc_pvttt,2.460000,2.310677,14.932341,-0.4511,0.884261
C_cascode_n33_tt_l2e-6_w2e-5_dc_pvttt,2.480000,2.330676,14.932353,-0.4510,0.884261
C_cascode_n33_tt_l2e-6_w2e-5_dc_pvttt,2.500000,2.350676,14.932366,-0.4509,0.884261
C_cascode_n33_tt_l2e-6_w2e-5_dc_pvttt,2.520000,2.370676,14.932381,-0.4508,0.884261
C_cascode_n33_tt_l2e-6_w2e-5_dc_pvttt,2.540000,2.390676,14.932397,-0.4507,0.884261
C_cascode_n33_tt_l2e-6_w2e-5_dc_pvttt,2.560000,2.410676,14.932416,-0.4506,0.884261
C_cascode_n33_tt_l2e-6_w2e-5_dc_pvttt,2.580000,2.430676,14.932437,-0.4504,0.884261
C_cascode_n33_tt_l2e-6_w2e-5_dc_pvttt,2.600000,2.450675,14.932461,-0.4503,0.884261
C_cascode_n33_tt_l2e-6_w2e-5_dc_pvttt,2.620000,2.470675,14.932489,-0.4501,0.884261
C_cascode_n33_tt_l2e-6_w2e-5_dc_pvttt,2.640000,2.490675,14.932521,-0.4499,0.884261
C_cascode_n33_tt_l2e-6_w2e-5_dc_pvttt,2.660000,2.510674,14.932558,-0.4496,0.884261
C_cascode_n33_tt_l2e-6_w2e-5_dc_pvttt,2.680000,2.530674,14.932600,-0.4493,0.884261
C_cascode_n33_tt_l2e-6_w2e-5_dc_pvttt,2.700000,2.550674,14.932648,-0.4490,0.884261
C_cascode_n33_tt_l2e-6_w2e-5_dc_pvttt,2.720000,2.570673,14.932703,-0.4486,0.884261
C_cascode_n33_tt_l2e-6_w2e-5_dc_pvttt,2.740000,2.590672,14.932766,-0.4482,0.884261
C_cascode_n33_tt_l2e-6_w2e-5_dc_pvttt,2.760000,2.610672,14.932838,-0.4477,0.884261
C_cascode_n33_tt_l2e-6_w2e-5_dc_pvttt,2.780000,2.630671,14.932921,-0.4472,0.884261
C_cascode_n33_tt_l2e-6_w2e-5_dc_pvttt,2.800000,2.650670,14.933015,-0.4466,0.884261
C_cascode_n33_tt_l2e-6_w2e-5_dc_pvttt,2.820000,2.670669,14.933122,-0.4459,0.884261
C_cascode_n33_tt_l2e-6_w2e-5_dc_pvttt,2.840000,2.690668,14.933243,-0.4450,0.884261
C_cascode_n33_tt_l2e-6_w2e-5_dc_pvttt,2.860000,2.710666,14.933381,-0.4441,0.884261
C_cascode_n33_tt_l2e-6_w2e-5_dc_pvttt,2.880000,2.730665,14.933538,-0.4431,0.884261
C_cascode_n33_tt_l2e-6_w2e-5_dc_pvttt,2.900000,2.750663,14.933714,-0.4419,0.884261
C_cascode_n33_tt_l2e-6_w2e-5_dc_pvttt,2.920000,2.770661,14.933913,-0.4406,0.884261
C_cascode_n33_tt_l2e-6_w2e-5_dc_pvttt,2.940000,2.790659,14.934136,-0.4391,0.884261
C_cascode_n33_tt_l2e-6_w2e-5_dc_pvttt,2.960000,2.810656,14.934387,-0.4374,0.884261
C_cascode_n33_tt_l2e-6_w2e-5_dc_pvttt,2.980000,2.830653,14.934669,-0.4355,0.884261
C_cascode_n33_tt_l2e-6_w2e-5_dc_pvttt,3.000000,2.850650,14.934983,-0.4334,0.884261
C_cascode_n33_tt_l2e-6_w2e-5_dc_pvttt,3.020000,2.870647,14.935334,-0.4311,0.884261
C_cascode_n33_tt_l2e-6_w2e-5_dc_pvttt,3.040000,2.890643,14.935725,-0.4285,0.884261
C_cascode_n33_tt_l2e-6_w2e-5_dc_pvttt,3.060000,2.910638,14.936159,-0.4256,0.884261
C_cascode_n33_tt_l2e-6_w2e-5_dc_pvttt,3.080000,2.930634,14.936641,-0.4224,0.884261
C_cascode_n33_tt_l2e-6_w2e-5_dc_pvttt,3.100000,2.950628,14.937174,-0.4188,0.884261
C_cascode_n33_tt_l2e-6_w2e-5_dc_pvttt,3.120000,2.970622,14.937764,-0.4149,0.884261
C_cascode_n33_tt_l2e-6_w2e-5_dc_pvttt,3.140000,2.990616,14.938415,-0.4106,0.884261
C_cascode_n33_tt_l2e-6_w2e-5_dc_pvttt,3.160000,3.010609,14.939131,-0.4058,0.884261
C_cascode_n33_tt_l2e-6_w2e-5_dc_pvttt,3.180000,3.030601,14.939919,-0.4005,0.884261
C_cascode_n33_tt_l2e-6_w2e-5_dc_pvttt,3.200000,3.050592,14.940783,-0.3948,0.884261
C_cascode_n33_tt_l2e-6_w2e-5_dc_pvttt,3.220000,3.070583,14.941730,-0.3885,0.884261
C_cascode_n33_tt_l2e-6_w2e-5_dc_pvttt,3.240000,3.090572,14.942767,-0.3816,0.884261
C_cascode_n33_tt_l2e-6_w2e-5_dc_pvttt,3.260000,3.110561,14.943899,-0.3740,0.884261
C_cascode_n33_tt_l2e-6_w2e-5_dc_pvttt,3.280000,3.130549,14.945134,-0.3658,0.884261
C_cascode_n33_tt_l2e-6_w2e-5_dc_pvttt,3.300000,3.150535,14.946478,-0.3568,0.884261
D_local_n33_tt_l2e-6_w2e-5_dc_on,0.000000,0.000000,-0.000000,-100.0000,0.884292
D_local_n33_tt_l2e-6_w2e-5_dc_on,0.020000,0.006119,1.388134,-90.7458,0.884261
D_local_n33_tt_l2e-6_w2e-5_dc_on,0.040000,0.012451,2.754853,-81.6343,0.884261
D_local_n33_tt_l2e-6_w2e-5_dc_on,0.060000,0.019025,4.097510,-72.6833,0.884261
D_local_n33_tt_l2e-6_w2e-5_dc_on,0.080000,0.025872,5.412849,-63.9143,0.884261
D_local_n33_tt_l2e-6_w2e-5_dc_on,0.100000,0.033032,6.696788,-55.3547,0.884261
D_local_n33_tt_l2e-6_w2e-5_dc_on,0.120000,0.040559,7.944096,-47.0394,0.884261
D_local_n33_tt_l2e-6_w2e-5_dc_on,0.140000,0.048521,9.147886,-39.0141,0.884261
D_local_n33_tt_l2e-6_w2e-5_dc_on,0.160000,0.057012,10.298759,-31.3416,0.884261
D_local_n33_tt_l2e-6_w2e-5_dc_on,0.180000,0.066167,11.383330,-24.1111,0.884261
D_local_n33_tt_l2e-6_w2e-5_dc_on,0.200000,0.076186,12.381412,-17.4573,0.884261
D_local_n33_tt_l2e-6_w2e-5_dc_on,0.220000,0.087398,13.260236,-11.5984,0.884261
D_local_n33_tt_l2e-6_w2e-5_dc_on,0.240000,0.100378,13.962241,-6.9184,0.884261
D_local_n33_tt_l2e-6_w2e-5_dc_on,0.260000,0.116052,14.394817,-4.0346,0.884261
D_local_n33_tt_l2e-6_w2e-5_dc_on,0.280000,0.134454,14.554584,-2.9694,0.884261
D_local_n33_tt_l2e-6_w2e-5_dc_on,0.300000,0.153853,14.614742,-2.5684,0.884261
D_local_n33_tt_l2e-6_w2e-5_dc_on,0.320000,0.173488,14.651195,-2.3254,0.884261
D_local_n33_tt_l2e-6_w2e-5_dc_on,0.340000,0.193213,14.678653,-2.1423,0.884261
D_local_n33_tt_l2e-6_w2e-5_dc_on,0.360000,0.212988,14.701207,-1.9920,0.884261
D_local_n33_tt_l2e-6_w2e-5_dc_on,0.380000,0.232794,14.720568,-1.8629,0.884261
D_local_n33_tt_l2e-6_w2e-5_dc_on,0.400000,0.252624,14.737645,-1.7490,0.884261
D_local_n33_tt_l2e-6_w2e-5_dc_on,0.420000,0.272470,14.752991,-1.6467,0.884261
D_local_n33_tt_l2e-6_w2e-5_dc_on,0.440000,0.292330,14.766973,-1.5535,0.884261
D_local_n33_tt_l2e-6_w2e-5_dc_on,0.460000,0.312202,14.779848,-1.4677,0.884261
D_local_n33_tt_l2e-6_w2e-5_dc_on,0.480000,0.332082,14.791803,-1.3880,0.884261
D_local_n33_tt_l2e-6_w2e-5_dc_on,0.500000,0.351970,14.802980,-1.3135,0.884261
D_local_n33_tt_l2e-6_w2e-5_dc_on,0.520000,0.371865,14.813487,-1.2434,0.884261
D_local_n33_tt_l2e-6_w2e-5_dc_on,0.540000,0.391766,14.823409,-1.1773,0.884261
D_local_n33_tt_l2e-6_w2e-5_dc_on,0.560000,0.411672,14.832814,-1.1146,0.884261
D_local_n33_tt_l2e-6_w2e-5_dc_on,0.580000,0.431582,14.841753,-1.0550,0.884261
D_local_n33_tt_l2e-6_w2e-5_dc_on,0.600000,0.451497,14.850271,-0.9982,0.884261
D_local_n33_tt_l2e-6_w2e-5_dc_on,0.620000,0.471416,14.858399,-0.9440,0.884261
D_local_n33_tt_l2e-6_w2e-5_dc_on,0.640000,0.491338,14.866163,-0.8922,0.884261
D_local_n33_tt_l2e-6_w2e-5_dc_on,0.660000,0.511264,14.873579,-0.8428,0.884261
D_local_n33_tt_l2e-6_w2e-5_dc_on,0.680000,0.531193,14.880660,-0.7956,0.884261
D_local_n33_tt_l2e-6_w2e-5_dc_on,0.700000,0.551126,14.887407,-0.7506,0.884261
D_local_n33_tt_l2e-6_w2e-5_dc_on,0.720000,0.571062,14.893819,-0.7079,0.884261
D_local_n33_tt_l2e-6_w2e-5_dc_on,0.740000,0.591001,14.899882,-0.6675,0.884261
D_local_n33_tt_l2e-6_w2e-5_dc_on,0.760000,0.610944,14.905575,-0.6295,0.884261
D_local_n33_tt_l2e-6_w2e-5_dc_on,0.780000,0.630891,14.910869,-0.5942,0.884261
D_local_n33_tt_l2e-6_w2e-5_dc_on,0.800000,0.650843,14.915718,-0.5619,0.884261
D_local_n33_tt_l2e-6_w2e-5_dc_on,0.820000,0.670799,14.920067,-0.5329,0.884261
D_local_n33_tt_l2e-6_w2e-5_dc_on,0.840000,0.690762,14.923840,-0.5077,0.884261
D_local_n33_tt_l2e-6_w2e-5_dc_on,0.860000,0.710731,14.926948,-0.4870,0.884261
D_local_n33_tt_l2e-6_w2e-5_dc_on,0.880000,0.730707,14.929277,-0.4715,0.884261
D_local_n33_tt_l2e-6_w2e-5_dc_on,0.900000,0.750693,14.930713,-0.4619,0.884261
D_local_n33_tt_l2e-6_w2e-5_dc_on,0.920000,0.770687,14.931287,-0.4581,0.884261
D_local_n33_tt_l2e-6_w2e-5_dc_on,0.940000,0.790686,14.931446,-0.4570,0.884261
D_local_n33_tt_l2e-6_w2e-5_dc_on,0.960000,0.810685,14.931517,-0.4566,0.884261
D_local_n33_tt_l2e-6_w2e-5_dc_on,0.980000,0.830684,14.931565,-0.4562,0.884261
D_local_n33_tt_l2e-6_w2e-5_dc_on,1.000000,0.850684,14.931603,-0.4560,0.884261
D_local_n33_tt_l2e-6_w2e-5_dc_on,1.020000,0.870684,14.931634,-0.4558,0.884261
D_local_n33_tt_l2e-6_w2e-5_dc_on,1.040000,0.890683,14.931662,-0.4556,0.884261
D_local_n33_tt_l2e-6_w2e-5_dc_on,1.060000,0.910683,14.931687,-0.4554,0.884261
D_local_n33_tt_l2e-6_w2e-5_dc_on,1.080000,0.930683,14.931709,-0.4553,0.884261
D_local_n33_tt_l2e-6_w2e-5_dc_on,1.100000,0.950683,14.931729,-0.4551,0.884261
D_local_n33_tt_l2e-6_w2e-5_dc_on,1.120000,0.970683,14.931748,-0.4550,0.884261
D_local_n33_tt_l2e-6_w2e-5_dc_on,1.140000,0.990682,14.931765,-0.4549,0.884261
D_local_n33_tt_l2e-6_w2e-5_dc_on,1.160000,1.010682,14.931782,-0.4548,0.884261
D_local_n33_tt_l2e-6_w2e-5_dc_on,1.180000,1.030682,14.931798,-0.4547,0.884261
D_local_n33_tt_l2e-6_w2e-5_dc_on,1.200000,1.050682,14.931812,-0.4546,0.884261
D_local_n33_tt_l2e-6_w2e-5_dc_on,1.220000,1.070682,14.931827,-0.4545,0.884261
D_local_n33_tt_l2e-6_w2e-5_dc_on,1.240000,1.090682,14.931840,-0.4544,0.884261
D_local_n33_tt_l2e-6_w2e-5_dc_on,1.260000,1.110681,14.931853,-0.4543,0.884261
D_local_n33_tt_l2e-6_w2e-5_dc_on,1.280000,1.130681,14.931866,-0.4542,0.884261
D_local_n33_tt_l2e-6_w2e-5_dc_on,1.300000,1.150681,14.931878,-0.4541,0.884261
D_local_n33_tt_l2e-6_w2e-5_dc_on,1.320000,1.170681,14.931889,-0.4541,0.884261
D_local_n33_tt_l2e-6_w2e-5_dc_on,1.340000,1.190681,14.931901,-0.4540,0.884261
D_local_n33_tt_l2e-6_w2e-5_dc_on,1.360000,1.210681,14.931912,-0.4539,0.884261
D_local_n33_tt_l2e-6_w2e-5_dc_on,1.380000,1.230681,14.931922,-0.4539,0.884261
D_local_n33_tt_l2e-6_w2e-5_dc_on,1.400000,1.250681,14.931933,-0.4538,0.884261
D_local_n33_tt_l2e-6_w2e-5_dc_on,1.420000,1.270681,14.931943,-0.4537,0.884261
D_local_n33_tt_l2e-6_w2e-5_dc_on,1.440000,1.290680,14.931953,-0.4536,0.884261
D_local_n33_tt_l2e-6_w2e-5_dc_on,1.460000,1.310680,14.931962,-0.4536,0.884261
D_local_n33_tt_l2e-6_w2e-5_dc_on,1.480000,1.330680,14.931972,-0.4535,0.884261
D_local_n33_tt_l2e-6_w2e-5_dc_on,1.500000,1.350680,14.931981,-0.4535,0.884261
D_local_n33_tt_l2e-6_w2e-5_dc_on,1.520000,1.370680,14.931990,-0.4534,0.884261
D_local_n33_tt_l2e-6_w2e-5_dc_on,1.540000,1.390680,14.931999,-0.4533,0.884261
D_local_n33_tt_l2e-6_w2e-5_dc_on,1.560000,1.410680,14.932008,-0.4533,0.884261
D_local_n33_tt_l2e-6_w2e-5_dc_on,1.580000,1.430680,14.932017,-0.4532,0.884261
D_local_n33_tt_l2e-6_w2e-5_dc_on,1.600000,1.450680,14.932025,-0.4532,0.884261
D_local_n33_tt_l2e-6_w2e-5_dc_on,1.620000,1.470680,14.932033,-0.4531,0.884261
D_local_n33_tt_l2e-6_w2e-5_dc_on,1.640000,1.490680,14.932042,-0.4531,0.884261
D_local_n33_tt_l2e-6_w2e-5_dc_on,1.660000,1.510680,14.932050,-0.4530,0.884261
D_local_n33_tt_l2e-6_w2e-5_dc_on,1.680000,1.530679,14.932058,-0.4529,0.884261
D_local_n33_tt_l2e-6_w2e-5_dc_on,1.700000,1.550679,14.932066,-0.4529,0.884261
D_local_n33_tt_l2e-6_w2e-5_dc_on,1.720000,1.570679,14.932074,-0.4528,0.884261
D_local_n33_tt_l2e-6_w2e-5_dc_on,1.740000,1.590679,14.932081,-0.4528,0.884261
D_local_n33_tt_l2e-6_w2e-5_dc_on,1.760000,1.610679,14.932089,-0.4527,0.884261
D_local_n33_tt_l2e-6_w2e-5_dc_on,1.780000,1.630679,14.932096,-0.4527,0.884261
D_local_n33_tt_l2e-6_w2e-5_dc_on,1.800000,1.650679,14.932104,-0.4526,0.884261
D_local_n33_tt_l2e-6_w2e-5_dc_on,1.820000,1.670679,14.932111,-0.4526,0.884261
D_local_n33_tt_l2e-6_w2e-5_dc_on,1.840000,1.690679,14.932118,-0.4525,0.884261
D_local_n33_tt_l2e-6_w2e-5_dc_on,1.860000,1.710679,14.932126,-0.4525,0.884261
D_local_n33_tt_l2e-6_w2e-5_dc_on,1.880000,1.730679,14.932133,-0.4524,0.884261
D_local_n33_tt_l2e-6_w2e-5_dc_on,1.900000,1.750679,14.932140,-0.4524,0.884261
D_local_n33_tt_l2e-6_w2e-5_dc_on,1.920000,1.770679,14.932147,-0.4524,0.884261
D_local_n33_tt_l2e-6_w2e-5_dc_on,1.940000,1.790678,14.932154,-0.4523,0.884261
D_local_n33_tt_l2e-6_w2e-5_dc_on,1.960000,1.810678,14.932161,-0.4523,0.884261
D_local_n33_tt_l2e-6_w2e-5_dc_on,1.980000,1.830678,14.932168,-0.4522,0.884261
D_local_n33_tt_l2e-6_w2e-5_dc_on,2.000000,1.850678,14.932174,-0.4522,0.884261
D_local_n33_tt_l2e-6_w2e-5_dc_on,2.020000,1.870678,14.932181,-0.4521,0.884261
D_local_n33_tt_l2e-6_w2e-5_dc_on,2.040000,1.890678,14.932188,-0.4521,0.884261
D_local_n33_tt_l2e-6_w2e-5_dc_on,2.060000,1.910678,14.932194,-0.4520,0.884261
D_local_n33_tt_l2e-6_w2e-5_dc_on,2.080000,1.930678,14.932201,-0.4520,0.884261
D_local_n33_tt_l2e-6_w2e-5_dc_on,2.100000,1.950678,14.932207,-0.4520,0.884261
D_local_n33_tt_l2e-6_w2e-5_dc_on,2.120000,1.970678,14.932214,-0.4519,0.884261
D_local_n33_tt_l2e-6_w2e-5_dc_on,2.140000,1.990678,14.932220,-0.4519,0.884261
D_local_n33_tt_l2e-6_w2e-5_dc_on,2.160000,2.010678,14.932227,-0.4518,0.884261
D_local_n33_tt_l2e-6_w2e-5_dc_on,2.180000,2.030678,14.932233,-0.4518,0.884261
D_local_n33_tt_l2e-6_w2e-5_dc_on,2.200000,2.050678,14.932240,-0.4517,0.884261
D_local_n33_tt_l2e-6_w2e-5_dc_on,2.220000,2.070678,14.932246,-0.4517,0.884261
D_local_n33_tt_l2e-6_w2e-5_dc_on,2.240000,2.090677,14.932253,-0.4516,0.884261
D_local_n33_tt_l2e-6_w2e-5_dc_on,2.260000,2.110677,14.932260,-0.4516,0.884261
D_local_n33_tt_l2e-6_w2e-5_dc_on,2.280000,2.130677,14.932266,-0.4516,0.884261
D_local_n33_tt_l2e-6_w2e-5_dc_on,2.300000,2.150677,14.932273,-0.4515,0.884261
D_local_n33_tt_l2e-6_w2e-5_dc_on,2.320000,2.170677,14.932280,-0.4515,0.884261
D_local_n33_tt_l2e-6_w2e-5_dc_on,2.340000,2.190677,14.932287,-0.4514,0.884261
D_local_n33_tt_l2e-6_w2e-5_dc_on,2.360000,2.210677,14.932295,-0.4514,0.884261
D_local_n33_tt_l2e-6_w2e-5_dc_on,2.380000,2.230677,14.932303,-0.4513,0.884261
D_local_n33_tt_l2e-6_w2e-5_dc_on,2.400000,2.250677,14.932312,-0.4513,0.884261
D_local_n33_tt_l2e-6_w2e-5_dc_on,2.420000,2.270677,14.932321,-0.4512,0.884261
D_local_n33_tt_l2e-6_w2e-5_dc_on,2.440000,2.290677,14.932330,-0.4511,0.884261
D_local_n33_tt_l2e-6_w2e-5_dc_on,2.460000,2.310677,14.932341,-0.4511,0.884261
D_local_n33_tt_l2e-6_w2e-5_dc_on,2.480000,2.330676,14.932353,-0.4510,0.884261
D_local_n33_tt_l2e-6_w2e-5_dc_on,2.500000,2.350676,14.932366,-0.4509,0.884261
D_local_n33_tt_l2e-6_w2e-5_dc_on,2.520000,2.370676,14.932381,-0.4508,0.884261
D_local_n33_tt_l2e-6_w2e-5_dc_on,2.540000,2.390676,14.932397,-0.4507,0.884261
D_local_n33_tt_l2e-6_w2e-5_dc_on,2.560000,2.410676,14.932416,-0.4506,0.884261
D_local_n33_tt_l2e-6_w2e-5_dc_on,2.580000,2.430676,14.932438,-0.4504,0.884261
D_local_n33_tt_l2e-6_w2e-5_dc_on,2.600000,2.450675,14.932462,-0.4503,0.884261
D_local_n33_tt_l2e-6_w2e-5_dc_on,2.620000,2.470675,14.932490,-0.4501,0.884261
D_local_n33_tt_l2e-6_w2e-5_dc_on,2.640000,2.490675,14.932522,-0.4499,0.884261
D_local_n33_tt_l2e-6_w2e-5_dc_on,2.660000,2.510674,14.932558,-0.4496,0.884261
D_local_n33_tt_l2e-6_w2e-5_dc_on,2.680000,2.530674,14.932600,-0.4493,0.884261
D_local_n33_tt_l2e-6_w2e-5_dc_on,2.700000,2.550674,14.932648,-0.4490,0.884261
D_local_n33_tt_l2e-6_w2e-5_dc_on,2.720000,2.570673,14.932703,-0.4486,0.884261
D_local_n33_tt_l2e-6_w2e-5_dc_on,2.740000,2.590672,14.932766,-0.4482,0.884261
D_local_n33_tt_l2e-6_w2e-5_dc_on,2.760000,2.610672,14.932838,-0.4477,0.884261
D_local_n33_tt_l2e-6_w2e-5_dc_on,2.780000,2.630671,14.932921,-0.4472,0.884261
D_local_n33_tt_l2e-6_w2e-5_dc_on,2.800000,2.650670,14.933015,-0.4466,0.884261
D_local_n33_tt_l2e-6_w2e-5_dc_on,2.820000,2.670669,14.933122,-0.4459,0.884261
D_local_n33_tt_l2e-6_w2e-5_dc_on,2.840000,2.690668,14.933244,-0.4450,0.884261
D_local_n33_tt_l2e-6_w2e-5_dc_on,2.860000,2.710666,14.933382,-0.4441,0.884261
D_local_n33_tt_l2e-6_w2e-5_dc_on,2.880000,2.730665,14.933538,-0.4431,0.884261
D_local_n33_tt_l2e-6_w2e-5_dc_on,2.900000,2.750663,14.933714,-0.4419,0.884261
D_local_n33_tt_l2e-6_w2e-5_dc_on,2.920000,2.770661,14.933913,-0.4406,0.884261
D_local_n33_tt_l2e-6_w2e-5_dc_on,2.940000,2.790659,14.934137,-0.4391,0.884261
D_local_n33_tt_l2e-6_w2e-5_dc_on,2.960000,2.810656,14.934388,-0.4374,0.884261
D_local_n33_tt_l2e-6_w2e-5_dc_on,2.980000,2.830653,14.934669,-0.4355,0.884261
D_local_n33_tt_l2e-6_w2e-5_dc_on,3.000000,2.850650,14.934984,-0.4334,0.884261
D_local_n33_tt_l2e-6_w2e-5_dc_on,3.020000,2.870647,14.935334,-0.4311,0.884261
D_local_n33_tt_l2e-6_w2e-5_dc_on,3.040000,2.890643,14.935725,-0.4285,0.884261
D_local_n33_tt_l2e-6_w2e-5_dc_on,3.060000,2.910638,14.936159,-0.4256,0.884261
D_local_n33_tt_l2e-6_w2e-5_dc_on,3.080000,2.930634,14.936641,-0.4224,0.884261
D_local_n33_tt_l2e-6_w2e-5_dc_on,3.100000,2.950628,14.937175,-0.4188,0.884261
D_local_n33_tt_l2e-6_w2e-5_dc_on,3.120000,2.970622,14.937764,-0.4149,0.884261
D_local_n33_tt_l2e-6_w2e-5_dc_on,3.140000,2.990616,14.938415,-0.4106,0.884261
D_local_n33_tt_l2e-6_w2e-5_dc_on,3.160000,3.010609,14.939131,-0.4058,0.884261
D_local_n33_tt_l2e-6_w2e-5_dc_on,3.180000,3.030601,14.939919,-0.4005,0.884261
D_local_n33_tt_l2e-6_w2e-5_dc_on,3.200000,3.050592,14.940783,-0.3948,0.884261
D_local_n33_tt_l2e-6_w2e-5_dc_on,3.220000,3.070583,14.941731,-0.3885,0.884261
D_local_n33_tt_l2e-6_w2e-5_dc_on,3.240000,3.090572,14.942767,-0.3816,0.884261
D_local_n33_tt_l2e-6_w2e-5_dc_on,3.260000,3.110561,14.943899,-0.3740,0.884261
D_local_n33_tt_l2e-6_w2e-5_dc_on,3.280000,3.130549,14.945134,-0.3658,0.884261
D_local_n33_tt_l2e-6_w2e-5_dc_on,3.300000,3.150535,14.946478,-0.3568,0.884261
D_local_n33_tt_l2e-6_w2e-5_dc_off,0.000000,-0.000000,0.000000,-100.0000,0.884292
D_local_n33_tt_l2e-6_w2e-5_dc_off,0.020000,0.020000,0.000000,-100.0000,0.884261
D_local_n33_tt_l2e-6_w2e-5_dc_off,0.040000,0.040000,0.000000,-100.0000,0.884261
D_local_n33_tt_l2e-6_w2e-5_dc_off,0.060000,0.060000,0.000000,-100.0000,0.884261
D_local_n33_tt_l2e-6_w2e-5_dc_off,0.080000,0.080000,0.000000,-100.0000,0.884261
D_local_n33_tt_l2e-6_w2e-5_dc_off,0.100000,0.100000,0.000000,-100.0000,0.884261
D_local_n33_tt_l2e-6_w2e-5_dc_off,0.120000,0.120000,0.000000,-100.0000,0.884261
D_local_n33_tt_l2e-6_w2e-5_dc_off,0.140000,0.140000,0.000000,-100.0000,0.884261
D_local_n33_tt_l2e-6_w2e-5_dc_off,0.160000,0.160000,0.000000,-100.0000,0.884261
D_local_n33_tt_l2e-6_w2e-5_dc_off,0.180000,0.180000,0.000000,-100.0000,0.884261
D_local_n33_tt_l2e-6_w2e-5_dc_off,0.200000,0.200000,0.000000,-100.0000,0.884261
D_local_n33_tt_l2e-6_w2e-5_dc_off,0.220000,0.220000,0.000000,-100.0000,0.884261
D_local_n33_tt_l2e-6_w2e-5_dc_off,0.240000,0.240000,0.000000,-100.0000,0.884261
D_local_n33_tt_l2e-6_w2e-5_dc_off,0.260000,0.260000,0.000000,-100.0000,0.884261
D_local_n33_tt_l2e-6_w2e-5_dc_off,0.280000,0.280000,0.000000,-100.0000,0.884261
D_local_n33_tt_l2e-6_w2e-5_dc_off,0.300000,0.300000,0.000000,-100.0000,0.884261
D_local_n33_tt_l2e-6_w2e-5_dc_off,0.320000,0.320000,0.000000,-100.0000,0.884261
D_local_n33_tt_l2e-6_w2e-5_dc_off,0.340000,0.340000,0.000000,-100.0000,0.884261
D_local_n33_tt_l2e-6_w2e-5_dc_off,0.360000,0.360000,0.000000,-100.0000,0.884261
D_local_n33_tt_l2e-6_w2e-5_dc_off,0.380000,0.380000,0.000000,-100.0000,0.884261
D_local_n33_tt_l2e-6_w2e-5_dc_off,0.400000,0.400000,0.000000,-100.0000,0.884261
D_local_n33_tt_l2e-6_w2e-5_dc_off,0.420000,0.420000,0.000000,-100.0000,0.884261
D_local_n33_tt_l2e-6_w2e-5_dc_off,0.440000,0.440000,0.000000,-100.0000,0.884261
D_local_n33_tt_l2e-6_w2e-5_dc_off,0.460000,0.460000,0.000000,-100.0000,0.884261
D_local_n33_tt_l2e-6_w2e-5_dc_off,0.480000,0.480000,0.000000,-100.0000,0.884261
D_local_n33_tt_l2e-6_w2e-5_dc_off,0.500000,0.500000,0.000000,-100.0000,0.884261
D_local_n33_tt_l2e-6_w2e-5_dc_off,0.520000,0.520000,0.000000,-100.0000,0.884261
D_local_n33_tt_l2e-6_w2e-5_dc_off,0.540000,0.540000,0.000000,-100.0000,0.884261
D_local_n33_tt_l2e-6_w2e-5_dc_off,0.560000,0.560000,0.000000,-100.0000,0.884261
D_local_n33_tt_l2e-6_w2e-5_dc_off,0.580000,0.580000,0.000000,-100.0000,0.884261
D_local_n33_tt_l2e-6_w2e-5_dc_off,0.600000,0.600000,0.000000,-100.0000,0.884261
D_local_n33_tt_l2e-6_w2e-5_dc_off,0.620000,0.620000,0.000000,-100.0000,0.884261
D_local_n33_tt_l2e-6_w2e-5_dc_off,0.640000,0.640000,0.000000,-100.0000,0.884261
D_local_n33_tt_l2e-6_w2e-5_dc_off,0.660000,0.660000,0.000000,-100.0000,0.884261
D_local_n33_tt_l2e-6_w2e-5_dc_off,0.680000,0.680000,0.000000,-100.0000,0.884261
D_local_n33_tt_l2e-6_w2e-5_dc_off,0.700000,0.700000,0.000000,-100.0000,0.884261
D_local_n33_tt_l2e-6_w2e-5_dc_off,0.720000,0.720000,0.000000,-100.0000,0.884261
D_local_n33_tt_l2e-6_w2e-5_dc_off,0.740000,0.740000,0.000000,-100.0000,0.884261
D_local_n33_tt_l2e-6_w2e-5_dc_off,0.760000,0.760000,0.000000,-100.0000,0.884261
D_local_n33_tt_l2e-6_w2e-5_dc_off,0.780000,0.780000,0.000000,-100.0000,0.884261
D_local_n33_tt_l2e-6_w2e-5_dc_off,0.800000,0.800000,0.000000,-100.0000,0.884261
D_local_n33_tt_l2e-6_w2e-5_dc_off,0.820000,0.820000,0.000000,-100.0000,0.884261
D_local_n33_tt_l2e-6_w2e-5_dc_off,0.840000,0.840000,0.000000,-100.0000,0.884261
D_local_n33_tt_l2e-6_w2e-5_dc_off,0.860000,0.860000,0.000000,-100.0000,0.884261
D_local_n33_tt_l2e-6_w2e-5_dc_off,0.880000,0.880000,0.000000,-100.0000,0.884261
D_local_n33_tt_l2e-6_w2e-5_dc_off,0.900000,0.900000,0.000000,-100.0000,0.884261
D_local_n33_tt_l2e-6_w2e-5_dc_off,0.920000,0.920000,0.000000,-100.0000,0.884261
D_local_n33_tt_l2e-6_w2e-5_dc_off,0.940000,0.940000,0.000000,-100.0000,0.884261
D_local_n33_tt_l2e-6_w2e-5_dc_off,0.960000,0.960000,0.000000,-100.0000,0.884261
D_local_n33_tt_l2e-6_w2e-5_dc_off,0.980000,0.980000,0.000000,-100.0000,0.884261
D_local_n33_tt_l2e-6_w2e-5_dc_off,1.000000,1.000000,0.000000,-100.0000,0.884261
D_local_n33_tt_l2e-6_w2e-5_dc_off,1.020000,1.020000,0.000000,-100.0000,0.884261
D_local_n33_tt_l2e-6_w2e-5_dc_off,1.040000,1.040000,0.000000,-100.0000,0.884261
D_local_n33_tt_l2e-6_w2e-5_dc_off,1.060000,1.060000,0.000000,-100.0000,0.884261
D_local_n33_tt_l2e-6_w2e-5_dc_off,1.080000,1.080000,0.000000,-100.0000,0.884261
D_local_n33_tt_l2e-6_w2e-5_dc_off,1.100000,1.100000,0.000000,-100.0000,0.884261
D_local_n33_tt_l2e-6_w2e-5_dc_off,1.120000,1.120000,0.000000,-100.0000,0.884261
D_local_n33_tt_l2e-6_w2e-5_dc_off,1.140000,1.140000,0.000000,-100.0000,0.884261
D_local_n33_tt_l2e-6_w2e-5_dc_off,1.160000,1.160000,0.000000,-100.0000,0.884261
D_local_n33_tt_l2e-6_w2e-5_dc_off,1.180000,1.180000,0.000000,-100.0000,0.884261
D_local_n33_tt_l2e-6_w2e-5_dc_off,1.200000,1.200000,0.000000,-100.0000,0.884261
D_local_n33_tt_l2e-6_w2e-5_dc_off,1.220000,1.220000,0.000000,-100.0000,0.884261
D_local_n33_tt_l2e-6_w2e-5_dc_off,1.240000,1.240000,0.000000,-100.0000,0.884261
D_local_n33_tt_l2e-6_w2e-5_dc_off,1.260000,1.260000,0.000000,-100.0000,0.884261
D_local_n33_tt_l2e-6_w2e-5_dc_off,1.280000,1.280000,0.000000,-100.0000,0.884261
D_local_n33_tt_l2e-6_w2e-5_dc_off,1.300000,1.300000,0.000000,-100.0000,0.884261
D_local_n33_tt_l2e-6_w2e-5_dc_off,1.320000,1.320000,0.000000,-100.0000,0.884261
D_local_n33_tt_l2e-6_w2e-5_dc_off,1.340000,1.340000,0.000000,-100.0000,0.884261
D_local_n33_tt_l2e-6_w2e-5_dc_off,1.360000,1.360000,0.000000,-100.0000,0.884261
D_local_n33_tt_l2e-6_w2e-5_dc_off,1.380000,1.380000,0.000000,-100.0000,0.884261
D_local_n33_tt_l2e-6_w2e-5_dc_off,1.400000,1.400000,0.000000,-100.0000,0.884261
D_local_n33_tt_l2e-6_w2e-5_dc_off,1.420000,1.420000,0.000000,-100.0000,0.884261
D_local_n33_tt_l2e-6_w2e-5_dc_off,1.440000,1.440000,0.000000,-100.0000,0.884261
D_local_n33_tt_l2e-6_w2e-5_dc_off,1.460000,1.460000,0.000000,-100.0000,0.884261
D_local_n33_tt_l2e-6_w2e-5_dc_off,1.480000,1.480000,0.000000,-100.0000,0.884261
D_local_n33_tt_l2e-6_w2e-5_dc_off,1.500000,1.500000,0.000000,-100.0000,0.884261
D_local_n33_tt_l2e-6_w2e-5_dc_off,1.520000,1.520000,0.000000,-100.0000,0.884261
D_local_n33_tt_l2e-6_w2e-5_dc_off,1.540000,1.540000,0.000000,-100.0000,0.884261
D_local_n33_tt_l2e-6_w2e-5_dc_off,1.560000,1.560000,0.000000,-100.0000,0.884261
D_local_n33_tt_l2e-6_w2e-5_dc_off,1.580000,1.580000,0.000000,-100.0000,0.884261
D_local_n33_tt_l2e-6_w2e-5_dc_off,1.600000,1.600000,0.000000,-100.0000,0.884261
D_local_n33_tt_l2e-6_w2e-5_dc_off,1.620000,1.620000,0.000001,-100.0000,0.884261
D_local_n33_tt_l2e-6_w2e-5_dc_off,1.640000,1.640000,0.000001,-100.0000,0.884261
D_local_n33_tt_l2e-6_w2e-5_dc_off,1.660000,1.660000,0.000001,-100.0000,0.884261
D_local_n33_tt_l2e-6_w2e-5_dc_off,1.680000,1.680000,0.000001,-100.0000,0.884261
D_local_n33_tt_l2e-6_w2e-5_dc_off,1.700000,1.700000,0.000001,-100.0000,0.884261
D_local_n33_tt_l2e-6_w2e-5_dc_off,1.720000,1.720000,0.000001,-100.0000,0.884261
D_local_n33_tt_l2e-6_w2e-5_dc_off,1.740000,1.740000,0.000001,-100.0000,0.884261
D_local_n33_tt_l2e-6_w2e-5_dc_off,1.760000,1.760000,0.000001,-100.0000,0.884261
D_local_n33_tt_l2e-6_w2e-5_dc_off,1.780000,1.780000,0.000001,-100.0000,0.884261
D_local_n33_tt_l2e-6_w2e-5_dc_off,1.800000,1.800000,0.000001,-100.0000,0.884261
D_local_n33_tt_l2e-6_w2e-5_dc_off,1.820000,1.820000,0.000001,-100.0000,0.884261
D_local_n33_tt_l2e-6_w2e-5_dc_off,1.840000,1.840000,0.000001,-100.0000,0.884261
D_local_n33_tt_l2e-6_w2e-5_dc_off,1.860000,1.860000,0.000001,-100.0000,0.884261
D_local_n33_tt_l2e-6_w2e-5_dc_off,1.880000,1.880000,0.000001,-100.0000,0.884261
D_local_n33_tt_l2e-6_w2e-5_dc_off,1.900000,1.900000,0.000001,-100.0000,0.884261
D_local_n33_tt_l2e-6_w2e-5_dc_off,1.920000,1.920000,0.000001,-100.0000,0.884261
D_local_n33_tt_l2e-6_w2e-5_dc_off,1.940000,1.940000,0.000001,-100.0000,0.884261
D_local_n33_tt_l2e-6_w2e-5_dc_off,1.960000,1.960000,0.000001,-100.0000,0.884261
D_local_n33_tt_l2e-6_w2e-5_dc_off,1.980000,1.980000,0.000001,-100.0000,0.884261
D_local_n33_tt_l2e-6_w2e-5_dc_off,2.000000,2.000000,0.000001,-100.0000,0.884261
D_local_n33_tt_l2e-6_w2e-5_dc_off,2.020000,2.020000,0.000001,-100.0000,0.884261
D_local_n33_tt_l2e-6_w2e-5_dc_off,2.040000,2.040000,0.000001,-100.0000,0.884261
D_local_n33_tt_l2e-6_w2e-5_dc_off,2.060000,2.060000,0.000001,-100.0000,0.884261
D_local_n33_tt_l2e-6_w2e-5_dc_off,2.080000,2.080000,0.000001,-100.0000,0.884261
D_local_n33_tt_l2e-6_w2e-5_dc_off,2.100000,2.100000,0.000001,-100.0000,0.884261
D_local_n33_tt_l2e-6_w2e-5_dc_off,2.120000,2.120000,0.000001,-100.0000,0.884261
D_local_n33_tt_l2e-6_w2e-5_dc_off,2.140000,2.140000,0.000001,-100.0000,0.884261
D_local_n33_tt_l2e-6_w2e-5_dc_off,2.160000,2.160000,0.000001,-100.0000,0.884261
D_local_n33_tt_l2e-6_w2e-5_dc_off,2.180000,2.180000,0.000001,-100.0000,0.884261
D_local_n33_tt_l2e-6_w2e-5_dc_off,2.200000,2.200000,0.000001,-100.0000,0.884261
D_local_n33_tt_l2e-6_w2e-5_dc_off,2.220000,2.220000,0.000001,-100.0000,0.884261
D_local_n33_tt_l2e-6_w2e-5_dc_off,2.240000,2.240000,0.000001,-100.0000,0.884261
D_local_n33_tt_l2e-6_w2e-5_dc_off,2.260000,2.260000,0.000001,-100.0000,0.884261
D_local_n33_tt_l2e-6_w2e-5_dc_off,2.280000,2.280000,0.000001,-100.0000,0.884261
D_local_n33_tt_l2e-6_w2e-5_dc_off,2.300000,2.300000,0.000001,-100.0000,0.884261
D_local_n33_tt_l2e-6_w2e-5_dc_off,2.320000,2.320000,0.000001,-100.0000,0.884261
D_local_n33_tt_l2e-6_w2e-5_dc_off,2.340000,2.340000,0.000001,-100.0000,0.884261
D_local_n33_tt_l2e-6_w2e-5_dc_off,2.360000,2.360000,0.000001,-100.0000,0.884261
D_local_n33_tt_l2e-6_w2e-5_dc_off,2.380000,2.380000,0.000001,-100.0000,0.884261
D_local_n33_tt_l2e-6_w2e-5_dc_off,2.400000,2.400000,0.000001,-100.0000,0.884261
D_local_n33_tt_l2e-6_w2e-5_dc_off,2.420000,2.420000,0.000001,-100.0000,0.884261
D_local_n33_tt_l2e-6_w2e-5_dc_off,2.440000,2.440000,0.000002,-100.0000,0.884261
D_local_n33_tt_l2e-6_w2e-5_dc_off,2.460000,2.460000,0.000002,-100.0000,0.884261
D_local_n33_tt_l2e-6_w2e-5_dc_off,2.480000,2.480000,0.000002,-100.0000,0.884261
D_local_n33_tt_l2e-6_w2e-5_dc_off,2.500000,2.500000,0.000002,-100.0000,0.884261
D_local_n33_tt_l2e-6_w2e-5_dc_off,2.520000,2.520000,0.000002,-100.0000,0.884261
D_local_n33_tt_l2e-6_w2e-5_dc_off,2.540000,2.540000,0.000002,-100.0000,0.884261
D_local_n33_tt_l2e-6_w2e-5_dc_off,2.560000,2.560000,0.000002,-100.0000,0.884261
D_local_n33_tt_l2e-6_w2e-5_dc_off,2.580000,2.580000,0.000002,-100.0000,0.884261
D_local_n33_tt_l2e-6_w2e-5_dc_off,2.600000,2.600000,0.000002,-100.0000,0.884261
D_local_n33_tt_l2e-6_w2e-5_dc_off,2.620000,2.620000,0.000002,-100.0000,0.884261
D_local_n33_tt_l2e-6_w2e-5_dc_off,2.640000,2.640000,0.000002,-100.0000,0.884261
D_local_n33_tt_l2e-6_w2e-5_dc_off,2.660000,2.660000,0.000002,-100.0000,0.884261
D_local_n33_tt_l2e-6_w2e-5_dc_off,2.680000,2.680000,0.000002,-100.0000,0.884261
D_local_n33_tt_l2e-6_w2e-5_dc_off,2.700000,2.700000,0.000002,-100.0000,0.884261
D_local_n33_tt_l2e-6_w2e-5_dc_off,2.720000,2.720000,0.000002,-100.0000,0.884261
D_local_n33_tt_l2e-6_w2e-5_dc_off,2.740000,2.740000,0.000002,-100.0000,0.884261
D_local_n33_tt_l2e-6_w2e-5_dc_off,2.760000,2.760000,0.000002,-100.0000,0.884261
D_local_n33_tt_l2e-6_w2e-5_dc_off,2.780000,2.780000,0.000002,-100.0000,0.884261
D_local_n33_tt_l2e-6_w2e-5_dc_off,2.800000,2.800000,0.000002,-100.0000,0.884261
D_local_n33_tt_l2e-6_w2e-5_dc_off,2.820000,2.820000,0.000002,-100.0000,0.884261
D_local_n33_tt_l2e-6_w2e-5_dc_off,2.840000,2.840000,0.000002,-100.0000,0.884261
D_local_n33_tt_l2e-6_w2e-5_dc_off,2.860000,2.860000,0.000003,-100.0000,0.884261
D_local_n33_tt_l2e-6_w2e-5_dc_off,2.880000,2.880000,0.000003,-100.0000,0.884261
D_local_n33_tt_l2e-6_w2e-5_dc_off,2.900000,2.900000,0.000003,-100.0000,0.884261
D_local_n33_tt_l2e-6_w2e-5_dc_off,2.920000,2.920000,0.000003,-100.0000,0.884261
D_local_n33_tt_l2e-6_w2e-5_dc_off,2.940000,2.940000,0.000003,-100.0000,0.884261
D_local_n33_tt_l2e-6_w2e-5_dc_off,2.960000,2.960000,0.000003,-100.0000,0.884261
D_local_n33_tt_l2e-6_w2e-5_dc_off,2.980000,2.980000,0.000003,-100.0000,0.884261
D_local_n33_tt_l2e-6_w2e-5_dc_off,3.000000,3.000000,0.000003,-100.0000,0.884261
D_local_n33_tt_l2e-6_w2e-5_dc_off,3.020000,3.020000,0.000003,-100.0000,0.884261
D_local_n33_tt_l2e-6_w2e-5_dc_off,3.040000,3.040000,0.000003,-100.0000,0.884261
D_local_n33_tt_l2e-6_w2e-5_dc_off,3.060000,3.060000,0.000003,-100.0000,0.884261
D_local_n33_tt_l2e-6_w2e-5_dc_off,3.080000,3.080000,0.000003,-100.0000,0.884261
D_local_n33_tt_l2e-6_w2e-5_dc_off,3.100000,3.100000,0.000003,-100.0000,0.884261
D_local_n33_tt_l2e-6_w2e-5_dc_off,3.120000,3.120000,0.000003,-100.0000,0.884261
D_local_n33_tt_l2e-6_w2e-5_dc_off,3.140000,3.140000,0.000003,-100.0000,0.884261
D_local_n33_tt_l2e-6_w2e-5_dc_off,3.160000,3.160000,0.000004,-100.0000,0.884261
D_local_n33_tt_l2e-6_w2e-5_dc_off,3.180000,3.180000,0.000004,-100.0000,0.884261
D_local_n33_tt_l2e-6_w2e-5_dc_off,3.200000,3.200000,0.000004,-100.0000,0.884261
D_local_n33_tt_l2e-6_w2e-5_dc_off,3.220000,3.220000,0.000004,-100.0000,0.884261
D_local_n33_tt_l2e-6_w2e-5_dc_off,3.240000,3.240000,0.000004,-100.0000,0.884261
D_local_n33_tt_l2e-6_w2e-5_dc_off,3.260000,3.260000,0.000004,-100.0000,0.884261
D_local_n33_tt_l2e-6_w2e-5_dc_off,3.280000,3.280000,0.000004,-100.0000,0.884261
D_local_n33_tt_l2e-6_w2e-5_dc_off,3.300000,3.300000,0.000004,-100.0000,0.884261
D_local_n33_tt_l2e-6_w2e-5_dc_c00,0.000000,0.000000,-0.000000,-100.0000,0.884261
D_local_n33_tt_l2e-6_w2e-5_dc_c00,0.100000,0.100000,0.000000,-100.0000,0.884261
D_local_n33_tt_l2e-6_w2e-5_dc_c00,0.200000,0.200000,0.000000,-100.0000,0.884261
D_local_n33_tt_l2e-6_w2e-5_dc_c00,0.300000,0.300000,0.000000,-100.0000,0.884261
D_local_n33_tt_l2e-6_w2e-5_dc_c00,0.400000,0.400000,0.000000,-100.0000,0.884261
D_local_n33_tt_l2e-6_w2e-5_dc_c00,0.500000,0.500000,0.000000,-100.0000,0.884261
D_local_n33_tt_l2e-6_w2e-5_dc_c00,0.600000,0.600000,0.000000,-100.0000,0.884261
D_local_n33_tt_l2e-6_w2e-5_dc_c00,0.700000,0.700000,0.000000,-100.0000,0.884261
D_local_n33_tt_l2e-6_w2e-5_dc_c00,0.800000,0.800000,0.000000,-100.0000,0.884261
D_local_n33_tt_l2e-6_w2e-5_dc_c00,0.900000,0.900000,0.000000,-100.0000,0.884261
D_local_n33_tt_l2e-6_w2e-5_dc_c00,1.000000,1.000000,0.000000,-100.0000,0.884261
D_local_n33_tt_l2e-6_w2e-5_dc_c00,1.100000,1.100000,0.000000,-100.0000,0.884261
D_local_n33_tt_l2e-6_w2e-5_dc_c00,1.200000,1.200000,0.000000,-100.0000,0.884261
D_local_n33_tt_l2e-6_w2e-5_dc_c00,1.300000,1.300000,0.000000,-100.0000,0.884261
D_local_n33_tt_l2e-6_w2e-5_dc_c00,1.400000,1.400000,0.000000,-100.0000,0.884261
D_local_n33_tt_l2e-6_w2e-5_dc_c00,1.500000,1.500000,0.000000,-100.0000,0.884261
D_local_n33_tt_l2e-6_w2e-5_dc_c00,1.600000,1.600000,0.000000,-100.0000,0.884261
D_local_n33_tt_l2e-6_w2e-5_dc_c00,1.700000,1.700000,0.000001,-100.0000,0.884261
D_local_n33_tt_l2e-6_w2e-5_dc_c00,1.800000,1.800000,0.000001,-100.0000,0.884261
D_local_n33_tt_l2e-6_w2e-5_dc_c00,1.900000,1.900000,0.000001,-100.0000,0.884261
D_local_n33_tt_l2e-6_w2e-5_dc_c00,2.000000,2.000000,0.000001,-100.0000,0.884261
D_local_n33_tt_l2e-6_w2e-5_dc_c00,2.100000,2.100000,0.000001,-100.0000,0.884261
D_local_n33_tt_l2e-6_w2e-5_dc_c00,2.200000,2.200000,0.000001,-100.0000,0.884261
D_local_n33_tt_l2e-6_w2e-5_dc_c00,2.300000,2.300000,0.000001,-100.0000,0.884261
D_local_n33_tt_l2e-6_w2e-5_dc_c00,2.400000,2.400000,0.000001,-100.0000,0.884261
D_local_n33_tt_l2e-6_w2e-5_dc_c00,2.500000,2.500000,0.000002,-100.0000,0.884261
D_local_n33_tt_l2e-6_w2e-5_dc_c00,2.600000,2.600000,0.000002,-100.0000,0.884261
D_local_n33_tt_l2e-6_w2e-5_dc_c00,2.700000,2.700000,0.000002,-100.0000,0.884261
D_local_n33_tt_l2e-6_w2e-5_dc_c00,2.800000,2.800000,0.000002,-100.0000,0.884261
D_local_n33_tt_l2e-6_w2e-5_dc_c00,2.900000,2.900000,0.000003,-100.0000,0.884261
D_local_n33_tt_l2e-6_w2e-5_dc_c00,3.000000,3.000000,0.000003,-100.0000,0.884261
D_local_n33_tt_l2e-6_w2e-5_dc_c00,3.100000,3.100000,0.000003,-100.0000,0.884261
D_local_n33_tt_l2e-6_w2e-5_dc_c00,3.200000,3.200000,0.000004,-100.0000,0.884261
D_local_n33_tt_l2e-6_w2e-5_dc_c00,3.300000,3.300000,0.000004,-100.0000,0.884261
D_local_n33_tt_l2e-6_w2e-5_dc_c01,0.000000,-0.000000,0.000000,-100.0000,0.884292
D_local_n33_tt_l2e-6_w2e-5_dc_c01,0.100000,0.100000,0.000000,-100.0000,0.884261
D_local_n33_tt_l2e-6_w2e-5_dc_c01,0.200000,0.200000,0.000000,-100.0000,0.884261
D_local_n33_tt_l2e-6_w2e-5_dc_c01,0.300000,0.300000,0.000000,-100.0000,0.884261
D_local_n33_tt_l2e-6_w2e-5_dc_c01,0.400000,0.400000,0.000000,-100.0000,0.884261
D_local_n33_tt_l2e-6_w2e-5_dc_c01,0.500000,0.500000,0.000000,-100.0000,0.884261
D_local_n33_tt_l2e-6_w2e-5_dc_c01,0.600000,0.600000,0.000000,-100.0000,0.884261
D_local_n33_tt_l2e-6_w2e-5_dc_c01,0.700000,0.700000,0.000000,-100.0000,0.884261
D_local_n33_tt_l2e-6_w2e-5_dc_c01,0.800000,0.800000,0.000000,-100.0000,0.884261
D_local_n33_tt_l2e-6_w2e-5_dc_c01,0.900000,0.900000,0.000000,-100.0000,0.884261
D_local_n33_tt_l2e-6_w2e-5_dc_c01,1.000000,1.000000,0.000000,-100.0000,0.884261
D_local_n33_tt_l2e-6_w2e-5_dc_c01,1.100000,1.100000,0.000000,-100.0000,0.884261
D_local_n33_tt_l2e-6_w2e-5_dc_c01,1.200000,1.200000,0.000000,-100.0000,0.884261
D_local_n33_tt_l2e-6_w2e-5_dc_c01,1.300000,1.300000,0.000000,-100.0000,0.884261
D_local_n33_tt_l2e-6_w2e-5_dc_c01,1.400000,1.400000,0.000000,-100.0000,0.884261
D_local_n33_tt_l2e-6_w2e-5_dc_c01,1.500000,1.500000,0.000000,-100.0000,0.884261
D_local_n33_tt_l2e-6_w2e-5_dc_c01,1.600000,1.600000,0.000000,-100.0000,0.884261
D_local_n33_tt_l2e-6_w2e-5_dc_c01,1.700000,1.700000,0.000001,-100.0000,0.884261
D_local_n33_tt_l2e-6_w2e-5_dc_c01,1.800000,1.800000,0.000001,-100.0000,0.884261
D_local_n33_tt_l2e-6_w2e-5_dc_c01,1.900000,1.900000,0.000001,-100.0000,0.884261
D_local_n33_tt_l2e-6_w2e-5_dc_c01,2.000000,2.000000,0.000001,-100.0000,0.884261
D_local_n33_tt_l2e-6_w2e-5_dc_c01,2.100000,2.100000,0.000001,-100.0000,0.884261
D_local_n33_tt_l2e-6_w2e-5_dc_c01,2.200000,2.200000,0.000001,-100.0000,0.884261
D_local_n33_tt_l2e-6_w2e-5_dc_c01,2.300000,2.300000,0.000001,-100.0000,0.884261
D_local_n33_tt_l2e-6_w2e-5_dc_c01,2.400000,2.400000,0.000001,-100.0000,0.884261
D_local_n33_tt_l2e-6_w2e-5_dc_c01,2.500000,2.500000,0.000002,-100.0000,0.884261
D_local_n33_tt_l2e-6_w2e-5_dc_c01,2.600000,2.600000,0.000002,-100.0000,0.884261
D_local_n33_tt_l2e-6_w2e-5_dc_c01,2.700000,2.700000,0.000002,-100.0000,0.884261
D_local_n33_tt_l2e-6_w2e-5_dc_c01,2.800000,2.800000,0.000002,-100.0000,0.884261
D_local_n33_tt_l2e-6_w2e-5_dc_c01,2.900000,2.900000,0.000003,-100.0000,0.884261
D_local_n33_tt_l2e-6_w2e-5_dc_c01,3.000000,3.000000,0.000003,-100.0000,0.884261
D_local_n33_tt_l2e-6_w2e-5_dc_c01,3.100000,3.100000,0.000003,-100.0000,0.884261
D_local_n33_tt_l2e-6_w2e-5_dc_c01,3.200000,3.200000,0.000004,-100.0000,0.884261
D_local_n33_tt_l2e-6_w2e-5_dc_c01,3.300000,3.300000,0.000004,-100.0000,0.884261
D_local_n33_tt_l2e-6_w2e-5_dc_c10,0.000000,0.000000,-0.000000,-100.0000,0.884261
D_local_n33_tt_l2e-6_w2e-5_dc_c10,0.100000,0.033032,6.696777,-55.3548,0.884261
D_local_n33_tt_l2e-6_w2e-5_dc_c10,0.200000,0.076187,12.381309,-17.4579,0.884261
D_local_n33_tt_l2e-6_w2e-5_dc_c10,0.300000,0.153852,14.614759,-2.5683,0.884261
D_local_n33_tt_l2e-6_w2e-5_dc_c10,0.400000,0.252624,14.737647,-1.7490,0.884261
D_local_n33_tt_l2e-6_w2e-5_dc_c10,0.500000,0.351970,14.802980,-1.3135,0.884261
D_local_n33_tt_l2e-6_w2e-5_dc_c10,0.600000,0.451497,14.850271,-0.9982,0.884261
D_local_n33_tt_l2e-6_w2e-5_dc_c10,0.700000,0.551126,14.887402,-0.7507,0.884261
D_local_n33_tt_l2e-6_w2e-5_dc_c10,0.800000,0.650843,14.915718,-0.5619,0.884261
D_local_n33_tt_l2e-6_w2e-5_dc_c10,0.900000,0.750693,14.930707,-0.4620,0.884261
D_local_n33_tt_l2e-6_w2e-5_dc_c10,1.000000,0.850684,14.931602,-0.4560,0.884261
D_local_n33_tt_l2e-6_w2e-5_dc_c10,1.100000,0.950683,14.931729,-0.4551,0.884261
D_local_n33_tt_l2e-6_w2e-5_dc_c10,1.200000,1.050682,14.931812,-0.4546,0.884261
D_local_n33_tt_l2e-6_w2e-5_dc_c10,1.300000,1.150681,14.931878,-0.4541,0.884261
D_local_n33_tt_l2e-6_w2e-5_dc_c10,1.400000,1.250681,14.931933,-0.4538,0.884261
D_local_n33_tt_l2e-6_w2e-5_dc_c10,1.500000,1.350680,14.931981,-0.4535,0.884261
D_local_n33_tt_l2e-6_w2e-5_dc_c10,1.600000,1.450680,14.932025,-0.4532,0.884261
D_local_n33_tt_l2e-6_w2e-5_dc_c10,1.700000,1.550679,14.932066,-0.4529,0.884261
D_local_n33_tt_l2e-6_w2e-5_dc_c10,1.800000,1.650679,14.932104,-0.4526,0.884261
D_local_n33_tt_l2e-6_w2e-5_dc_c10,1.900000,1.750679,14.932140,-0.4524,0.884261
D_local_n33_tt_l2e-6_w2e-5_dc_c10,2.000000,1.850678,14.932174,-0.4522,0.884261
D_local_n33_tt_l2e-6_w2e-5_dc_c10,2.100000,1.950678,14.932207,-0.4520,0.884261
D_local_n33_tt_l2e-6_w2e-5_dc_c10,2.200000,2.050678,14.932240,-0.4517,0.884261
D_local_n33_tt_l2e-6_w2e-5_dc_c10,2.300000,2.150677,14.932273,-0.4515,0.884261
D_local_n33_tt_l2e-6_w2e-5_dc_c10,2.400000,2.250677,14.932312,-0.4513,0.884261
D_local_n33_tt_l2e-6_w2e-5_dc_c10,2.500000,2.350676,14.932366,-0.4509,0.884261
D_local_n33_tt_l2e-6_w2e-5_dc_c10,2.600000,2.450675,14.932462,-0.4503,0.884261
D_local_n33_tt_l2e-6_w2e-5_dc_c10,2.700000,2.550674,14.932648,-0.4490,0.884261
D_local_n33_tt_l2e-6_w2e-5_dc_c10,2.800000,2.650670,14.933015,-0.4466,0.884261
D_local_n33_tt_l2e-6_w2e-5_dc_c10,2.900000,2.750663,14.933714,-0.4419,0.884261
D_local_n33_tt_l2e-6_w2e-5_dc_c10,3.000000,2.850650,14.934984,-0.4334,0.884261
D_local_n33_tt_l2e-6_w2e-5_dc_c10,3.100000,2.950628,14.937175,-0.4188,0.884261
D_local_n33_tt_l2e-6_w2e-5_dc_c10,3.200000,3.050592,14.940783,-0.3948,0.884261
D_local_n33_tt_l2e-6_w2e-5_dc_c10,3.300000,3.150535,14.946478,-0.3568,0.884261
D_local_n33_tt_l2e-6_w2e-5_dc_c11,0.000000,0.000000,-0.000000,-100.0000,0.884292
D_local_n33_tt_l2e-6_w2e-5_dc_c11,0.100000,0.033032,6.696777,-55.3548,0.884261
D_local_n33_tt_l2e-6_w2e-5_dc_c11,0.200000,0.076187,12.381309,-17.4579,0.884261
D_local_n33_tt_l2e-6_w2e-5_dc_c11,0.300000,0.153852,14.614759,-2.5683,0.884261
D_local_n33_tt_l2e-6_w2e-5_dc_c11,0.400000,0.252624,14.737647,-1.7490,0.884261
D_local_n33_tt_l2e-6_w2e-5_dc_c11,0.500000,0.351970,14.802980,-1.3135,0.884261
D_local_n33_tt_l2e-6_w2e-5_dc_c11,0.600000,0.451497,14.850271,-0.9982,0.884261
D_local_n33_tt_l2e-6_w2e-5_dc_c11,0.700000,0.551126,14.887402,-0.7507,0.884261
D_local_n33_tt_l2e-6_w2e-5_dc_c11,0.800000,0.650843,14.915718,-0.5619,0.884261
D_local_n33_tt_l2e-6_w2e-5_dc_c11,0.900000,0.750693,14.930707,-0.4620,0.884261
D_local_n33_tt_l2e-6_w2e-5_dc_c11,1.000000,0.850684,14.931602,-0.4560,0.884261
D_local_n33_tt_l2e-6_w2e-5_dc_c11,1.100000,0.950683,14.931729,-0.4551,0.884261
D_local_n33_tt_l2e-6_w2e-5_dc_c11,1.200000,1.050682,14.931812,-0.4546,0.884261
D_local_n33_tt_l2e-6_w2e-5_dc_c11,1.300000,1.150681,14.931878,-0.4541,0.884261
D_local_n33_tt_l2e-6_w2e-5_dc_c11,1.400000,1.250681,14.931933,-0.4538,0.884261
D_local_n33_tt_l2e-6_w2e-5_dc_c11,1.500000,1.350680,14.931981,-0.4535,0.884261
D_local_n33_tt_l2e-6_w2e-5_dc_c11,1.600000,1.450680,14.932025,-0.4532,0.884261
D_local_n33_tt_l2e-6_w2e-5_dc_c11,1.700000,1.550679,14.932066,-0.4529,0.884261
D_local_n33_tt_l2e-6_w2e-5_dc_c11,1.800000,1.650679,14.932104,-0.4526,0.884261
D_local_n33_tt_l2e-6_w2e-5_dc_c11,1.900000,1.750679,14.932140,-0.4524,0.884261
D_local_n33_tt_l2e-6_w2e-5_dc_c11,2.000000,1.850678,14.932174,-0.4522,0.884261
D_local_n33_tt_l2e-6_w2e-5_dc_c11,2.100000,1.950678,14.932207,-0.4520,0.884261
D_local_n33_tt_l2e-6_w2e-5_dc_c11,2.200000,2.050678,14.932240,-0.4517,0.884261
D_local_n33_tt_l2e-6_w2e-5_dc_c11,2.300000,2.150677,14.932273,-0.4515,0.884261
D_local_n33_tt_l2e-6_w2e-5_dc_c11,2.400000,2.250677,14.932312,-0.4513,0.884261
D_local_n33_tt_l2e-6_w2e-5_dc_c11,2.500000,2.350676,14.932366,-0.4509,0.884261
D_local_n33_tt_l2e-6_w2e-5_dc_c11,2.600000,2.450675,14.932462,-0.4503,0.884261
D_local_n33_tt_l2e-6_w2e-5_dc_c11,2.700000,2.550674,14.932648,-0.4490,0.884261
D_local_n33_tt_l2e-6_w2e-5_dc_c11,2.800000,2.650670,14.933015,-0.4466,0.884261
D_local_n33_tt_l2e-6_w2e-5_dc_c11,2.900000,2.750663,14.933714,-0.4419,0.884261
D_local_n33_tt_l2e-6_w2e-5_dc_c11,3.000000,2.850650,14.934984,-0.4334,0.884261
D_local_n33_tt_l2e-6_w2e-5_dc_c11,3.100000,2.950628,14.937175,-0.4188,0.884261
D_local_n33_tt_l2e-6_w2e-5_dc_c11,3.200000,3.050592,14.940783,-0.3948,0.884261
D_local_n33_tt_l2e-6_w2e-5_dc_c11,3.300000,3.150535,14.946478,-0.3568,0.884261
