candidate,vsw_V,vout_device_V,iout_uA,err_pct,vbias_V,method
E_local_gate_n33_tt_l2e-6_w2e-5_dc_iprobe_tt_on,0.000000,0.000000,0.000000,-100.0000,0.884261,iprobe
E_local_gate_n33_tt_l2e-6_w2e-5_dc_iprobe_tt_on,0.020000,0.020000,4.290037,-71.3998,0.884261,iprobe
E_local_gate_n33_tt_l2e-6_w2e-5_dc_iprobe_tt_on,0.040000,0.040000,7.855063,-47.6329,0.884261,iprobe
E_local_gate_n33_tt_l2e-6_w2e-5_dc_iprobe_tt_on,0.060000,0.060000,10.670568,-28.8629,0.884261,iprobe
E_local_gate_n33_tt_l2e-6_w2e-5_dc_iprobe_tt_on,0.080000,0.080000,12.708455,-15.2770,0.884261,iprobe
E_local_gate_n33_tt_l2e-6_w2e-5_dc_iprobe_tt_on,0.100000,0.100000,13.945435,-7.0304,0.884261,iprobe
E_local_gate_n33_tt_l2e-6_w2e-5_dc_iprobe_tt_on,0.120000,0.120000,14.447518,-3.6832,0.884261,iprobe
E_local_gate_n33_tt_l2e-6_w2e-5_dc_iprobe_tt_on,0.140000,0.140000,14.576396,-2.8240,0.884261,iprobe
E_local_gate_n33_tt_l2e-6_w2e-5_dc_iprobe_tt_on,0.160000,0.160000,14.627603,-2.4826,0.884261,iprobe
E_local_gate_n33_tt_l2e-6_w2e-5_dc_iprobe_tt_on,0.180000,0.180000,14.660958,-2.2603,0.884261,iprobe
E_local_gate_n33_tt_l2e-6_w2e-5_dc_iprobe_tt_on,0.200000,0.200000,14.686817,-2.0879,0.884261,iprobe
E_local_gate_n33_tt_l2e-6_w2e-5_dc_iprobe_tt_on,0.220000,0.220000,14.708349,-1.9443,0.884261,iprobe
E_local_gate_n33_tt_l2e-6_w2e-5_dc_iprobe_tt_on,0.240000,0.240000,14.726983,-1.8201,0.884261,iprobe
E_local_gate_n33_tt_l2e-6_w2e-5_dc_iprobe_tt_on,0.260000,0.260000,14.743507,-1.7100,0.884261,iprobe
E_local_gate_n33_tt_l2e-6_w2e-5_dc_iprobe_tt_on,0.280000,0.280000,14.758415,-1.6106,0.884261,iprobe
E_local_gate_n33_tt_l2e-6_w2e-5_dc_iprobe_tt_on,0.300000,0.300000,14.772040,-1.5197,0.884261,iprobe
E_local_gate_n33_tt_l2e-6_w2e-5_dc_iprobe_tt_on,0.320000,0.320000,14.784616,-1.4359,0.884261,iprobe
E_local_gate_n33_tt_l2e-6_w2e-5_dc_iprobe_tt_on,0.340000,0.340000,14.796317,-1.3579,0.884261,iprobe
E_local_gate_n33_tt_l2e-6_w2e-5_dc_iprobe_tt_on,0.360000,0.360000,14.807273,-1.2848,0.884261,iprobe
E_local_gate_n33_tt_l2e-6_w2e-5_dc_iprobe_tt_on,0.380000,0.380000,14.817587,-1.2161,0.884261,iprobe
E_local_gate_n33_tt_l2e-6_w2e-5_dc_iprobe_tt_on,0.400000,0.400000,14.827336,-1.1511,0.884261,iprobe
E_local_gate_n33_tt_l2e-6_w2e-5_dc_iprobe_tt_on,0.420000,0.420000,14.836584,-1.0894,0.884261,iprobe
E_local_gate_n33_tt_l2e-6_w2e-5_dc_iprobe_tt_on,0.440000,0.440000,14.845380,-1.0308,0.884261,iprobe
E_local_gate_n33_tt_l2e-6_w2e-5_dc_iprobe_tt_on,0.460000,0.460000,14.853764,-0.9749,0.884261,iprobe
E_local_gate_n33_tt_l2e-6_w2e-5_dc_iprobe_tt_on,0.480000,0.480000,14.861765,-0.9216,0.884261,iprobe
E_local_gate_n33_tt_l2e-6_w2e-5_dc_iprobe_tt_on,0.500000,0.500000,14.869405,-0.8706,0.884261,iprobe
E_local_gate_n33_tt_l2e-6_w2e-5_dc_iprobe_tt_on,0.520000,0.520000,14.876701,-0.8220,0.884261,iprobe
E_local_gate_n33_tt_l2e-6_w2e-5_dc_iprobe_tt_on,0.540000,0.540000,14.883659,-0.7756,0.884261,iprobe
E_local_gate_n33_tt_l2e-6_w2e-5_dc_iprobe_tt_on,0.560000,0.560000,14.890280,-0.7315,0.884261,iprobe
E_local_gate_n33_tt_l2e-6_w2e-5_dc_iprobe_tt_on,0.580000,0.580000,14.896557,-0.6896,0.884261,iprobe
E_local_gate_n33_tt_l2e-6_w2e-5_dc_iprobe_tt_on,0.600000,0.600000,14.902475,-0.6502,0.884261,iprobe
E_local_gate_n33_tt_l2e-6_w2e-5_dc_iprobe_tt_on,0.620000,0.620000,14.908007,-0.6133,0.884261,iprobe
E_local_gate_n33_tt_l2e-6_w2e-5_dc_iprobe_tt_on,0.640000,0.640000,14.913118,-0.5792,0.884261,iprobe
E_local_gate_n33_tt_l2e-6_w2e-5_dc_iprobe_tt_on,0.660000,0.660000,14.917757,-0.5483,0.884261,iprobe
E_local_gate_n33_tt_l2e-6_w2e-5_dc_iprobe_tt_on,0.680000,0.680000,14.921859,-0.5209,0.884261,iprobe
E_local_gate_n33_tt_l2e-6_w2e-5_dc_iprobe_tt_on,0.700000,0.700000,14.925344,-0.4977,0.884261,iprobe
E_local_gate_n33_tt_l2e-6_w2e-5_dc_iprobe_tt_on,0.720000,0.720000,14.928110,-0.4793,0.884261,iprobe
E_local_gate_n33_tt_l2e-6_w2e-5_dc_iprobe_tt_on,0.740000,0.740000,14.930038,-0.4664,0.884261,iprobe
E_local_gate_n33_tt_l2e-6_w2e-5_dc_iprobe_tt_on,0.760000,0.760000,14.931045,-0.4597,0.884261,iprobe
E_local_gate_n33_tt_l2e-6_w2e-5_dc_iprobe_tt_on,0.780000,0.780000,14.931359,-0.4576,0.884261,iprobe
E_local_gate_n33_tt_l2e-6_w2e-5_dc_iprobe_tt_on,0.800000,0.800000,14.931460,-0.4569,0.884261,iprobe
E_local_gate_n33_tt_l2e-6_w2e-5_dc_iprobe_tt_on,0.820000,0.820000,14.931518,-0.4565,0.884261,iprobe
E_local_gate_n33_tt_l2e-6_w2e-5_dc_iprobe_tt_on,0.840000,0.840000,14.931560,-0.4563,0.884261,iprobe
E_local_gate_n33_tt_l2e-6_w2e-5_dc_iprobe_tt_on,0.860000,0.860000,14.931595,-0.4560,0.884261,iprobe
E_local_gate_n33_tt_l2e-6_w2e-5_dc_iprobe_tt_on,0.880000,0.880000,14.931624,-0.4558,0.884261,iprobe
E_local_gate_n33_tt_l2e-6_w2e-5_dc_iprobe_tt_on,0.900000,0.900000,14.931650,-0.4557,0.884261,iprobe
E_local_gate_n33_tt_l2e-6_w2e-5_dc_iprobe_tt_on,0.920000,0.920000,14.931674,-0.4555,0.884261,iprobe
E_local_gate_n33_tt_l2e-6_w2e-5_dc_iprobe_tt_on,0.940000,0.940000,14.931695,-0.4554,0.884261,iprobe
E_local_gate_n33_tt_l2e-6_w2e-5_dc_iprobe_tt_on,0.960000,0.960000,14.931715,-0.4552,0.884261,iprobe
E_local_gate_n33_tt_l2e-6_w2e-5_dc_iprobe_tt_on,0.980000,0.980000,14.931733,-0.4551,0.884261,iprobe
E_local_gate_n33_tt_l2e-6_w2e-5_dc_iprobe_tt_on,1.000000,1.000000,14.931750,-0.4550,0.884261,iprobe
E_local_gate_n33_tt_l2e-6_w2e-5_dc_iprobe_tt_on,1.020000,1.020000,14.931766,-0.4549,0.884261,iprobe
E_local_gate_n33_tt_l2e-6_w2e-5_dc_iprobe_tt_on,1.040000,1.040000,14.931781,-0.4548,0.884261,iprobe
E_local_gate_n33_tt_l2e-6_w2e-5_dc_iprobe_tt_on,1.060000,1.060000,14.931796,-0.4547,0.884261,iprobe
E_local_gate_n33_tt_l2e-6_w2e-5_dc_iprobe_tt_on,1.080000,1.080000,14.931810,-0.4546,0.884261,iprobe
E_local_gate_n33_tt_l2e-6_w2e-5_dc_iprobe_tt_on,1.100000,1.100000,14.931823,-0.4545,0.884261,iprobe
E_local_gate_n33_tt_l2e-6_w2e-5_dc_iprobe_tt_on,1.120000,1.120000,14.931836,-0.4544,0.884261,iprobe
E_local_gate_n33_tt_l2e-6_w2e-5_dc_iprobe_tt_on,1.140000,1.140000,14.931848,-0.4543,0.884261,iprobe
E_local_gate_n33_tt_l2e-6_w2e-5_dc_iprobe_tt_on,1.160000,1.160000,14.931860,-0.4543,0.884261,iprobe
E_local_gate_n33_tt_l2e-6_w2e-5_dc_iprobe_tt_on,1.180000,1.180000,14.931871,-0.4542,0.884261,iprobe
E_local_gate_n33_tt_l2e-6_w2e-5_dc_iprobe_tt_on,1.200000,1.200000,14.931882,-0.4541,0.884261,iprobe
E_local_gate_n33_tt_l2e-6_w2e-5_dc_iprobe_tt_on,1.220000,1.220000,14.931893,-0.4540,0.884261,iprobe
E_local_gate_n33_tt_l2e-6_w2e-5_dc_iprobe_tt_on,1.240000,1.240000,14.931904,-0.4540,0.884261,iprobe
E_local_gate_n33_tt_l2e-6_w2e-5_dc_iprobe_tt_on,1.260000,1.260000,14.931914,-0.4539,0.884261,iprobe
E_local_gate_n33_tt_l2e-6_w2e-5_dc_iprobe_tt_on,1.280000,1.280000,14.931924,-0.4538,0.884261,iprobe
E_local_gate_n33_tt_l2e-6_w2e-5_dc_iprobe_tt_on,1.300000,1.300000,14.931934,-0.4538,0.884261,iprobe
E_local_gate_n33_tt_l2e-6_w2e-5_dc_iprobe_tt_on,1.320000,1.320000,14.931943,-0.4537,0.884261,iprobe
E_local_gate_n33_tt_l2e-6_w2e-5_dc_iprobe_tt_on,1.340000,1.340000,14.931953,-0.4536,0.884261,iprobe
E_local_gate_n33_tt_l2e-6_w2e-5_dc_iprobe_tt_on,1.360000,1.360000,14.931962,-0.4536,0.884261,iprobe
E_local_gate_n33_tt_l2e-6_w2e-5_dc_iprobe_tt_on,1.380000,1.380000,14.931971,-0.4535,0.884261,iprobe
E_local_gate_n33_tt_l2e-6_w2e-5_dc_iprobe_tt_on,1.400000,1.400000,14.931980,-0.4535,0.884261,iprobe
E_local_gate_n33_tt_l2e-6_w2e-5_dc_iprobe_tt_on,1.420000,1.420000,14.931989,-0.4534,0.884261,iprobe
E_local_gate_n33_tt_l2e-6_w2e-5_dc_iprobe_tt_on,1.440000,1.440000,14.931997,-0.4534,0.884261,iprobe
E_local_gate_n33_tt_l2e-6_w2e-5_dc_iprobe_tt_on,1.460000,1.460000,14.932006,-0.4533,0.884261,iprobe
E_local_gate_n33_tt_l2e-6_w2e-5_dc_iprobe_tt_on,1.480000,1.480000,14.932014,-0.4532,0.884261,iprobe
E_local_gate_n33_tt_l2e-6_w2e-5_dc_iprobe_tt_on,1.500000,1.500000,14.932022,-0.4532,0.884261,iprobe
E_local_gate_n33_tt_l2e-6_w2e-5_dc_iprobe_tt_on,1.520000,1.520000,14.932030,-0.4531,0.884261,iprobe
E_local_gate_n33_tt_l2e-6_w2e-5_dc_iprobe_tt_on,1.540000,1.540000,14.932038,-0.4531,0.884261,iprobe
E_local_gate_n33_tt_l2e-6_w2e-5_dc_iprobe_tt_on,1.560000,1.560000,14.932046,-0.4530,0.884261,iprobe
E_local_gate_n33_tt_l2e-6_w2e-5_dc_iprobe_tt_on,1.580000,1.580000,14.932054,-0.4530,0.884261,iprobe
E_local_gate_n33_tt_l2e-6_w2e-5_dc_iprobe_tt_on,1.600000,1.600000,14.932061,-0.4529,0.884261,iprobe
E_local_gate_n33_tt_l2e-6_w2e-5_dc_iprobe_tt_on,1.620000,1.620000,14.932069,-0.4529,0.884261,iprobe
E_local_gate_n33_tt_l2e-6_w2e-5_dc_iprobe_tt_on,1.640000,1.640000,14.932076,-0.4528,0.884261,iprobe
E_local_gate_n33_tt_l2e-6_w2e-5_dc_iprobe_tt_on,1.660000,1.660000,14.932084,-0.4528,0.884261,iprobe
E_local_gate_n33_tt_l2e-6_w2e-5_dc_iprobe_tt_on,1.680000,1.680000,14.932091,-0.4527,0.884261,iprobe
E_local_gate_n33_tt_l2e-6_w2e-5_dc_iprobe_tt_on,1.700000,1.700000,14.932098,-0.4527,0.884261,iprobe
E_local_gate_n33_tt_l2e-6_w2e-5_dc_iprobe_tt_on,1.720000,1.720000,14.932106,-0.4526,0.884261,iprobe
E_local_gate_n33_tt_l2e-6_w2e-5_dc_iprobe_tt_on,1.740000,1.740000,14.932113,-0.4526,0.884261,iprobe
E_local_gate_n33_tt_l2e-6_w2e-5_dc_iprobe_tt_on,1.760000,1.760000,14.932120,-0.4525,0.884261,iprobe
E_local_gate_n33_tt_l2e-6_w2e-5_dc_iprobe_tt_on,1.780000,1.780000,14.932127,-0.4525,0.884261,iprobe
E_local_gate_n33_tt_l2e-6_w2e-5_dc_iprobe_tt_on,1.800000,1.800000,14.932134,-0.4524,0.884261,iprobe
E_local_gate_n33_tt_l2e-6_w2e-5_dc_iprobe_tt_on,1.820000,1.820000,14.932140,-0.4524,0.884261,iprobe
E_local_gate_n33_tt_l2e-6_w2e-5_dc_iprobe_tt_on,1.840000,1.840000,14.932147,-0.4524,0.884261,iprobe
E_local_gate_n33_tt_l2e-6_w2e-5_dc_iprobe_tt_on,1.860000,1.860000,14.932154,-0.4523,0.884261,iprobe
E_local_gate_n33_tt_l2e-6_w2e-5_dc_iprobe_tt_on,1.880000,1.880000,14.932161,-0.4523,0.884261,iprobe
E_local_gate_n33_tt_l2e-6_w2e-5_dc_iprobe_tt_on,1.900000,1.900000,14.932167,-0.4522,0.884261,iprobe
E_local_gate_n33_tt_l2e-6_w2e-5_dc_iprobe_tt_on,1.920000,1.920000,14.932174,-0.4522,0.884261,iprobe
E_local_gate_n33_tt_l2e-6_w2e-5_dc_iprobe_tt_on,1.940000,1.940000,14.932181,-0.4521,0.884261,iprobe
E_local_gate_n33_tt_l2e-6_w2e-5_dc_iprobe_tt_on,1.960000,1.960000,14.932187,-0.4521,0.884261,iprobe
E_local_gate_n33_tt_l2e-6_w2e-5_dc_iprobe_tt_on,1.980000,1.980000,14.932194,-0.4520,0.884261,iprobe
E_local_gate_n33_tt_l2e-6_w2e-5_dc_iprobe_tt_on,2.000000,2.000000,14.932200,-0.4520,0.884261,iprobe
E_local_gate_n33_tt_l2e-6_w2e-5_dc_iprobe_tt_on,2.020000,2.020000,14.932207,-0.4520,0.884261,iprobe
E_local_gate_n33_tt_l2e-6_w2e-5_dc_iprobe_tt_on,2.040000,2.040000,14.932213,-0.4519,0.884261,iprobe
E_local_gate_n33_tt_l2e-6_w2e-5_dc_iprobe_tt_on,2.060000,2.060000,14.932220,-0.4519,0.884261,iprobe
E_local_gate_n33_tt_l2e-6_w2e-5_dc_iprobe_tt_on,2.080000,2.080000,14.932226,-0.4518,0.884261,iprobe
E_local_gate_n33_tt_l2e-6_w2e-5_dc_iprobe_tt_on,2.100000,2.100000,14.932233,-0.4518,0.884261,iprobe
E_local_gate_n33_tt_l2e-6_w2e-5_dc_iprobe_tt_on,2.120000,2.120000,14.932239,-0.4517,0.884261,iprobe
E_local_gate_n33_tt_l2e-6_w2e-5_dc_iprobe_tt_on,2.140000,2.140000,14.932246,-0.4517,0.884261,iprobe
E_local_gate_n33_tt_l2e-6_w2e-5_dc_iprobe_tt_on,2.160000,2.160000,14.932253,-0.4516,0.884261,iprobe
E_local_gate_n33_tt_l2e-6_w2e-5_dc_iprobe_tt_on,2.180000,2.180000,14.932260,-0.4516,0.884261,iprobe
E_local_gate_n33_tt_l2e-6_w2e-5_dc_iprobe_tt_on,2.200000,2.200000,14.932268,-0.4515,0.884261,iprobe
E_local_gate_n33_tt_l2e-6_w2e-5_dc_iprobe_tt_on,2.220000,2.220000,14.932275,-0.4515,0.884261,iprobe
E_local_gate_n33_tt_l2e-6_w2e-5_dc_iprobe_tt_on,2.240000,2.240000,14.932284,-0.4514,0.884261,iprobe
E_local_gate_n33_tt_l2e-6_w2e-5_dc_iprobe_tt_on,2.260000,2.260000,14.932292,-0.4514,0.884261,iprobe
E_local_gate_n33_tt_l2e-6_w2e-5_dc_iprobe_tt_on,2.280000,2.280000,14.932302,-0.4513,0.884261,iprobe
E_local_gate_n33_tt_l2e-6_w2e-5_dc_iprobe_tt_on,2.300000,2.300000,14.932312,-0.4513,0.884261,iprobe
E_local_gate_n33_tt_l2e-6_w2e-5_dc_iprobe_tt_on,2.320000,2.320000,14.932323,-0.4512,0.884261,iprobe
E_local_gate_n33_tt_l2e-6_w2e-5_dc_iprobe_tt_on,2.340000,2.340000,14.932336,-0.4511,0.884261,iprobe
E_local_gate_n33_tt_l2e-6_w2e-5_dc_iprobe_tt_on,2.360000,2.360000,14.932349,-0.4510,0.884261,iprobe
E_local_gate_n33_tt_l2e-6_w2e-5_dc_iprobe_tt_on,2.380000,2.380000,14.932365,-0.4509,0.884261,iprobe
E_local_gate_n33_tt_l2e-6_w2e-5_dc_iprobe_tt_on,2.400000,2.400000,14.932383,-0.4508,0.884261,iprobe
E_local_gate_n33_tt_l2e-6_w2e-5_dc_iprobe_tt_on,2.420000,2.420000,14.932402,-0.4507,0.884261,iprobe
E_local_gate_n33_tt_l2e-6_w2e-5_dc_iprobe_tt_on,2.440000,2.440000,14.932425,-0.4505,0.884261,iprobe
E_local_gate_n33_tt_l2e-6_w2e-5_dc_iprobe_tt_on,2.460000,2.460000,14.932451,-0.4503,0.884261,iprobe
E_local_gate_n33_tt_l2e-6_w2e-5_dc_iprobe_tt_on,2.480000,2.480000,14.932481,-0.4501,0.884261,iprobe
E_local_gate_n33_tt_l2e-6_w2e-5_dc_iprobe_tt_on,2.500000,2.500000,14.932515,-0.4499,0.884261,iprobe
E_local_gate_n33_tt_l2e-6_w2e-5_dc_iprobe_tt_on,2.520000,2.520000,14.932553,-0.4496,0.884261,iprobe
E_local_gate_n33_tt_l2e-6_w2e-5_dc_iprobe_tt_on,2.540000,2.540000,14.932598,-0.4493,0.884261,iprobe
E_local_gate_n33_tt_l2e-6_w2e-5_dc_iprobe_tt_on,2.560000,2.560000,14.932649,-0.4490,0.884261,iprobe
E_local_gate_n33_tt_l2e-6_w2e-5_dc_iprobe_tt_on,2.580000,2.580000,14.932708,-0.4486,0.884261,iprobe
E_local_gate_n33_tt_l2e-6_w2e-5_dc_iprobe_tt_on,2.600000,2.600000,14.932775,-0.4482,0.884261,iprobe
E_local_gate_n33_tt_l2e-6_w2e-5_dc_iprobe_tt_on,2.620000,2.620000,14.932852,-0.4477,0.884261,iprobe
E_local_gate_n33_tt_l2e-6_w2e-5_dc_iprobe_tt_on,2.640000,2.640000,14.932940,-0.4471,0.884261,iprobe
E_local_gate_n33_tt_l2e-6_w2e-5_dc_iprobe_tt_on,2.660000,2.660000,14.933040,-0.4464,0.884261,iprobe
E_local_gate_n33_tt_l2e-6_w2e-5_dc_iprobe_tt_on,2.680000,2.680000,14.933154,-0.4456,0.884261,iprobe
E_local_gate_n33_tt_l2e-6_w2e-5_dc_iprobe_tt_on,2.700000,2.700000,14.933283,-0.4448,0.884261,iprobe
E_local_gate_n33_tt_l2e-6_w2e-5_dc_iprobe_tt_on,2.720000,2.720000,14.933429,-0.4438,0.884261,iprobe
E_local_gate_n33_tt_l2e-6_w2e-5_dc_iprobe_tt_on,2.740000,2.740000,14.933594,-0.4427,0.884261,iprobe
E_local_gate_n33_tt_l2e-6_w2e-5_dc_iprobe_tt_on,2.760000,2.760000,14.933781,-0.4415,0.884261,iprobe
E_local_gate_n33_tt_l2e-6_w2e-5_dc_iprobe_tt_on,2.780000,2.780000,14.933991,-0.4401,0.884261,iprobe
E_local_gate_n33_tt_l2e-6_w2e-5_dc_iprobe_tt_on,2.800000,2.800000,14.934227,-0.4385,0.884261,iprobe
E_local_gate_n33_tt_l2e-6_w2e-5_dc_iprobe_tt_on,2.820000,2.820000,14.934492,-0.4367,0.884261,iprobe
E_local_gate_n33_tt_l2e-6_w2e-5_dc_iprobe_tt_on,2.840000,2.840000,14.934788,-0.4347,0.884261,iprobe
E_local_gate_n33_tt_l2e-6_w2e-5_dc_iprobe_tt_on,2.860000,2.860000,14.935120,-0.4325,0.884261,iprobe
E_local_gate_n33_tt_l2e-6_w2e-5_dc_iprobe_tt_on,2.880000,2.880000,14.935489,-0.4301,0.884261,iprobe
E_local_gate_n33_tt_l2e-6_w2e-5_dc_iprobe_tt_on,2.900000,2.900000,14.935899,-0.4273,0.884261,iprobe
E_local_gate_n33_tt_l2e-6_w2e-5_dc_iprobe_tt_on,2.920000,2.920000,14.936356,-0.4243,0.884261,iprobe
E_local_gate_n33_tt_l2e-6_w2e-5_dc_iprobe_tt_on,2.940000,2.940000,14.936861,-0.4209,0.884261,iprobe
E_local_gate_n33_tt_l2e-6_w2e-5_dc_iprobe_tt_on,2.960000,2.960000,14.937420,-0.4172,0.884261,iprobe
E_local_gate_n33_tt_l2e-6_w2e-5_dc_iprobe_tt_on,2.980000,2.980000,14.938038,-0.4131,0.884261,iprobe
E_local_gate_n33_tt_l2e-6_w2e-5_dc_iprobe_tt_on,3.000000,3.000000,14.938719,-0.4085,0.884261,iprobe
E_local_gate_n33_tt_l2e-6_w2e-5_dc_iprobe_tt_on,3.020000,3.020000,14.939469,-0.4035,0.884261,iprobe
E_local_gate_n33_tt_l2e-6_w2e-5_dc_iprobe_tt_on,3.040000,3.040000,14.940292,-0.3981,0.884261,iprobe
E_local_gate_n33_tt_l2e-6_w2e-5_dc_iprobe_tt_on,3.060000,3.060000,14.941195,-0.3920,0.884261,iprobe
E_local_gate_n33_tt_l2e-6_w2e-5_dc_iprobe_tt_on,3.080000,3.080000,14.942184,-0.3854,0.884261,iprobe
E_local_gate_n33_tt_l2e-6_w2e-5_dc_iprobe_tt_on,3.100000,3.100000,14.943265,-0.3782,0.884261,iprobe
E_local_gate_n33_tt_l2e-6_w2e-5_dc_iprobe_tt_on,3.120000,3.120000,14.944446,-0.3704,0.884261,iprobe
E_local_gate_n33_tt_l2e-6_w2e-5_dc_iprobe_tt_on,3.140000,3.140000,14.945732,-0.3618,0.884261,iprobe
E_local_gate_n33_tt_l2e-6_w2e-5_dc_iprobe_tt_on,3.160000,3.160000,14.947132,-0.3525,0.884261,iprobe
E_local_gate_n33_tt_l2e-6_w2e-5_dc_iprobe_tt_on,3.180000,3.180000,14.948654,-0.3423,0.884261,iprobe
E_local_gate_n33_tt_l2e-6_w2e-5_dc_iprobe_tt_on,3.200000,3.200000,14.950305,-0.3313,0.884261,iprobe
E_local_gate_n33_tt_l2e-6_w2e-5_dc_iprobe_tt_on,3.220000,3.220000,14.952095,-0.3194,0.884261,iprobe
E_local_gate_n33_tt_l2e-6_w2e-5_dc_iprobe_tt_on,3.240000,3.240000,14.954031,-0.3065,0.884261,iprobe
E_local_gate_n33_tt_l2e-6_w2e-5_dc_iprobe_tt_on,3.260000,3.260000,14.956125,-0.2925,0.884261,iprobe
E_local_gate_n33_tt_l2e-6_w2e-5_dc_iprobe_tt_on,3.280000,3.280000,14.958384,-0.2774,0.884261,iprobe
E_local_gate_n33_tt_l2e-6_w2e-5_dc_iprobe_tt_on,3.300000,3.300000,14.960820,-0.2612,0.884261,iprobe
Ebodyfix_tt_on,0.000000,0.000000,0.000000,-100.0000,0.884261,iprobe
Ebodyfix_tt_on,0.020000,0.020000,4.290037,-71.3998,0.884261,iprobe
Ebodyfix_tt_on,0.040000,0.040000,7.855063,-47.6329,0.884261,iprobe
Ebodyfix_tt_on,0.060000,0.060000,10.670568,-28.8629,0.884261,iprobe
Ebodyfix_tt_on,0.080000,0.080000,12.708455,-15.2770,0.884261,iprobe
Ebodyfix_tt_on,0.100000,0.100000,13.945435,-7.0304,0.884261,iprobe
Ebodyfix_tt_on,0.120000,0.120000,14.447518,-3.6832,0.884261,iprobe
Ebodyfix_tt_on,0.140000,0.140000,14.576396,-2.8240,0.884261,iprobe
Ebodyfix_tt_on,0.160000,0.160000,14.627603,-2.4826,0.884261,iprobe
Ebodyfix_tt_on,0.180000,0.180000,14.660958,-2.2603,0.884261,iprobe
Ebodyfix_tt_on,0.200000,0.200000,14.686817,-2.0879,0.884261,iprobe
Ebodyfix_tt_on,0.220000,0.220000,14.708349,-1.9443,0.884261,iprobe
Ebodyfix_tt_on,0.240000,0.240000,14.726983,-1.8201,0.884261,iprobe
Ebodyfix_tt_on,0.260000,0.260000,14.743507,-1.7100,0.884261,iprobe
Ebodyfix_tt_on,0.280000,0.280000,14.758415,-1.6106,0.884261,iprobe
Ebodyfix_tt_on,0.300000,0.300000,14.772040,-1.5197,0.884261,iprobe
Ebodyfix_tt_on,0.320000,0.320000,14.784616,-1.4359,0.884261,iprobe
Ebodyfix_tt_on,0.340000,0.340000,14.796317,-1.3579,0.884261,iprobe
Ebodyfix_tt_on,0.360000,0.360000,14.807273,-1.2848,0.884261,iprobe
Ebodyfix_tt_on,0.380000,0.380000,14.817587,-1.2161,0.884261,iprobe
Ebodyfix_tt_on,0.400000,0.400000,14.827336,-1.1511,0.884261,iprobe
Ebodyfix_tt_on,0.420000,0.420000,14.836584,-1.0894,0.884261,iprobe
Ebodyfix_tt_on,0.440000,0.440000,14.845380,-1.0308,0.884261,iprobe
Ebodyfix_tt_on,0.460000,0.460000,14.853764,-0.9749,0.884261,iprobe
Ebodyfix_tt_on,0.480000,0.480000,14.861765,-0.9216,0.884261,iprobe
Ebodyfix_tt_on,0.500000,0.500000,14.869405,-0.8706,0.884261,iprobe
Ebodyfix_tt_on,0.520000,0.520000,14.876701,-0.8220,0.884261,iprobe
Ebodyfix_tt_on,0.540000,0.540000,14.883659,-0.7756,0.884261,iprobe
Ebodyfix_tt_on,0.560000,0.560000,14.890280,-0.7315,0.884261,iprobe
Ebodyfix_tt_on,0.580000,0.580000,14.896557,-0.6896,0.884261,iprobe
Ebodyfix_tt_on,0.600000,0.600000,14.902475,-0.6502,0.884261,iprobe
Ebodyfix_tt_on,0.620000,0.620000,14.908007,-0.6133,0.884261,iprobe
Ebodyfix_tt_on,0.640000,0.640000,14.913118,-0.5792,0.884261,iprobe
Ebodyfix_tt_on,0.660000,0.660000,14.917757,-0.5483,0.884261,iprobe
Ebodyfix_tt_on,0.680000,0.680000,14.921859,-0.5209,0.884261,iprobe
Ebodyfix_tt_on,0.700000,0.700000,14.925344,-0.4977,0.884261,iprobe
Ebodyfix_tt_on,0.720000,0.720000,14.928110,-0.4793,0.884261,iprobe
Ebodyfix_tt_on,0.740000,0.740000,14.930038,-0.4664,0.884261,iprobe
Ebodyfix_tt_on,0.760000,0.760000,14.931045,-0.4597,0.884261,iprobe
Ebodyfix_tt_on,0.780000,0.780000,14.931359,-0.4576,0.884261,iprobe
Ebodyfix_tt_on,0.800000,0.800000,14.931460,-0.4569,0.884261,iprobe
Ebodyfix_tt_on,0.820000,0.820000,14.931518,-0.4565,0.884261,iprobe
Ebodyfix_tt_on,0.840000,0.840000,14.931560,-0.4563,0.884261,iprobe
Ebodyfix_tt_on,0.860000,0.860000,14.931595,-0.4560,0.884261,iprobe
Ebodyfix_tt_on,0.880000,0.880000,14.931624,-0.4558,0.884261,iprobe
Ebodyfix_tt_on,0.900000,0.900000,14.931650,-0.4557,0.884261,iprobe
Ebodyfix_tt_on,0.920000,0.920000,14.931674,-0.4555,0.884261,iprobe
Ebodyfix_tt_on,0.940000,0.940000,14.931695,-0.4554,0.884261,iprobe
Ebodyfix_tt_on,0.960000,0.960000,14.931715,-0.4552,0.884261,iprobe
Ebodyfix_tt_on,0.980000,0.980000,14.931733,-0.4551,0.884261,iprobe
Ebodyfix_tt_on,1.000000,1.000000,14.931750,-0.4550,0.884261,iprobe
Ebodyfix_tt_on,1.020000,1.020000,14.931766,-0.4549,0.884261,iprobe
Ebodyfix_tt_on,1.040000,1.040000,14.931781,-0.4548,0.884261,iprobe
Ebodyfix_tt_on,1.060000,1.060000,14.931796,-0.4547,0.884261,iprobe
Ebodyfix_tt_on,1.080000,1.080000,14.931810,-0.4546,0.884261,iprobe
Ebodyfix_tt_on,1.100000,1.100000,14.931823,-0.4545,0.884261,iprobe
Ebodyfix_tt_on,1.120000,1.120000,14.931836,-0.4544,0.884261,iprobe
Ebodyfix_tt_on,1.140000,1.140000,14.931848,-0.4543,0.884261,iprobe
Ebodyfix_tt_on,1.160000,1.160000,14.931860,-0.4543,0.884261,iprobe
Ebodyfix_tt_on,1.180000,1.180000,14.931871,-0.4542,0.884261,iprobe
Ebodyfix_tt_on,1.200000,1.200000,14.931882,-0.4541,0.884261,iprobe
Ebodyfix_tt_on,1.220000,1.220000,14.931893,-0.4540,0.884261,iprobe
Ebodyfix_tt_on,1.240000,1.240000,14.931904,-0.4540,0.884261,iprobe
Ebodyfix_tt_on,1.260000,1.260000,14.931914,-0.4539,0.884261,iprobe
Ebodyfix_tt_on,1.280000,1.280000,14.931924,-0.4538,0.884261,iprobe
Ebodyfix_tt_on,1.300000,1.300000,14.931934,-0.4538,0.884261,iprobe
Ebodyfix_tt_on,1.320000,1.320000,14.931943,-0.4537,0.884261,iprobe
Ebodyfix_tt_on,1.340000,1.340000,14.931953,-0.4536,0.884261,iprobe
Ebodyfix_tt_on,1.360000,1.360000,14.931962,-0.4536,0.884261,iprobe
Ebodyfix_tt_on,1.380000,1.380000,14.931971,-0.4535,0.884261,iprobe
Ebodyfix_tt_on,1.400000,1.400000,14.931980,-0.4535,0.884261,iprobe
Ebodyfix_tt_on,1.420000,1.420000,14.931989,-0.4534,0.884261,iprobe
Ebodyfix_tt_on,1.440000,1.440000,14.931997,-0.4534,0.884261,iprobe
Ebodyfix_tt_on,1.460000,1.460000,14.932006,-0.4533,0.884261,iprobe
Ebodyfix_tt_on,1.480000,1.480000,14.932014,-0.4532,0.884261,iprobe
Ebodyfix_tt_on,1.500000,1.500000,14.932022,-0.4532,0.884261,iprobe
Ebodyfix_tt_on,1.520000,1.520000,14.932030,-0.4531,0.884261,iprobe
Ebodyfix_tt_on,1.540000,1.540000,14.932038,-0.4531,0.884261,iprobe
Ebodyfix_tt_on,1.560000,1.560000,14.932046,-0.4530,0.884261,iprobe
Ebodyfix_tt_on,1.580000,1.580000,14.932054,-0.4530,0.884261,iprobe
Ebodyfix_tt_on,1.600000,1.600000,14.932061,-0.4529,0.884261,iprobe
Ebodyfix_tt_on,1.620000,1.620000,14.932069,-0.4529,0.884261,iprobe
Ebodyfix_tt_on,1.640000,1.640000,14.932076,-0.4528,0.884261,iprobe
Ebodyfix_tt_on,1.660000,1.660000,14.932084,-0.4528,0.884261,iprobe
Ebodyfix_tt_on,1.680000,1.680000,14.932091,-0.4527,0.884261,iprobe
Ebodyfix_tt_on,1.700000,1.700000,14.932098,-0.4527,0.884261,iprobe
Ebodyfix_tt_on,1.720000,1.720000,14.932106,-0.4526,0.884261,iprobe
Ebodyfix_tt_on,1.740000,1.740000,14.932113,-0.4526,0.884261,iprobe
Ebodyfix_tt_on,1.760000,1.760000,14.932120,-0.4525,0.884261,iprobe
Ebodyfix_tt_on,1.780000,1.780000,14.932127,-0.4525,0.884261,iprobe
Ebodyfix_tt_on,1.800000,1.800000,14.932134,-0.4524,0.884261,iprobe
Ebodyfix_tt_on,1.820000,1.820000,14.932140,-0.4524,0.884261,iprobe
Ebodyfix_tt_on,1.840000,1.840000,14.932147,-0.4524,0.884261,iprobe
Ebodyfix_tt_on,1.860000,1.860000,14.932154,-0.4523,0.884261,iprobe
Ebodyfix_tt_on,1.880000,1.880000,14.932161,-0.4523,0.884261,iprobe
Ebodyfix_tt_on,1.900000,1.900000,14.932167,-0.4522,0.884261,iprobe
Ebodyfix_tt_on,1.920000,1.920000,14.932174,-0.4522,0.884261,iprobe
Ebodyfix_tt_on,1.940000,1.940000,14.932181,-0.4521,0.884261,iprobe
Ebodyfix_tt_on,1.960000,1.960000,14.932187,-0.4521,0.884261,iprobe
Ebodyfix_tt_on,1.980000,1.980000,14.932194,-0.4520,0.884261,iprobe
Ebodyfix_tt_on,2.000000,2.000000,14.932200,-0.4520,0.884261,iprobe
Ebodyfix_tt_on,2.020000,2.020000,14.932207,-0.4520,0.884261,iprobe
Ebodyfix_tt_on,2.040000,2.040000,14.932213,-0.4519,0.884261,iprobe
Ebodyfix_tt_on,2.060000,2.060000,14.932220,-0.4519,0.884261,iprobe
Ebodyfix_tt_on,2.080000,2.080000,14.932226,-0.4518,0.884261,iprobe
Ebodyfix_tt_on,2.100000,2.100000,14.932233,-0.4518,0.884261,iprobe
Ebodyfix_tt_on,2.120000,2.120000,14.932239,-0.4517,0.884261,iprobe
Ebodyfix_tt_on,2.140000,2.140000,14.932246,-0.4517,0.884261,iprobe
Ebodyfix_tt_on,2.160000,2.160000,14.932253,-0.4516,0.884261,iprobe
Ebodyfix_tt_on,2.180000,2.180000,14.932260,-0.4516,0.884261,iprobe
Ebodyfix_tt_on,2.200000,2.200000,14.932268,-0.4515,0.884261,iprobe
Ebodyfix_tt_on,2.220000,2.220000,14.932275,-0.4515,0.884261,iprobe
Ebodyfix_tt_on,2.240000,2.240000,14.932284,-0.4514,0.884261,iprobe
Ebodyfix_tt_on,2.260000,2.260000,14.932292,-0.4514,0.884261,iprobe
Ebodyfix_tt_on,2.280000,2.280000,14.932302,-0.4513,0.884261,iprobe
Ebodyfix_tt_on,2.300000,2.300000,14.932312,-0.4513,0.884261,iprobe
Ebodyfix_tt_on,2.320000,2.320000,14.932323,-0.4512,0.884261,iprobe
Ebodyfix_tt_on,2.340000,2.340000,14.932336,-0.4511,0.884261,iprobe
Ebodyfix_tt_on,2.360000,2.360000,14.932349,-0.4510,0.884261,iprobe
Ebodyfix_tt_on,2.380000,2.380000,14.932365,-0.4509,0.884261,iprobe
Ebodyfix_tt_on,2.400000,2.400000,14.932383,-0.4508,0.884261,iprobe
Ebodyfix_tt_on,2.420000,2.420000,14.932402,-0.4507,0.884261,iprobe
Ebodyfix_tt_on,2.440000,2.440000,14.932425,-0.4505,0.884261,iprobe
Ebodyfix_tt_on,2.460000,2.460000,14.932451,-0.4503,0.884261,iprobe
Ebodyfix_tt_on,2.480000,2.480000,14.932481,-0.4501,0.884261,iprobe
Ebodyfix_tt_on,2.500000,2.500000,14.932515,-0.4499,0.884261,iprobe
Ebodyfix_tt_on,2.520000,2.520000,14.932553,-0.4496,0.884261,iprobe
Ebodyfix_tt_on,2.540000,2.540000,14.932598,-0.4493,0.884261,iprobe
Ebodyfix_tt_on,2.560000,2.560000,14.932649,-0.4490,0.884261,iprobe
Ebodyfix_tt_on,2.580000,2.580000,14.932708,-0.4486,0.884261,iprobe
Ebodyfix_tt_on,2.600000,2.600000,14.932775,-0.4482,0.884261,iprobe
Ebodyfix_tt_on,2.620000,2.620000,14.932852,-0.4477,0.884261,iprobe
Ebodyfix_tt_on,2.640000,2.640000,14.932940,-0.4471,0.884261,iprobe
Ebodyfix_tt_on,2.660000,2.660000,14.933040,-0.4464,0.884261,iprobe
Ebodyfix_tt_on,2.680000,2.680000,14.933154,-0.4456,0.884261,iprobe
Ebodyfix_tt_on,2.700000,2.700000,14.933283,-0.4448,0.884261,iprobe
Ebodyfix_tt_on,2.720000,2.720000,14.933429,-0.4438,0.884261,iprobe
Ebodyfix_tt_on,2.740000,2.740000,14.933594,-0.4427,0.884261,iprobe
Ebodyfix_tt_on,2.760000,2.760000,14.933781,-0.4415,0.884261,iprobe
Ebodyfix_tt_on,2.780000,2.780000,14.933991,-0.4401,0.884261,iprobe
Ebodyfix_tt_on,2.800000,2.800000,14.934227,-0.4385,0.884261,iprobe
Ebodyfix_tt_on,2.820000,2.820000,14.934492,-0.4367,0.884261,iprobe
Ebodyfix_tt_on,2.840000,2.840000,14.934788,-0.4347,0.884261,iprobe
Ebodyfix_tt_on,2.860000,2.860000,14.935120,-0.4325,0.884261,iprobe
Ebodyfix_tt_on,2.880000,2.880000,14.935489,-0.4301,0.884261,iprobe
Ebodyfix_tt_on,2.900000,2.900000,14.935899,-0.4273,0.884261,iprobe
Ebodyfix_tt_on,2.920000,2.920000,14.936356,-0.4243,0.884261,iprobe
Ebodyfix_tt_on,2.940000,2.940000,14.936861,-0.4209,0.884261,iprobe
Ebodyfix_tt_on,2.960000,2.960000,14.937420,-0.4172,0.884261,iprobe
Ebodyfix_tt_on,2.980000,2.980000,14.938038,-0.4131,0.884261,iprobe
Ebodyfix_tt_on,3.000000,3.000000,14.938719,-0.4085,0.884261,iprobe
Ebodyfix_tt_on,3.020000,3.020000,14.939469,-0.4035,0.884261,iprobe
Ebodyfix_tt_on,3.040000,3.040000,14.940292,-0.3981,0.884261,iprobe
Ebodyfix_tt_on,3.060000,3.060000,14.941195,-0.3920,0.884261,iprobe
Ebodyfix_tt_on,3.080000,3.080000,14.942184,-0.3854,0.884261,iprobe
Ebodyfix_tt_on,3.100000,3.100000,14.943265,-0.3782,0.884261,iprobe
Ebodyfix_tt_on,3.120000,3.120000,14.944446,-0.3704,0.884261,iprobe
Ebodyfix_tt_on,3.140000,3.140000,14.945732,-0.3618,0.884261,iprobe
Ebodyfix_tt_on,3.160000,3.160000,14.947132,-0.3525,0.884261,iprobe
Ebodyfix_tt_on,3.180000,3.180000,14.948654,-0.3423,0.884261,iprobe
Ebodyfix_tt_on,3.200000,3.200000,14.950305,-0.3313,0.884261,iprobe
Ebodyfix_tt_on,3.220000,3.220000,14.952095,-0.3194,0.884261,iprobe
Ebodyfix_tt_on,3.240000,3.240000,14.954031,-0.3065,0.884261,iprobe
Ebodyfix_tt_on,3.260000,3.260000,14.956125,-0.2925,0.884261,iprobe
Ebodyfix_tt_on,3.280000,3.280000,14.958384,-0.2774,0.884261,iprobe
Ebodyfix_tt_on,3.300000,3.300000,14.960820,-0.2612,0.884261,iprobe
E_local_gate_n33_tt_l2e-6_w2e-5_dc_iprobe_tt_off,0.000000,0.000000,-0.000000,-100.0000,0.884277,iprobe
E_local_gate_n33_tt_l2e-6_w2e-5_dc_iprobe_tt_off,0.020000,0.020000,0.000000,-100.0000,0.884261,iprobe
E_local_gate_n33_tt_l2e-6_w2e-5_dc_iprobe_tt_off,0.040000,0.040000,0.000000,-100.0000,0.884261,iprobe
E_local_gate_n33_tt_l2e-6_w2e-5_dc_iprobe_tt_off,0.060000,0.060000,0.000000,-100.0000,0.884261,iprobe
E_local_gate_n33_tt_l2e-6_w2e-5_dc_iprobe_tt_off,0.080000,0.080000,0.000000,-100.0000,0.884261,iprobe
E_local_gate_n33_tt_l2e-6_w2e-5_dc_iprobe_tt_off,0.100000,0.100000,0.000000,-100.0000,0.884261,iprobe
E_local_gate_n33_tt_l2e-6_w2e-5_dc_iprobe_tt_off,0.120000,0.120000,0.000000,-100.0000,0.884261,iprobe
E_local_gate_n33_tt_l2e-6_w2e-5_dc_iprobe_tt_off,0.140000,0.140000,0.000000,-100.0000,0.884261,iprobe
E_local_gate_n33_tt_l2e-6_w2e-5_dc_iprobe_tt_off,0.160000,0.160000,0.000000,-100.0000,0.884261,iprobe
E_local_gate_n33_tt_l2e-6_w2e-5_dc_iprobe_tt_off,0.180000,0.180000,0.000000,-100.0000,0.884261,iprobe
E_local_gate_n33_tt_l2e-6_w2e-5_dc_iprobe_tt_off,0.200000,0.200000,0.000000,-100.0000,0.884261,iprobe
E_local_gate_n33_tt_l2e-6_w2e-5_dc_iprobe_tt_off,0.220000,0.220000,0.000000,-100.0000,0.884261,iprobe
E_local_gate_n33_tt_l2e-6_w2e-5_dc_iprobe_tt_off,0.240000,0.240000,0.000000,-100.0000,0.884261,iprobe
E_local_gate_n33_tt_l2e-6_w2e-5_dc_iprobe_tt_off,0.260000,0.260000,0.000000,-100.0000,0.884261,iprobe
E_local_gate_n33_tt_l2e-6_w2e-5_dc_iprobe_tt_off,0.280000,0.280000,0.000000,-100.0000,0.884261,iprobe
E_local_gate_n33_tt_l2e-6_w2e-5_dc_iprobe_tt_off,0.300000,0.300000,0.000000,-100.0000,0.884261,iprobe
E_local_gate_n33_tt_l2e-6_w2e-5_dc_iprobe_tt_off,0.320000,0.320000,0.000000,-100.0000,0.884261,iprobe
E_local_gate_n33_tt_l2e-6_w2e-5_dc_iprobe_tt_off,0.340000,0.340000,0.000000,-100.0000,0.884261,iprobe
E_local_gate_n33_tt_l2e-6_w2e-5_dc_iprobe_tt_off,0.360000,0.360000,0.000000,-100.0000,0.884261,iprobe
E_local_gate_n33_tt_l2e-6_w2e-5_dc_iprobe_tt_off,0.380000,0.380000,0.000000,-100.0000,0.884261,iprobe
E_local_gate_n33_tt_l2e-6_w2e-5_dc_iprobe_tt_off,0.400000,0.400000,0.000000,-100.0000,0.884261,iprobe
E_local_gate_n33_tt_l2e-6_w2e-5_dc_iprobe_tt_off,0.420000,0.420000,0.000000,-100.0000,0.884261,iprobe
E_local_gate_n33_tt_l2e-6_w2e-5_dc_iprobe_tt_off,0.440000,0.440000,0.000000,-100.0000,0.884261,iprobe
E_local_gate_n33_tt_l2e-6_w2e-5_dc_iprobe_tt_off,0.460000,0.460000,0.000000,-100.0000,0.884261,iprobe
E_local_gate_n33_tt_l2e-6_w2e-5_dc_iprobe_tt_off,0.480000,0.480000,0.000000,-100.0000,0.884261,iprobe
E_local_gate_n33_tt_l2e-6_w2e-5_dc_iprobe_tt_off,0.500000,0.500000,0.000000,-100.0000,0.884261,iprobe
E_local_gate_n33_tt_l2e-6_w2e-5_dc_iprobe_tt_off,0.520000,0.520000,0.000000,-100.0000,0.884261,iprobe
E_local_gate_n33_tt_l2e-6_w2e-5_dc_iprobe_tt_off,0.540000,0.540000,0.000000,-100.0000,0.884261,iprobe
E_local_gate_n33_tt_l2e-6_w2e-5_dc_iprobe_tt_off,0.560000,0.560000,0.000000,-100.0000,0.884261,iprobe
E_local_gate_n33_tt_l2e-6_w2e-5_dc_iprobe_tt_off,0.580000,0.580000,0.000000,-100.0000,0.884261,iprobe
E_local_gate_n33_tt_l2e-6_w2e-5_dc_iprobe_tt_off,0.600000,0.600000,0.000000,-100.0000,0.884261,iprobe
E_local_gate_n33_tt_l2e-6_w2e-5_dc_iprobe_tt_off,0.620000,0.620000,0.000000,-100.0000,0.884261,iprobe
E_local_gate_n33_tt_l2e-6_w2e-5_dc_iprobe_tt_off,0.640000,0.640000,0.000000,-100.0000,0.884261,iprobe
E_local_gate_n33_tt_l2e-6_w2e-5_dc_iprobe_tt_off,0.660000,0.660000,0.000000,-100.0000,0.884261,iprobe
E_local_gate_n33_tt_l2e-6_w2e-5_dc_iprobe_tt_off,0.680000,0.680000,0.000000,-100.0000,0.884261,iprobe
E_local_gate_n33_tt_l2e-6_w2e-5_dc_iprobe_tt_off,0.700000,0.700000,0.000000,-100.0000,0.884261,iprobe
E_local_gate_n33_tt_l2e-6_w2e-5_dc_iprobe_tt_off,0.720000,0.720000,0.000000,-100.0000,0.884261,iprobe
E_local_gate_n33_tt_l2e-6_w2e-5_dc_iprobe_tt_off,0.740000,0.740000,0.000000,-100.0000,0.884261,iprobe
E_local_gate_n33_tt_l2e-6_w2e-5_dc_iprobe_tt_off,0.760000,0.760000,0.000000,-100.0000,0.884261,iprobe
E_local_gate_n33_tt_l2e-6_w2e-5_dc_iprobe_tt_off,0.780000,0.780000,0.000000,-100.0000,0.884261,iprobe
E_local_gate_n33_tt_l2e-6_w2e-5_dc_iprobe_tt_off,0.800000,0.800000,0.000000,-100.0000,0.884261,iprobe
E_local_gate_n33_tt_l2e-6_w2e-5_dc_iprobe_tt_off,0.820000,0.820000,0.000000,-100.0000,0.884261,iprobe
E_local_gate_n33_tt_l2e-6_w2e-5_dc_iprobe_tt_off,0.840000,0.840000,0.000000,-100.0000,0.884261,iprobe
E_local_gate_n33_tt_l2e-6_w2e-5_dc_iprobe_tt_off,0.860000,0.860000,0.000000,-100.0000,0.884261,iprobe
E_local_gate_n33_tt_l2e-6_w2e-5_dc_iprobe_tt_off,0.880000,0.880000,0.000000,-100.0000,0.884261,iprobe
E_local_gate_n33_tt_l2e-6_w2e-5_dc_iprobe_tt_off,0.900000,0.900000,0.000000,-100.0000,0.884261,iprobe
E_local_gate_n33_tt_l2e-6_w2e-5_dc_iprobe_tt_off,0.920000,0.920000,0.000000,-100.0000,0.884261,iprobe
E_local_gate_n33_tt_l2e-6_w2e-5_dc_iprobe_tt_off,0.940000,0.940000,0.000000,-100.0000,0.884261,iprobe
E_local_gate_n33_tt_l2e-6_w2e-5_dc_iprobe_tt_off,0.960000,0.960000,0.000000,-100.0000,0.884261,iprobe
E_local_gate_n33_tt_l2e-6_w2e-5_dc_iprobe_tt_off,0.980000,0.980000,0.000001,-100.0000,0.884261,iprobe
E_local_gate_n33_tt_l2e-6_w2e-5_dc_iprobe_tt_off,1.000000,1.000000,0.000001,-100.0000,0.884261,iprobe
E_local_gate_n33_tt_l2e-6_w2e-5_dc_iprobe_tt_off,1.020000,1.020000,0.000001,-100.0000,0.884261,iprobe
E_local_gate_n33_tt_l2e-6_w2e-5_dc_iprobe_tt_off,1.040000,1.040000,0.000001,-100.0000,0.884261,iprobe
E_local_gate_n33_tt_l2e-6_w2e-5_dc_iprobe_tt_off,1.060000,1.060000,0.000001,-100.0000,0.884261,iprobe
E_local_gate_n33_tt_l2e-6_w2e-5_dc_iprobe_tt_off,1.080000,1.080000,0.000001,-100.0000,0.884261,iprobe
E_local_gate_n33_tt_l2e-6_w2e-5_dc_iprobe_tt_off,1.100000,1.100000,0.000001,-100.0000,0.884261,iprobe
E_local_gate_n33_tt_l2e-6_w2e-5_dc_iprobe_tt_off,1.120000,1.120000,0.000001,-100.0000,0.884261,iprobe
E_local_gate_n33_tt_l2e-6_w2e-5_dc_iprobe_tt_off,1.140000,1.140000,0.000001,-100.0000,0.884261,iprobe
E_local_gate_n33_tt_l2e-6_w2e-5_dc_iprobe_tt_off,1.160000,1.160000,0.000001,-100.0000,0.884261,iprobe
E_local_gate_n33_tt_l2e-6_w2e-5_dc_iprobe_tt_off,1.180000,1.180000,0.000001,-100.0000,0.884261,iprobe
E_local_gate_n33_tt_l2e-6_w2e-5_dc_iprobe_tt_off,1.200000,1.200000,0.000001,-100.0000,0.884261,iprobe
E_local_gate_n33_tt_l2e-6_w2e-5_dc_iprobe_tt_off,1.220000,1.220000,0.000001,-100.0000,0.884261,iprobe
E_local_gate_n33_tt_l2e-6_w2e-5_dc_iprobe_tt_off,1.240000,1.240000,0.000001,-100.0000,0.884261,iprobe
E_local_gate_n33_tt_l2e-6_w2e-5_dc_iprobe_tt_off,1.260000,1.260000,0.000001,-100.0000,0.884261,iprobe
E_local_gate_n33_tt_l2e-6_w2e-5_dc_iprobe_tt_off,1.280000,1.280000,0.000001,-100.0000,0.884261,iprobe
E_local_gate_n33_tt_l2e-6_w2e-5_dc_iprobe_tt_off,1.300000,1.300000,0.000001,-100.0000,0.884261,iprobe
E_local_gate_n33_tt_l2e-6_w2e-5_dc_iprobe_tt_off,1.320000,1.320000,0.000001,-100.0000,0.884261,iprobe
E_local_gate_n33_tt_l2e-6_w2e-5_dc_iprobe_tt_off,1.340000,1.340000,0.000001,-100.0000,0.884261,iprobe
E_local_gate_n33_tt_l2e-6_w2e-5_dc_iprobe_tt_off,1.360000,1.360000,0.000001,-100.0000,0.884261,iprobe
E_local_gate_n33_tt_l2e-6_w2e-5_dc_iprobe_tt_off,1.380000,1.380000,0.000001,-100.0000,0.884261,iprobe
E_local_gate_n33_tt_l2e-6_w2e-5_dc_iprobe_tt_off,1.400000,1.400000,0.000001,-100.0000,0.884261,iprobe
E_local_gate_n33_tt_l2e-6_w2e-5_dc_iprobe_tt_off,1.420000,1.420000,0.000001,-100.0000,0.884261,iprobe
E_local_gate_n33_tt_l2e-6_w2e-5_dc_iprobe_tt_off,1.440000,1.440000,0.000001,-100.0000,0.884261,iprobe
E_local_gate_n33_tt_l2e-6_w2e-5_dc_iprobe_tt_off,1.460000,1.460000,0.000001,-100.0000,0.884261,iprobe
E_local_gate_n33_tt_l2e-6_w2e-5_dc_iprobe_tt_off,1.480000,1.480000,0.000001,-100.0000,0.884261,iprobe
E_local_gate_n33_tt_l2e-6_w2e-5_dc_iprobe_tt_off,1.500000,1.500000,0.000001,-100.0000,0.884261,iprobe
E_local_gate_n33_tt_l2e-6_w2e-5_dc_iprobe_tt_off,1.520000,1.520000,0.000001,-100.0000,0.884261,iprobe
E_local_gate_n33_tt_l2e-6_w2e-5_dc_iprobe_tt_off,1.540000,1.540000,0.000001,-100.0000,0.884261,iprobe
E_local_gate_n33_tt_l2e-6_w2e-5_dc_iprobe_tt_off,1.560000,1.560000,0.000001,-100.0000,0.884261,iprobe
E_local_gate_n33_tt_l2e-6_w2e-5_dc_iprobe_tt_off,1.580000,1.580000,0.000001,-100.0000,0.884261,iprobe
E_local_gate_n33_tt_l2e-6_w2e-5_dc_iprobe_tt_off,1.600000,1.600000,0.000001,-100.0000,0.884261,iprobe
E_local_gate_n33_tt_l2e-6_w2e-5_dc_iprobe_tt_off,1.620000,1.620000,0.000001,-100.0000,0.884261,iprobe
E_local_gate_n33_tt_l2e-6_w2e-5_dc_iprobe_tt_off,1.640000,1.640000,0.000001,-100.0000,0.884261,iprobe
E_local_gate_n33_tt_l2e-6_w2e-5_dc_iprobe_tt_off,1.660000,1.660000,0.000001,-100.0000,0.884261,iprobe
E_local_gate_n33_tt_l2e-6_w2e-5_dc_iprobe_tt_off,1.680000,1.680000,0.000001,-100.0000,0.884261,iprobe
E_local_gate_n33_tt_l2e-6_w2e-5_dc_iprobe_tt_off,1.700000,1.700000,0.000001,-100.0000,0.884261,iprobe
E_local_gate_n33_tt_l2e-6_w2e-5_dc_iprobe_tt_off,1.720000,1.720000,0.000001,-100.0000,0.884261,iprobe
E_local_gate_n33_tt_l2e-6_w2e-5_dc_iprobe_tt_off,1.740000,1.740000,0.000001,-100.0000,0.884261,iprobe
E_local_gate_n33_tt_l2e-6_w2e-5_dc_iprobe_tt_off,1.760000,1.760000,0.000001,-100.0000,0.884261,iprobe
E_local_gate_n33_tt_l2e-6_w2e-5_dc_iprobe_tt_off,1.780000,1.780000,0.000001,-100.0000,0.884261,iprobe
E_local_gate_n33_tt_l2e-6_w2e-5_dc_iprobe_tt_off,1.800000,1.800000,0.000001,-100.0000,0.884261,iprobe
E_local_gate_n33_tt_l2e-6_w2e-5_dc_iprobe_tt_off,1.820000,1.820000,0.000001,-100.0000,0.884261,iprobe
E_local_gate_n33_tt_l2e-6_w2e-5_dc_iprobe_tt_off,1.840000,1.840000,0.000001,-100.0000,0.884261,iprobe
E_local_gate_n33_tt_l2e-6_w2e-5_dc_iprobe_tt_off,1.860000,1.860000,0.000001,-100.0000,0.884261,iprobe
E_local_gate_n33_tt_l2e-6_w2e-5_dc_iprobe_tt_off,1.880000,1.880000,0.000001,-100.0000,0.884261,iprobe
E_local_gate_n33_tt_l2e-6_w2e-5_dc_iprobe_tt_off,1.900000,1.900000,0.000001,-100.0000,0.884261,iprobe
E_local_gate_n33_tt_l2e-6_w2e-5_dc_iprobe_tt_off,1.920000,1.920000,0.000001,-100.0000,0.884261,iprobe
E_local_gate_n33_tt_l2e-6_w2e-5_dc_iprobe_tt_off,1.940000,1.940000,0.000001,-100.0000,0.884261,iprobe
E_local_gate_n33_tt_l2e-6_w2e-5_dc_iprobe_tt_off,1.960000,1.960000,0.000001,-100.0000,0.884261,iprobe
E_local_gate_n33_tt_l2e-6_w2e-5_dc_iprobe_tt_off,1.980000,1.980000,0.000001,-100.0000,0.884261,iprobe
E_local_gate_n33_tt_l2e-6_w2e-5_dc_iprobe_tt_off,2.000000,2.000000,0.000001,-100.0000,0.884261,iprobe
E_local_gate_n33_tt_l2e-6_w2e-5_dc_iprobe_tt_off,2.020000,2.020000,0.000001,-100.0000,0.884261,iprobe
E_local_gate_n33_tt_l2e-6_w2e-5_dc_iprobe_tt_off,2.040000,2.040000,0.000001,-100.0000,0.884261,iprobe
E_local_gate_n33_tt_l2e-6_w2e-5_dc_iprobe_tt_off,2.060000,2.060000,0.000001,-100.0000,0.884261,iprobe
E_local_gate_n33_tt_l2e-6_w2e-5_dc_iprobe_tt_off,2.080000,2.080000,0.000001,-100.0000,0.884261,iprobe
E_local_gate_n33_tt_l2e-6_w2e-5_dc_iprobe_tt_off,2.100000,2.100000,0.000001,-100.0000,0.884261,iprobe
E_local_gate_n33_tt_l2e-6_w2e-5_dc_iprobe_tt_off,2.120000,2.120000,0.000001,-100.0000,0.884261,iprobe
E_local_gate_n33_tt_l2e-6_w2e-5_dc_iprobe_tt_off,2.140000,2.140000,0.000001,-100.0000,0.884261,iprobe
E_local_gate_n33_tt_l2e-6_w2e-5_dc_iprobe_tt_off,2.160000,2.160000,0.000002,-100.0000,0.884261,iprobe
E_local_gate_n33_tt_l2e-6_w2e-5_dc_iprobe_tt_off,2.180000,2.180000,0.000002,-100.0000,0.884261,iprobe
E_local_gate_n33_tt_l2e-6_w2e-5_dc_iprobe_tt_off,2.200000,2.200000,0.000002,-100.0000,0.884261,iprobe
E_local_gate_n33_tt_l2e-6_w2e-5_dc_iprobe_tt_off,2.220000,2.220000,0.000002,-100.0000,0.884261,iprobe
E_local_gate_n33_tt_l2e-6_w2e-5_dc_iprobe_tt_off,2.240000,2.240000,0.000002,-100.0000,0.884261,iprobe
E_local_gate_n33_tt_l2e-6_w2e-5_dc_iprobe_tt_off,2.260000,2.260000,0.000002,-100.0000,0.884261,iprobe
E_local_gate_n33_tt_l2e-6_w2e-5_dc_iprobe_tt_off,2.280000,2.280000,0.000002,-100.0000,0.884261,iprobe
E_local_gate_n33_tt_l2e-6_w2e-5_dc_iprobe_tt_off,2.300000,2.300000,0.000002,-100.0000,0.884261,iprobe
E_local_gate_n33_tt_l2e-6_w2e-5_dc_iprobe_tt_off,2.320000,2.320000,0.000002,-100.0000,0.884261,iprobe
E_local_gate_n33_tt_l2e-6_w2e-5_dc_iprobe_tt_off,2.340000,2.340000,0.000002,-100.0000,0.884261,iprobe
E_local_gate_n33_tt_l2e-6_w2e-5_dc_iprobe_tt_off,2.360000,2.360000,0.000002,-100.0000,0.884261,iprobe
E_local_gate_n33_tt_l2e-6_w2e-5_dc_iprobe_tt_off,2.380000,2.380000,0.000002,-100.0000,0.884261,iprobe
E_local_gate_n33_tt_l2e-6_w2e-5_dc_iprobe_tt_off,2.400000,2.400000,0.000002,-100.0000,0.884261,iprobe
E_local_gate_n33_tt_l2e-6_w2e-5_dc_iprobe_tt_off,2.420000,2.420000,0.000002,-100.0000,0.884261,iprobe
E_local_gate_n33_tt_l2e-6_w2e-5_dc_iprobe_tt_off,2.440000,2.440000,0.000002,-100.0000,0.884261,iprobe
E_local_gate_n33_tt_l2e-6_w2e-5_dc_iprobe_tt_off,2.460000,2.460000,0.000002,-100.0000,0.884261,iprobe
E_local_gate_n33_tt_l2e-6_w2e-5_dc_iprobe_tt_off,2.480000,2.480000,0.000002,-100.0000,0.884261,iprobe
E_local_gate_n33_tt_l2e-6_w2e-5_dc_iprobe_tt_off,2.500000,2.500000,0.000002,-100.0000,0.884261,iprobe
E_local_gate_n33_tt_l2e-6_w2e-5_dc_iprobe_tt_off,2.520000,2.520000,0.000002,-100.0000,0.884261,iprobe
E_local_gate_n33_tt_l2e-6_w2e-5_dc_iprobe_tt_off,2.540000,2.540000,0.000002,-100.0000,0.884261,iprobe
E_local_gate_n33_tt_l2e-6_w2e-5_dc_iprobe_tt_off,2.560000,2.560000,0.000002,-100.0000,0.884261,iprobe
E_local_gate_n33_tt_l2e-6_w2e-5_dc_iprobe_tt_off,2.580000,2.580000,0.000002,-100.0000,0.884261,iprobe
E_local_gate_n33_tt_l2e-6_w2e-5_dc_iprobe_tt_off,2.600000,2.600000,0.000002,-100.0000,0.884261,iprobe
E_local_gate_n33_tt_l2e-6_w2e-5_dc_iprobe_tt_off,2.620000,2.620000,0.000002,-100.0000,0.884261,iprobe
E_local_gate_n33_tt_l2e-6_w2e-5_dc_iprobe_tt_off,2.640000,2.640000,0.000002,-100.0000,0.884261,iprobe
E_local_gate_n33_tt_l2e-6_w2e-5_dc_iprobe_tt_off,2.660000,2.660000,0.000002,-100.0000,0.884261,iprobe
E_local_gate_n33_tt_l2e-6_w2e-5_dc_iprobe_tt_off,2.680000,2.680000,0.000002,-100.0000,0.884261,iprobe
E_local_gate_n33_tt_l2e-6_w2e-5_dc_iprobe_tt_off,2.700000,2.700000,0.000003,-100.0000,0.884261,iprobe
E_local_gate_n33_tt_l2e-6_w2e-5_dc_iprobe_tt_off,2.720000,2.720000,0.000003,-100.0000,0.884261,iprobe
E_local_gate_n33_tt_l2e-6_w2e-5_dc_iprobe_tt_off,2.740000,2.740000,0.000003,-100.0000,0.884261,iprobe
E_local_gate_n33_tt_l2e-6_w2e-5_dc_iprobe_tt_off,2.760000,2.760000,0.000003,-100.0000,0.884261,iprobe
E_local_gate_n33_tt_l2e-6_w2e-5_dc_iprobe_tt_off,2.780000,2.780000,0.000003,-100.0000,0.884261,iprobe
E_local_gate_n33_tt_l2e-6_w2e-5_dc_iprobe_tt_off,2.800000,2.800000,0.000003,-100.0000,0.884261,iprobe
E_local_gate_n33_tt_l2e-6_w2e-5_dc_iprobe_tt_off,2.820000,2.820000,0.000003,-100.0000,0.884261,iprobe
E_local_gate_n33_tt_l2e-6_w2e-5_dc_iprobe_tt_off,2.840000,2.840000,0.000003,-100.0000,0.884261,iprobe
E_local_gate_n33_tt_l2e-6_w2e-5_dc_iprobe_tt_off,2.860000,2.860000,0.000003,-100.0000,0.884261,iprobe
E_local_gate_n33_tt_l2e-6_w2e-5_dc_iprobe_tt_off,2.880000,2.880000,0.000003,-100.0000,0.884261,iprobe
E_local_gate_n33_tt_l2e-6_w2e-5_dc_iprobe_tt_off,2.900000,2.900000,0.000003,-100.0000,0.884261,iprobe
E_local_gate_n33_tt_l2e-6_w2e-5_dc_iprobe_tt_off,2.920000,2.920000,0.000003,-100.0000,0.884261,iprobe
E_local_gate_n33_tt_l2e-6_w2e-5_dc_iprobe_tt_off,2.940000,2.940000,0.000003,-100.0000,0.884261,iprobe
E_local_gate_n33_tt_l2e-6_w2e-5_dc_iprobe_tt_off,2.960000,2.960000,0.000003,-100.0000,0.884261,iprobe
E_local_gate_n33_tt_l2e-6_w2e-5_dc_iprobe_tt_off,2.980000,2.980000,0.000003,-100.0000,0.884261,iprobe
E_local_gate_n33_tt_l2e-6_w2e-5_dc_iprobe_tt_off,3.000000,3.000000,0.000003,-100.0000,0.884261,iprobe
E_local_gate_n33_tt_l2e-6_w2e-5_dc_iprobe_tt_off,3.020000,3.020000,0.000003,-100.0000,0.884261,iprobe
E_local_gate_n33_tt_l2e-6_w2e-5_dc_iprobe_tt_off,3.040000,3.040000,0.000004,-100.0000,0.884261,iprobe
E_local_gate_n33_tt_l2e-6_w2e-5_dc_iprobe_tt_off,3.060000,3.060000,0.000004,-100.0000,0.884261,iprobe
E_local_gate_n33_tt_l2e-6_w2e-5_dc_iprobe_tt_off,3.080000,3.080000,0.000004,-100.0000,0.884261,iprobe
E_local_gate_n33_tt_l2e-6_w2e-5_dc_iprobe_tt_off,3.100000,3.100000,0.000004,-100.0000,0.884261,iprobe
E_local_gate_n33_tt_l2e-6_w2e-5_dc_iprobe_tt_off,3.120000,3.120000,0.000004,-100.0000,0.884261,iprobe
E_local_gate_n33_tt_l2e-6_w2e-5_dc_iprobe_tt_off,3.140000,3.140000,0.000004,-100.0000,0.884261,iprobe
E_local_gate_n33_tt_l2e-6_w2e-5_dc_iprobe_tt_off,3.160000,3.160000,0.000004,-100.0000,0.884261,iprobe
E_local_gate_n33_tt_l2e-6_w2e-5_dc_iprobe_tt_off,3.180000,3.180000,0.000004,-100.0000,0.884261,iprobe
E_local_gate_n33_tt_l2e-6_w2e-5_dc_iprobe_tt_off,3.200000,3.200000,0.000004,-100.0000,0.884261,iprobe
E_local_gate_n33_tt_l2e-6_w2e-5_dc_iprobe_tt_off,3.220000,3.220000,0.000004,-100.0000,0.884261,iprobe
E_local_gate_n33_tt_l2e-6_w2e-5_dc_iprobe_tt_off,3.240000,3.240000,0.000004,-100.0000,0.884261,iprobe
E_local_gate_n33_tt_l2e-6_w2e-5_dc_iprobe_tt_off,3.260000,3.260000,0.000004,-100.0000,0.884261,iprobe
E_local_gate_n33_tt_l2e-6_w2e-5_dc_iprobe_tt_off,3.280000,3.280000,0.000004,-100.0000,0.884261,iprobe
E_local_gate_n33_tt_l2e-6_w2e-5_dc_iprobe_tt_off,3.300000,3.300000,0.000005,-100.0000,0.884261,iprobe
Ebodyfix_tt_off,0.000000,0.000000,-0.000000,-100.0000,0.884277,iprobe
Ebodyfix_tt_off,0.020000,0.020000,0.000000,-100.0000,0.884261,iprobe
Ebodyfix_tt_off,0.040000,0.040000,0.000000,-100.0000,0.884261,iprobe
Ebodyfix_tt_off,0.060000,0.060000,0.000000,-100.0000,0.884261,iprobe
Ebodyfix_tt_off,0.080000,0.080000,0.000000,-100.0000,0.884261,iprobe
Ebodyfix_tt_off,0.100000,0.100000,0.000000,-100.0000,0.884261,iprobe
Ebodyfix_tt_off,0.120000,0.120000,0.000000,-100.0000,0.884261,iprobe
Ebodyfix_tt_off,0.140000,0.140000,0.000000,-100.0000,0.884261,iprobe
Ebodyfix_tt_off,0.160000,0.160000,0.000000,-100.0000,0.884261,iprobe
Ebodyfix_tt_off,0.180000,0.180000,0.000000,-100.0000,0.884261,iprobe
Ebodyfix_tt_off,0.200000,0.200000,0.000000,-100.0000,0.884261,iprobe
Ebodyfix_tt_off,0.220000,0.220000,0.000000,-100.0000,0.884261,iprobe
Ebodyfix_tt_off,0.240000,0.240000,0.000000,-100.0000,0.884261,iprobe
Ebodyfix_tt_off,0.260000,0.260000,0.000000,-100.0000,0.884261,iprobe
Ebodyfix_tt_off,0.280000,0.280000,0.000000,-100.0000,0.884261,iprobe
Ebodyfix_tt_off,0.300000,0.300000,0.000000,-100.0000,0.884261,iprobe
Ebodyfix_tt_off,0.320000,0.320000,0.000000,-100.0000,0.884261,iprobe
Ebodyfix_tt_off,0.340000,0.340000,0.000000,-100.0000,0.884261,iprobe
Ebodyfix_tt_off,0.360000,0.360000,0.000000,-100.0000,0.884261,iprobe
Ebodyfix_tt_off,0.380000,0.380000,0.000000,-100.0000,0.884261,iprobe
Ebodyfix_tt_off,0.400000,0.400000,0.000000,-100.0000,0.884261,iprobe
Ebodyfix_tt_off,0.420000,0.420000,0.000000,-100.0000,0.884261,iprobe
Ebodyfix_tt_off,0.440000,0.440000,0.000000,-100.0000,0.884261,iprobe
Ebodyfix_tt_off,0.460000,0.460000,0.000000,-100.0000,0.884261,iprobe
Ebodyfix_tt_off,0.480000,0.480000,0.000000,-100.0000,0.884261,iprobe
Ebodyfix_tt_off,0.500000,0.500000,0.000000,-100.0000,0.884261,iprobe
Ebodyfix_tt_off,0.520000,0.520000,0.000000,-100.0000,0.884261,iprobe
Ebodyfix_tt_off,0.540000,0.540000,0.000000,-100.0000,0.884261,iprobe
Ebodyfix_tt_off,0.560000,0.560000,0.000000,-100.0000,0.884261,iprobe
Ebodyfix_tt_off,0.580000,0.580000,0.000000,-100.0000,0.884261,iprobe
Ebodyfix_tt_off,0.600000,0.600000,0.000000,-100.0000,0.884261,iprobe
Ebodyfix_tt_off,0.620000,0.620000,0.000000,-100.0000,0.884261,iprobe
Ebodyfix_tt_off,0.640000,0.640000,0.000000,-100.0000,0.884261,iprobe
Ebodyfix_tt_off,0.660000,0.660000,0.000000,-100.0000,0.884261,iprobe
Ebodyfix_tt_off,0.680000,0.680000,0.000000,-100.0000,0.884261,iprobe
Ebodyfix_tt_off,0.700000,0.700000,0.000000,-100.0000,0.884261,iprobe
Ebodyfix_tt_off,0.720000,0.720000,0.000000,-100.0000,0.884261,iprobe
Ebodyfix_tt_off,0.740000,0.740000,0.000000,-100.0000,0.884261,iprobe
Ebodyfix_tt_off,0.760000,0.760000,0.000000,-100.0000,0.884261,iprobe
Ebodyfix_tt_off,0.780000,0.780000,0.000000,-100.0000,0.884261,iprobe
Ebodyfix_tt_off,0.800000,0.800000,0.000000,-100.0000,0.884261,iprobe
Ebodyfix_tt_off,0.820000,0.820000,0.000000,-100.0000,0.884261,iprobe
Ebodyfix_tt_off,0.840000,0.840000,0.000000,-100.0000,0.884261,iprobe
Ebodyfix_tt_off,0.860000,0.860000,0.000000,-100.0000,0.884261,iprobe
Ebodyfix_tt_off,0.880000,0.880000,0.000000,-100.0000,0.884261,iprobe
Ebodyfix_tt_off,0.900000,0.900000,0.000000,-100.0000,0.884261,iprobe
Ebodyfix_tt_off,0.920000,0.920000,0.000000,-100.0000,0.884261,iprobe
Ebodyfix_tt_off,0.940000,0.940000,0.000000,-100.0000,0.884261,iprobe
Ebodyfix_tt_off,0.960000,0.960000,0.000000,-100.0000,0.884261,iprobe
Ebodyfix_tt_off,0.980000,0.980000,0.000001,-100.0000,0.884261,iprobe
Ebodyfix_tt_off,1.000000,1.000000,0.000001,-100.0000,0.884261,iprobe
Ebodyfix_tt_off,1.020000,1.020000,0.000001,-100.0000,0.884261,iprobe
Ebodyfix_tt_off,1.040000,1.040000,0.000001,-100.0000,0.884261,iprobe
Ebodyfix_tt_off,1.060000,1.060000,0.000001,-100.0000,0.884261,iprobe
Ebodyfix_tt_off,1.080000,1.080000,0.000001,-100.0000,0.884261,iprobe
Ebodyfix_tt_off,1.100000,1.100000,0.000001,-100.0000,0.884261,iprobe
Ebodyfix_tt_off,1.120000,1.120000,0.000001,-100.0000,0.884261,iprobe
Ebodyfix_tt_off,1.140000,1.140000,0.000001,-100.0000,0.884261,iprobe
Ebodyfix_tt_off,1.160000,1.160000,0.000001,-100.0000,0.884261,iprobe
Ebodyfix_tt_off,1.180000,1.180000,0.000001,-100.0000,0.884261,iprobe
Ebodyfix_tt_off,1.200000,1.200000,0.000001,-100.0000,0.884261,iprobe
Ebodyfix_tt_off,1.220000,1.220000,0.000001,-100.0000,0.884261,iprobe
Ebodyfix_tt_off,1.240000,1.240000,0.000001,-100.0000,0.884261,iprobe
Ebodyfix_tt_off,1.260000,1.260000,0.000001,-100.0000,0.884261,iprobe
Ebodyfix_tt_off,1.280000,1.280000,0.000001,-100.0000,0.884261,iprobe
Ebodyfix_tt_off,1.300000,1.300000,0.000001,-100.0000,0.884261,iprobe
Ebodyfix_tt_off,1.320000,1.320000,0.000001,-100.0000,0.884261,iprobe
Ebodyfix_tt_off,1.340000,1.340000,0.000001,-100.0000,0.884261,iprobe
Ebodyfix_tt_off,1.360000,1.360000,0.000001,-100.0000,0.884261,iprobe
Ebodyfix_tt_off,1.380000,1.380000,0.000001,-100.0000,0.884261,iprobe
Ebodyfix_tt_off,1.400000,1.400000,0.000001,-100.0000,0.884261,iprobe
Ebodyfix_tt_off,1.420000,1.420000,0.000001,-100.0000,0.884261,iprobe
Ebodyfix_tt_off,1.440000,1.440000,0.000001,-100.0000,0.884261,iprobe
Ebodyfix_tt_off,1.460000,1.460000,0.000001,-100.0000,0.884261,iprobe
Ebodyfix_tt_off,1.480000,1.480000,0.000001,-100.0000,0.884261,iprobe
Ebodyfix_tt_off,1.500000,1.500000,0.000001,-100.0000,0.884261,iprobe
Ebodyfix_tt_off,1.520000,1.520000,0.000001,-100.0000,0.884261,iprobe
Ebodyfix_tt_off,1.540000,1.540000,0.000001,-100.0000,0.884261,iprobe
Ebodyfix_tt_off,1.560000,1.560000,0.000001,-100.0000,0.884261,iprobe
Ebodyfix_tt_off,1.580000,1.580000,0.000001,-100.0000,0.884261,iprobe
Ebodyfix_tt_off,1.600000,1.600000,0.000001,-100.0000,0.884261,iprobe
Ebodyfix_tt_off,1.620000,1.620000,0.000001,-100.0000,0.884261,iprobe
Ebodyfix_tt_off,1.640000,1.640000,0.000001,-100.0000,0.884261,iprobe
Ebodyfix_tt_off,1.660000,1.660000,0.000001,-100.0000,0.884261,iprobe
Ebodyfix_tt_off,1.680000,1.680000,0.000001,-100.0000,0.884261,iprobe
Ebodyfix_tt_off,1.700000,1.700000,0.000001,-100.0000,0.884261,iprobe
Ebodyfix_tt_off,1.720000,1.720000,0.000001,-100.0000,0.884261,iprobe
Ebodyfix_tt_off,1.740000,1.740000,0.000001,-100.0000,0.884261,iprobe
Ebodyfix_tt_off,1.760000,1.760000,0.000001,-100.0000,0.884261,iprobe
Ebodyfix_tt_off,1.780000,1.780000,0.000001,-100.0000,0.884261,iprobe
Ebodyfix_tt_off,1.800000,1.800000,0.000001,-100.0000,0.884261,iprobe
Ebodyfix_tt_off,1.820000,1.820000,0.000001,-100.0000,0.884261,iprobe
Ebodyfix_tt_off,1.840000,1.840000,0.000001,-100.0000,0.884261,iprobe
Ebodyfix_tt_off,1.860000,1.860000,0.000001,-100.0000,0.884261,iprobe
Ebodyfix_tt_off,1.880000,1.880000,0.000001,-100.0000,0.884261,iprobe
Ebodyfix_tt_off,1.900000,1.900000,0.000001,-100.0000,0.884261,iprobe
Ebodyfix_tt_off,1.920000,1.920000,0.000001,-100.0000,0.884261,iprobe
Ebodyfix_tt_off,1.940000,1.940000,0.000001,-100.0000,0.884261,iprobe
Ebodyfix_tt_off,1.960000,1.960000,0.000001,-100.0000,0.884261,iprobe
Ebodyfix_tt_off,1.980000,1.980000,0.000001,-100.0000,0.884261,iprobe
Ebodyfix_tt_off,2.000000,2.000000,0.000001,-100.0000,0.884261,iprobe
Ebodyfix_tt_off,2.020000,2.020000,0.000001,-100.0000,0.884261,iprobe
Ebodyfix_tt_off,2.040000,2.040000,0.000001,-100.0000,0.884261,iprobe
Ebodyfix_tt_off,2.060000,2.060000,0.000001,-100.0000,0.884261,iprobe
Ebodyfix_tt_off,2.080000,2.080000,0.000001,-100.0000,0.884261,iprobe
Ebodyfix_tt_off,2.100000,2.100000,0.000001,-100.0000,0.884261,iprobe
Ebodyfix_tt_off,2.120000,2.120000,0.000001,-100.0000,0.884261,iprobe
Ebodyfix_tt_off,2.140000,2.140000,0.000001,-100.0000,0.884261,iprobe
Ebodyfix_tt_off,2.160000,2.160000,0.000002,-100.0000,0.884261,iprobe
Ebodyfix_tt_off,2.180000,2.180000,0.000002,-100.0000,0.884261,iprobe
Ebodyfix_tt_off,2.200000,2.200000,0.000002,-100.0000,0.884261,iprobe
Ebodyfix_tt_off,2.220000,2.220000,0.000002,-100.0000,0.884261,iprobe
Ebodyfix_tt_off,2.240000,2.240000,0.000002,-100.0000,0.884261,iprobe
Ebodyfix_tt_off,2.260000,2.260000,0.000002,-100.0000,0.884261,iprobe
Ebodyfix_tt_off,2.280000,2.280000,0.000002,-100.0000,0.884261,iprobe
Ebodyfix_tt_off,2.300000,2.300000,0.000002,-100.0000,0.884261,iprobe
Ebodyfix_tt_off,2.320000,2.320000,0.000002,-100.0000,0.884261,iprobe
Ebodyfix_tt_off,2.340000,2.340000,0.000002,-100.0000,0.884261,iprobe
Ebodyfix_tt_off,2.360000,2.360000,0.000002,-100.0000,0.884261,iprobe
Ebodyfix_tt_off,2.380000,2.380000,0.000002,-100.0000,0.884261,iprobe
Ebodyfix_tt_off,2.400000,2.400000,0.000002,-100.0000,0.884261,iprobe
Ebodyfix_tt_off,2.420000,2.420000,0.000002,-100.0000,0.884261,iprobe
Ebodyfix_tt_off,2.440000,2.440000,0.000002,-100.0000,0.884261,iprobe
Ebodyfix_tt_off,2.460000,2.460000,0.000002,-100.0000,0.884261,iprobe
Ebodyfix_tt_off,2.480000,2.480000,0.000002,-100.0000,0.884261,iprobe
Ebodyfix_tt_off,2.500000,2.500000,0.000002,-100.0000,0.884261,iprobe
Ebodyfix_tt_off,2.520000,2.520000,0.000002,-100.0000,0.884261,iprobe
Ebodyfix_tt_off,2.540000,2.540000,0.000002,-100.0000,0.884261,iprobe
Ebodyfix_tt_off,2.560000,2.560000,0.000002,-100.0000,0.884261,iprobe
Ebodyfix_tt_off,2.580000,2.580000,0.000002,-100.0000,0.884261,iprobe
Ebodyfix_tt_off,2.600000,2.600000,0.000002,-100.0000,0.884261,iprobe
Ebodyfix_tt_off,2.620000,2.620000,0.000002,-100.0000,0.884261,iprobe
Ebodyfix_tt_off,2.640000,2.640000,0.000002,-100.0000,0.884261,iprobe
Ebodyfix_tt_off,2.660000,2.660000,0.000002,-100.0000,0.884261,iprobe
Ebodyfix_tt_off,2.680000,2.680000,0.000002,-100.0000,0.884261,iprobe
Ebodyfix_tt_off,2.700000,2.700000,0.000003,-100.0000,0.884261,iprobe
Ebodyfix_tt_off,2.720000,2.720000,0.000003,-100.0000,0.884261,iprobe
Ebodyfix_tt_off,2.740000,2.740000,0.000003,-100.0000,0.884261,iprobe
Ebodyfix_tt_off,2.760000,2.760000,0.000003,-100.0000,0.884261,iprobe
Ebodyfix_tt_off,2.780000,2.780000,0.000003,-100.0000,0.884261,iprobe
Ebodyfix_tt_off,2.800000,2.800000,0.000003,-100.0000,0.884261,iprobe
Ebodyfix_tt_off,2.820000,2.820000,0.000003,-100.0000,0.884261,iprobe
Ebodyfix_tt_off,2.840000,2.840000,0.000003,-100.0000,0.884261,iprobe
Ebodyfix_tt_off,2.860000,2.860000,0.000003,-100.0000,0.884261,iprobe
Ebodyfix_tt_off,2.880000,2.880000,0.000003,-100.0000,0.884261,iprobe
Ebodyfix_tt_off,2.900000,2.900000,0.000003,-100.0000,0.884261,iprobe
Ebodyfix_tt_off,2.920000,2.920000,0.000003,-100.0000,0.884261,iprobe
Ebodyfix_tt_off,2.940000,2.940000,0.000003,-100.0000,0.884261,iprobe
Ebodyfix_tt_off,2.960000,2.960000,0.000003,-100.0000,0.884261,iprobe
Ebodyfix_tt_off,2.980000,2.980000,0.000003,-100.0000,0.884261,iprobe
Ebodyfix_tt_off,3.000000,3.000000,0.000003,-100.0000,0.884261,iprobe
Ebodyfix_tt_off,3.020000,3.020000,0.000003,-100.0000,0.884261,iprobe
Ebodyfix_tt_off,3.040000,3.040000,0.000004,-100.0000,0.884261,iprobe
Ebodyfix_tt_off,3.060000,3.060000,0.000004,-100.0000,0.884261,iprobe
Ebodyfix_tt_off,3.080000,3.080000,0.000004,-100.0000,0.884261,iprobe
Ebodyfix_tt_off,3.100000,3.100000,0.000004,-100.0000,0.884261,iprobe
Ebodyfix_tt_off,3.120000,3.120000,0.000004,-100.0000,0.884261,iprobe
Ebodyfix_tt_off,3.140000,3.140000,0.000004,-100.0000,0.884261,iprobe
Ebodyfix_tt_off,3.160000,3.160000,0.000004,-100.0000,0.884261,iprobe
Ebodyfix_tt_off,3.180000,3.180000,0.000004,-100.0000,0.884261,iprobe
Ebodyfix_tt_off,3.200000,3.200000,0.000004,-100.0000,0.884261,iprobe
Ebodyfix_tt_off,3.220000,3.220000,0.000004,-100.0000,0.884261,iprobe
Ebodyfix_tt_off,3.240000,3.240000,0.000004,-100.0000,0.884261,iprobe
Ebodyfix_tt_off,3.260000,3.260000,0.000004,-100.0000,0.884261,iprobe
Ebodyfix_tt_off,3.280000,3.280000,0.000004,-100.0000,0.884261,iprobe
Ebodyfix_tt_off,3.300000,3.300000,0.000005,-100.0000,0.884261,iprobe
E_local_gate_n33_ss_l2e-6_w2e-5_dc_iprobe_ss_on,0.000000,0.000000,0.000000,-100.0000,0.951269,iprobe
E_local_gate_n33_ss_l2e-6_w2e-5_dc_iprobe_ss_on,0.020000,0.020000,4.096627,-72.6892,0.951269,iprobe
E_local_gate_n33_ss_l2e-6_w2e-5_dc_iprobe_ss_on,0.040000,0.040000,7.541257,-49.7250,0.951269,iprobe
E_local_gate_n33_ss_l2e-6_w2e-5_dc_iprobe_ss_on,0.060000,0.060000,10.311979,-31.2535,0.951269,iprobe
E_local_gate_n33_ss_l2e-6_w2e-5_dc_iprobe_ss_on,0.080000,0.080000,12.382974,-17.4468,0.951269,iprobe
E_local_gate_n33_ss_l2e-6_w2e-5_dc_iprobe_ss_on,0.100000,0.100000,13.728273,-8.4782,0.951269,iprobe
E_local_gate_n33_ss_l2e-6_w2e-5_dc_iprobe_ss_on,0.120000,0.120000,14.365179,-4.2321,0.951269,iprobe
E_local_gate_n33_ss_l2e-6_w2e-5_dc_iprobe_ss_on,0.140000,0.140000,14.545249,-3.0317,0.951269,iprobe
E_local_gate_n33_ss_l2e-6_w2e-5_dc_iprobe_ss_on,0.160000,0.160000,14.605155,-2.6323,0.951269,iprobe
E_local_gate_n33_ss_l2e-6_w2e-5_dc_iprobe_ss_on,0.180000,0.180000,14.640806,-2.3946,0.951269,iprobe
E_local_gate_n33_ss_l2e-6_w2e-5_dc_iprobe_ss_on,0.200000,0.200000,14.667638,-2.2157,0.951269,iprobe
E_local_gate_n33_ss_l2e-6_w2e-5_dc_iprobe_ss_on,0.220000,0.220000,14.689694,-2.0687,0.951269,iprobe
E_local_gate_n33_ss_l2e-6_w2e-5_dc_iprobe_ss_on,0.240000,0.240000,14.708640,-1.9424,0.951269,iprobe
E_local_gate_n33_ss_l2e-6_w2e-5_dc_iprobe_ss_on,0.260000,0.260000,14.725358,-1.8309,0.951269,iprobe
E_local_gate_n33_ss_l2e-6_w2e-5_dc_iprobe_ss_on,0.280000,0.280000,14.740381,-1.7308,0.951269,iprobe
E_local_gate_n33_ss_l2e-6_w2e-5_dc_iprobe_ss_on,0.300000,0.300000,14.754065,-1.6396,0.951269,iprobe
E_local_gate_n33_ss_l2e-6_w2e-5_dc_iprobe_ss_on,0.320000,0.320000,14.766657,-1.5556,0.951269,iprobe
E_local_gate_n33_ss_l2e-6_w2e-5_dc_iprobe_ss_on,0.340000,0.340000,14.778338,-1.4777,0.951269,iprobe
E_local_gate_n33_ss_l2e-6_w2e-5_dc_iprobe_ss_on,0.360000,0.360000,14.789244,-1.4050,0.951269,iprobe
E_local_gate_n33_ss_l2e-6_w2e-5_dc_iprobe_ss_on,0.380000,0.380000,14.799477,-1.3368,0.951269,iprobe
E_local_gate_n33_ss_l2e-6_w2e-5_dc_iprobe_ss_on,0.400000,0.400000,14.809118,-1.2725,0.951269,iprobe
E_local_gate_n33_ss_l2e-6_w2e-5_dc_iprobe_ss_on,0.420000,0.420000,14.818228,-1.2118,0.951269,iprobe
E_local_gate_n33_ss_l2e-6_w2e-5_dc_iprobe_ss_on,0.440000,0.440000,14.826854,-1.1543,0.951269,iprobe
E_local_gate_n33_ss_l2e-6_w2e-5_dc_iprobe_ss_on,0.460000,0.460000,14.835033,-1.0998,0.951269,iprobe
E_local_gate_n33_ss_l2e-6_w2e-5_dc_iprobe_ss_on,0.480000,0.480000,14.842789,-1.0481,0.951269,iprobe
E_local_gate_n33_ss_l2e-6_w2e-5_dc_iprobe_ss_on,0.500000,0.500000,14.850138,-0.9991,0.951269,iprobe
E_local_gate_n33_ss_l2e-6_w2e-5_dc_iprobe_ss_on,0.520000,0.520000,14.857086,-0.9528,0.951269,iprobe
E_local_gate_n33_ss_l2e-6_w2e-5_dc_iprobe_ss_on,0.540000,0.540000,14.863630,-0.9091,0.951269,iprobe
E_local_gate_n33_ss_l2e-6_w2e-5_dc_iprobe_ss_on,0.560000,0.560000,14.869756,-0.8683,0.951269,iprobe
E_local_gate_n33_ss_l2e-6_w2e-5_dc_iprobe_ss_on,0.580000,0.580000,14.875440,-0.8304,0.951269,iprobe
E_local_gate_n33_ss_l2e-6_w2e-5_dc_iprobe_ss_on,0.600000,0.600000,14.880646,-0.7957,0.951269,iprobe
E_local_gate_n33_ss_l2e-6_w2e-5_dc_iprobe_ss_on,0.620000,0.620000,14.885324,-0.7645,0.951269,iprobe
E_local_gate_n33_ss_l2e-6_w2e-5_dc_iprobe_ss_on,0.640000,0.640000,14.889406,-0.7373,0.951269,iprobe
E_local_gate_n33_ss_l2e-6_w2e-5_dc_iprobe_ss_on,0.660000,0.660000,14.892811,-0.7146,0.951269,iprobe
E_local_gate_n33_ss_l2e-6_w2e-5_dc_iprobe_ss_on,0.680000,0.680000,14.895436,-0.6971,0.951269,iprobe
E_local_gate_n33_ss_l2e-6_w2e-5_dc_iprobe_ss_on,0.700000,0.700000,14.897169,-0.6855,0.951269,iprobe
E_local_gate_n33_ss_l2e-6_w2e-5_dc_iprobe_ss_on,0.720000,0.720000,14.897975,-0.6802,0.951269,iprobe
E_local_gate_n33_ss_l2e-6_w2e-5_dc_iprobe_ss_on,0.740000,0.740000,14.898209,-0.6786,0.951269,iprobe
E_local_gate_n33_ss_l2e-6_w2e-5_dc_iprobe_ss_on,0.760000,0.760000,14.898296,-0.6780,0.951269,iprobe
E_local_gate_n33_ss_l2e-6_w2e-5_dc_iprobe_ss_on,0.780000,0.780000,14.898351,-0.6777,0.951269,iprobe
E_local_gate_n33_ss_l2e-6_w2e-5_dc_iprobe_ss_on,0.800000,0.800000,14.898393,-0.6774,0.951269,iprobe
E_local_gate_n33_ss_l2e-6_w2e-5_dc_iprobe_ss_on,0.820000,0.820000,14.898428,-0.6771,0.951269,iprobe
E_local_gate_n33_ss_l2e-6_w2e-5_dc_iprobe_ss_on,0.840000,0.840000,14.898458,-0.6769,0.951269,iprobe
E_local_gate_n33_ss_l2e-6_w2e-5_dc_iprobe_ss_on,0.860000,0.860000,14.898485,-0.6768,0.951269,iprobe
E_local_gate_n33_ss_l2e-6_w2e-5_dc_iprobe_ss_on,0.880000,0.880000,14.898509,-0.6766,0.951269,iprobe
E_local_gate_n33_ss_l2e-6_w2e-5_dc_iprobe_ss_on,0.900000,0.900000,14.898531,-0.6765,0.951269,iprobe
E_local_gate_n33_ss_l2e-6_w2e-5_dc_iprobe_ss_on,0.920000,0.920000,14.898551,-0.6763,0.951269,iprobe
E_local_gate_n33_ss_l2e-6_w2e-5_dc_iprobe_ss_on,0.940000,0.940000,14.898570,-0.6762,0.951269,iprobe
E_local_gate_n33_ss_l2e-6_w2e-5_dc_iprobe_ss_on,0.960000,0.960000,14.898588,-0.6761,0.951269,iprobe
E_local_gate_n33_ss_l2e-6_w2e-5_dc_iprobe_ss_on,0.980000,0.980000,14.898605,-0.6760,0.951269,iprobe
E_local_gate_n33_ss_l2e-6_w2e-5_dc_iprobe_ss_on,1.000000,1.000000,14.898621,-0.6759,0.951269,iprobe
E_local_gate_n33_ss_l2e-6_w2e-5_dc_iprobe_ss_on,1.020000,1.020000,14.898636,-0.6758,0.951269,iprobe
E_local_gate_n33_ss_l2e-6_w2e-5_dc_iprobe_ss_on,1.040000,1.040000,14.898651,-0.6757,0.951269,iprobe
E_local_gate_n33_ss_l2e-6_w2e-5_dc_iprobe_ss_on,1.060000,1.060000,14.898664,-0.6756,0.951269,iprobe
E_local_gate_n33_ss_l2e-6_w2e-5_dc_iprobe_ss_on,1.080000,1.080000,14.898678,-0.6755,0.951269,iprobe
E_local_gate_n33_ss_l2e-6_w2e-5_dc_iprobe_ss_on,1.100000,1.100000,14.898691,-0.6754,0.951269,iprobe
E_local_gate_n33_ss_l2e-6_w2e-5_dc_iprobe_ss_on,1.120000,1.120000,14.898703,-0.6753,0.951269,iprobe
E_local_gate_n33_ss_l2e-6_w2e-5_dc_iprobe_ss_on,1.140000,1.140000,14.898715,-0.6752,0.951269,iprobe
E_local_gate_n33_ss_l2e-6_w2e-5_dc_iprobe_ss_on,1.160000,1.160000,14.898727,-0.6752,0.951269,iprobe
E_local_gate_n33_ss_l2e-6_w2e-5_dc_iprobe_ss_on,1.180000,1.180000,14.898738,-0.6751,0.951269,iprobe
E_local_gate_n33_ss_l2e-6_w2e-5_dc_iprobe_ss_on,1.200000,1.200000,14.898749,-0.6750,0.951269,iprobe
E_local_gate_n33_ss_l2e-6_w2e-5_dc_iprobe_ss_on,1.220000,1.220000,14.898760,-0.6749,0.951269,iprobe
E_local_gate_n33_ss_l2e-6_w2e-5_dc_iprobe_ss_on,1.240000,1.240000,14.898771,-0.6749,0.951269,iprobe
E_local_gate_n33_ss_l2e-6_w2e-5_dc_iprobe_ss_on,1.260000,1.260000,14.898781,-0.6748,0.951269,iprobe
E_local_gate_n33_ss_l2e-6_w2e-5_dc_iprobe_ss_on,1.280000,1.280000,14.898791,-0.6747,0.951269,iprobe
E_local_gate_n33_ss_l2e-6_w2e-5_dc_iprobe_ss_on,1.300000,1.300000,14.898801,-0.6747,0.951269,iprobe
E_local_gate_n33_ss_l2e-6_w2e-5_dc_iprobe_ss_on,1.320000,1.320000,14.898811,-0.6746,0.951269,iprobe
E_local_gate_n33_ss_l2e-6_w2e-5_dc_iprobe_ss_on,1.340000,1.340000,14.898820,-0.6745,0.951269,iprobe
E_local_gate_n33_ss_l2e-6_w2e-5_dc_iprobe_ss_on,1.360000,1.360000,14.898830,-0.6745,0.951269,iprobe
E_local_gate_n33_ss_l2e-6_w2e-5_dc_iprobe_ss_on,1.380000,1.380000,14.898839,-0.6744,0.951269,iprobe
E_local_gate_n33_ss_l2e-6_w2e-5_dc_iprobe_ss_on,1.400000,1.400000,14.898848,-0.6743,0.951269,iprobe
E_local_gate_n33_ss_l2e-6_w2e-5_dc_iprobe_ss_on,1.420000,1.420000,14.898857,-0.6743,0.951269,iprobe
E_local_gate_n33_ss_l2e-6_w2e-5_dc_iprobe_ss_on,1.440000,1.440000,14.898865,-0.6742,0.951269,iprobe
E_local_gate_n33_ss_l2e-6_w2e-5_dc_iprobe_ss_on,1.460000,1.460000,14.898874,-0.6742,0.951269,iprobe
E_local_gate_n33_ss_l2e-6_w2e-5_dc_iprobe_ss_on,1.480000,1.480000,14.898882,-0.6741,0.951269,iprobe
E_local_gate_n33_ss_l2e-6_w2e-5_dc_iprobe_ss_on,1.500000,1.500000,14.898891,-0.6741,0.951269,iprobe
E_local_gate_n33_ss_l2e-6_w2e-5_dc_iprobe_ss_on,1.520000,1.520000,14.898899,-0.6740,0.951269,iprobe
E_local_gate_n33_ss_l2e-6_w2e-5_dc_iprobe_ss_on,1.540000,1.540000,14.898907,-0.6740,0.951269,iprobe
E_local_gate_n33_ss_l2e-6_w2e-5_dc_iprobe_ss_on,1.560000,1.560000,14.898915,-0.6739,0.951269,iprobe
E_local_gate_n33_ss_l2e-6_w2e-5_dc_iprobe_ss_on,1.580000,1.580000,14.898923,-0.6738,0.951269,iprobe
E_local_gate_n33_ss_l2e-6_w2e-5_dc_iprobe_ss_on,1.600000,1.600000,14.898931,-0.6738,0.951269,iprobe
E_local_gate_n33_ss_l2e-6_w2e-5_dc_iprobe_ss_on,1.620000,1.620000,14.898939,-0.6737,0.951269,iprobe
E_local_gate_n33_ss_l2e-6_w2e-5_dc_iprobe_ss_on,1.640000,1.640000,14.898946,-0.6737,0.951269,iprobe
E_local_gate_n33_ss_l2e-6_w2e-5_dc_iprobe_ss_on,1.660000,1.660000,14.898954,-0.6736,0.951269,iprobe
E_local_gate_n33_ss_l2e-6_w2e-5_dc_iprobe_ss_on,1.680000,1.680000,14.898962,-0.6736,0.951269,iprobe
E_local_gate_n33_ss_l2e-6_w2e-5_dc_iprobe_ss_on,1.700000,1.700000,14.898969,-0.6735,0.951269,iprobe
E_local_gate_n33_ss_l2e-6_w2e-5_dc_iprobe_ss_on,1.720000,1.720000,14.898976,-0.6735,0.951269,iprobe
E_local_gate_n33_ss_l2e-6_w2e-5_dc_iprobe_ss_on,1.740000,1.740000,14.898984,-0.6734,0.951269,iprobe
E_local_gate_n33_ss_l2e-6_w2e-5_dc_iprobe_ss_on,1.760000,1.760000,14.898991,-0.6734,0.951269,iprobe
E_local_gate_n33_ss_l2e-6_w2e-5_dc_iprobe_ss_on,1.780000,1.780000,14.898998,-0.6733,0.951269,iprobe
E_local_gate_n33_ss_l2e-6_w2e-5_dc_iprobe_ss_on,1.800000,1.800000,14.899005,-0.6733,0.951269,iprobe
E_local_gate_n33_ss_l2e-6_w2e-5_dc_iprobe_ss_on,1.820000,1.820000,14.899012,-0.6733,0.951269,iprobe
E_local_gate_n33_ss_l2e-6_w2e-5_dc_iprobe_ss_on,1.840000,1.840000,14.899019,-0.6732,0.951269,iprobe
E_local_gate_n33_ss_l2e-6_w2e-5_dc_iprobe_ss_on,1.860000,1.860000,14.899026,-0.6732,0.951269,iprobe
E_local_gate_n33_ss_l2e-6_w2e-5_dc_iprobe_ss_on,1.880000,1.880000,14.899033,-0.6731,0.951269,iprobe
E_local_gate_n33_ss_l2e-6_w2e-5_dc_iprobe_ss_on,1.900000,1.900000,14.899040,-0.6731,0.951269,iprobe
E_local_gate_n33_ss_l2e-6_w2e-5_dc_iprobe_ss_on,1.920000,1.920000,14.899047,-0.6730,0.951269,iprobe
E_local_gate_n33_ss_l2e-6_w2e-5_dc_iprobe_ss_on,1.940000,1.940000,14.899054,-0.6730,0.951269,iprobe
E_local_gate_n33_ss_l2e-6_w2e-5_dc_iprobe_ss_on,1.960000,1.960000,14.899061,-0.6729,0.951269,iprobe
E_local_gate_n33_ss_l2e-6_w2e-5_dc_iprobe_ss_on,1.980000,1.980000,14.899067,-0.6729,0.951269,iprobe
E_local_gate_n33_ss_l2e-6_w2e-5_dc_iprobe_ss_on,2.000000,2.000000,14.899074,-0.6728,0.951269,iprobe
E_local_gate_n33_ss_l2e-6_w2e-5_dc_iprobe_ss_on,2.020000,2.020000,14.899081,-0.6728,0.951269,iprobe
E_local_gate_n33_ss_l2e-6_w2e-5_dc_iprobe_ss_on,2.040000,2.040000,14.899088,-0.6727,0.951269,iprobe
E_local_gate_n33_ss_l2e-6_w2e-5_dc_iprobe_ss_on,2.060000,2.060000,14.899095,-0.6727,0.951269,iprobe
E_local_gate_n33_ss_l2e-6_w2e-5_dc_iprobe_ss_on,2.080000,2.080000,14.899102,-0.6727,0.951269,iprobe
E_local_gate_n33_ss_l2e-6_w2e-5_dc_iprobe_ss_on,2.100000,2.100000,14.899109,-0.6726,0.951269,iprobe
E_local_gate_n33_ss_l2e-6_w2e-5_dc_iprobe_ss_on,2.120000,2.120000,14.899116,-0.6726,0.951269,iprobe
E_local_gate_n33_ss_l2e-6_w2e-5_dc_iprobe_ss_on,2.140000,2.140000,14.899123,-0.6725,0.951269,iprobe
E_local_gate_n33_ss_l2e-6_w2e-5_dc_iprobe_ss_on,2.160000,2.160000,14.899131,-0.6725,0.951269,iprobe
E_local_gate_n33_ss_l2e-6_w2e-5_dc_iprobe_ss_on,2.180000,2.180000,14.899139,-0.6724,0.951269,iprobe
E_local_gate_n33_ss_l2e-6_w2e-5_dc_iprobe_ss_on,2.200000,2.200000,14.899148,-0.6723,0.951269,iprobe
E_local_gate_n33_ss_l2e-6_w2e-5_dc_iprobe_ss_on,2.220000,2.220000,14.899157,-0.6723,0.951269,iprobe
E_local_gate_n33_ss_l2e-6_w2e-5_dc_iprobe_ss_on,2.240000,2.240000,14.899167,-0.6722,0.951269,iprobe
E_local_gate_n33_ss_l2e-6_w2e-5_dc_iprobe_ss_on,2.260000,2.260000,14.899178,-0.6721,0.951269,iprobe
E_local_gate_n33_ss_l2e-6_w2e-5_dc_iprobe_ss_on,2.280000,2.280000,14.899189,-0.6721,0.951269,iprobe
E_local_gate_n33_ss_l2e-6_w2e-5_dc_iprobe_ss_on,2.300000,2.300000,14.899202,-0.6720,0.951269,iprobe
E_local_gate_n33_ss_l2e-6_w2e-5_dc_iprobe_ss_on,2.320000,2.320000,14.899217,-0.6719,0.951269,iprobe
E_local_gate_n33_ss_l2e-6_w2e-5_dc_iprobe_ss_on,2.340000,2.340000,14.899233,-0.6718,0.951269,iprobe
E_local_gate_n33_ss_l2e-6_w2e-5_dc_iprobe_ss_on,2.360000,2.360000,14.899251,-0.6717,0.951269,iprobe
E_local_gate_n33_ss_l2e-6_w2e-5_dc_iprobe_ss_on,2.380000,2.380000,14.899272,-0.6715,0.951269,iprobe
E_local_gate_n33_ss_l2e-6_w2e-5_dc_iprobe_ss_on,2.400000,2.400000,14.899296,-0.6714,0.951269,iprobe
E_local_gate_n33_ss_l2e-6_w2e-5_dc_iprobe_ss_on,2.420000,2.420000,14.899323,-0.6712,0.951269,iprobe
E_local_gate_n33_ss_l2e-6_w2e-5_dc_iprobe_ss_on,2.440000,2.440000,14.899354,-0.6710,0.951269,iprobe
E_local_gate_n33_ss_l2e-6_w2e-5_dc_iprobe_ss_on,2.460000,2.460000,14.899389,-0.6707,0.951269,iprobe
E_local_gate_n33_ss_l2e-6_w2e-5_dc_iprobe_ss_on,2.480000,2.480000,14.899429,-0.6705,0.951269,iprobe
E_local_gate_n33_ss_l2e-6_w2e-5_dc_iprobe_ss_on,2.500000,2.500000,14.899476,-0.6702,0.951269,iprobe
E_local_gate_n33_ss_l2e-6_w2e-5_dc_iprobe_ss_on,2.520000,2.520000,14.899529,-0.6698,0.951269,iprobe
E_local_gate_n33_ss_l2e-6_w2e-5_dc_iprobe_ss_on,2.540000,2.540000,14.899590,-0.6694,0.951269,iprobe
E_local_gate_n33_ss_l2e-6_w2e-5_dc_iprobe_ss_on,2.560000,2.560000,14.899659,-0.6689,0.951269,iprobe
E_local_gate_n33_ss_l2e-6_w2e-5_dc_iprobe_ss_on,2.580000,2.580000,14.899739,-0.6684,0.951269,iprobe
E_local_gate_n33_ss_l2e-6_w2e-5_dc_iprobe_ss_on,2.600000,2.600000,14.899829,-0.6678,0.951269,iprobe
E_local_gate_n33_ss_l2e-6_w2e-5_dc_iprobe_ss_on,2.620000,2.620000,14.899933,-0.6671,0.951269,iprobe
E_local_gate_n33_ss_l2e-6_w2e-5_dc_iprobe_ss_on,2.640000,2.640000,14.900050,-0.6663,0.951269,iprobe
E_local_gate_n33_ss_l2e-6_w2e-5_dc_iprobe_ss_on,2.660000,2.660000,14.900183,-0.6654,0.951269,iprobe
E_local_gate_n33_ss_l2e-6_w2e-5_dc_iprobe_ss_on,2.680000,2.680000,14.900334,-0.6644,0.951269,iprobe
E_local_gate_n33_ss_l2e-6_w2e-5_dc_iprobe_ss_on,2.700000,2.700000,14.900504,-0.6633,0.951269,iprobe
E_local_gate_n33_ss_l2e-6_w2e-5_dc_iprobe_ss_on,2.720000,2.720000,14.900696,-0.6620,0.951269,iprobe
E_local_gate_n33_ss_l2e-6_w2e-5_dc_iprobe_ss_on,2.740000,2.740000,14.900912,-0.6606,0.951269,iprobe
E_local_gate_n33_ss_l2e-6_w2e-5_dc_iprobe_ss_on,2.760000,2.760000,14.901155,-0.6590,0.951269,iprobe
E_local_gate_n33_ss_l2e-6_w2e-5_dc_iprobe_ss_on,2.780000,2.780000,14.901427,-0.6572,0.951269,iprobe
E_local_gate_n33_ss_l2e-6_w2e-5_dc_iprobe_ss_on,2.800000,2.800000,14.901731,-0.6551,0.951269,iprobe
E_local_gate_n33_ss_l2e-6_w2e-5_dc_iprobe_ss_on,2.820000,2.820000,14.902071,-0.6529,0.951269,iprobe
E_local_gate_n33_ss_l2e-6_w2e-5_dc_iprobe_ss_on,2.840000,2.840000,14.902449,-0.6503,0.951269,iprobe
E_local_gate_n33_ss_l2e-6_w2e-5_dc_iprobe_ss_on,2.860000,2.860000,14.902870,-0.6475,0.951269,iprobe
E_local_gate_n33_ss_l2e-6_w2e-5_dc_iprobe_ss_on,2.880000,2.880000,14.903337,-0.6444,0.951269,iprobe
E_local_gate_n33_ss_l2e-6_w2e-5_dc_iprobe_ss_on,2.900000,2.900000,14.903855,-0.6410,0.951269,iprobe
E_local_gate_n33_ss_l2e-6_w2e-5_dc_iprobe_ss_on,2.920000,2.920000,14.904427,-0.6372,0.951269,iprobe
E_local_gate_n33_ss_l2e-6_w2e-5_dc_iprobe_ss_on,2.940000,2.940000,14.905059,-0.6329,0.951269,iprobe
E_local_gate_n33_ss_l2e-6_w2e-5_dc_iprobe_ss_on,2.960000,2.960000,14.905755,-0.6283,0.951269,iprobe
E_local_gate_n33_ss_l2e-6_w2e-5_dc_iprobe_ss_on,2.980000,2.980000,14.906520,-0.6232,0.951269,iprobe
E_local_gate_n33_ss_l2e-6_w2e-5_dc_iprobe_ss_on,3.000000,3.000000,14.907361,-0.6176,0.951269,iprobe
E_local_gate_n33_ss_l2e-6_w2e-5_dc_iprobe_ss_on,3.020000,3.020000,14.908283,-0.6114,0.951269,iprobe
E_local_gate_n33_ss_l2e-6_w2e-5_dc_iprobe_ss_on,3.040000,3.040000,14.909292,-0.6047,0.951269,iprobe
E_local_gate_n33_ss_l2e-6_w2e-5_dc_iprobe_ss_on,3.060000,3.060000,14.910395,-0.5974,0.951269,iprobe
E_local_gate_n33_ss_l2e-6_w2e-5_dc_iprobe_ss_on,3.080000,3.080000,14.911598,-0.5893,0.951269,iprobe
E_local_gate_n33_ss_l2e-6_w2e-5_dc_iprobe_ss_on,3.100000,3.100000,14.912909,-0.5806,0.951269,iprobe
E_local_gate_n33_ss_l2e-6_w2e-5_dc_iprobe_ss_on,3.120000,3.120000,14.914335,-0.5711,0.951269,iprobe
E_local_gate_n33_ss_l2e-6_w2e-5_dc_iprobe_ss_on,3.140000,3.140000,14.915885,-0.5608,0.951269,iprobe
E_local_gate_n33_ss_l2e-6_w2e-5_dc_iprobe_ss_on,3.160000,3.160000,14.917566,-0.5496,0.951269,iprobe
E_local_gate_n33_ss_l2e-6_w2e-5_dc_iprobe_ss_on,3.180000,3.180000,14.919387,-0.5374,0.951269,iprobe
E_local_gate_n33_ss_l2e-6_w2e-5_dc_iprobe_ss_on,3.200000,3.200000,14.921357,-0.5243,0.951269,iprobe
E_local_gate_n33_ss_l2e-6_w2e-5_dc_iprobe_ss_on,3.220000,3.220000,14.923486,-0.5101,0.951269,iprobe
E_local_gate_n33_ss_l2e-6_w2e-5_dc_iprobe_ss_on,3.240000,3.240000,14.925783,-0.4948,0.951269,iprobe
E_local_gate_n33_ss_l2e-6_w2e-5_dc_iprobe_ss_on,3.260000,3.260000,14.928258,-0.4783,0.951269,iprobe
E_local_gate_n33_ss_l2e-6_w2e-5_dc_iprobe_ss_on,3.280000,3.280000,14.930923,-0.4605,0.951269,iprobe
E_local_gate_n33_ss_l2e-6_w2e-5_dc_iprobe_ss_on,3.300000,3.300000,14.933788,-0.4414,0.951269,iprobe
Ebodyfix_ss_on,0.000000,0.000000,0.000000,-100.0000,0.951269,iprobe
Ebodyfix_ss_on,0.020000,0.020000,4.096627,-72.6892,0.951269,iprobe
Ebodyfix_ss_on,0.040000,0.040000,7.541257,-49.7250,0.951269,iprobe
Ebodyfix_ss_on,0.060000,0.060000,10.311979,-31.2535,0.951269,iprobe
Ebodyfix_ss_on,0.080000,0.080000,12.382974,-17.4468,0.951269,iprobe
Ebodyfix_ss_on,0.100000,0.100000,13.728273,-8.4782,0.951269,iprobe
Ebodyfix_ss_on,0.120000,0.120000,14.365179,-4.2321,0.951269,iprobe
Ebodyfix_ss_on,0.140000,0.140000,14.545249,-3.0317,0.951269,iprobe
Ebodyfix_ss_on,0.160000,0.160000,14.605155,-2.6323,0.951269,iprobe
Ebodyfix_ss_on,0.180000,0.180000,14.640806,-2.3946,0.951269,iprobe
Ebodyfix_ss_on,0.200000,0.200000,14.667638,-2.2157,0.951269,iprobe
Ebodyfix_ss_on,0.220000,0.220000,14.689694,-2.0687,0.951269,iprobe
Ebodyfix_ss_on,0.240000,0.240000,14.708640,-1.9424,0.951269,iprobe
Ebodyfix_ss_on,0.260000,0.260000,14.725358,-1.8309,0.951269,iprobe
Ebodyfix_ss_on,0.280000,0.280000,14.740381,-1.7308,0.951269,iprobe
Ebodyfix_ss_on,0.300000,0.300000,14.754065,-1.6396,0.951269,iprobe
Ebodyfix_ss_on,0.320000,0.320000,14.766657,-1.5556,0.951269,iprobe
Ebodyfix_ss_on,0.340000,0.340000,14.778338,-1.4777,0.951269,iprobe
Ebodyfix_ss_on,0.360000,0.360000,14.789244,-1.4050,0.951269,iprobe
Ebodyfix_ss_on,0.380000,0.380000,14.799477,-1.3368,0.951269,iprobe
Ebodyfix_ss_on,0.400000,0.400000,14.809118,-1.2725,0.951269,iprobe
Ebodyfix_ss_on,0.420000,0.420000,14.818228,-1.2118,0.951269,iprobe
Ebodyfix_ss_on,0.440000,0.440000,14.826854,-1.1543,0.951269,iprobe
Ebodyfix_ss_on,0.460000,0.460000,14.835033,-1.0998,0.951269,iprobe
Ebodyfix_ss_on,0.480000,0.480000,14.842789,-1.0481,0.951269,iprobe
Ebodyfix_ss_on,0.500000,0.500000,14.850138,-0.9991,0.951269,iprobe
Ebodyfix_ss_on,0.520000,0.520000,14.857086,-0.9528,0.951269,iprobe
Ebodyfix_ss_on,0.540000,0.540000,14.863630,-0.9091,0.951269,iprobe
Ebodyfix_ss_on,0.560000,0.560000,14.869756,-0.8683,0.951269,iprobe
Ebodyfix_ss_on,0.580000,0.580000,14.875440,-0.8304,0.951269,iprobe
Ebodyfix_ss_on,0.600000,0.600000,14.880646,-0.7957,0.951269,iprobe
Ebodyfix_ss_on,0.620000,0.620000,14.885324,-0.7645,0.951269,iprobe
Ebodyfix_ss_on,0.640000,0.640000,14.889406,-0.7373,0.951269,iprobe
Ebodyfix_ss_on,0.660000,0.660000,14.892811,-0.7146,0.951269,iprobe
Ebodyfix_ss_on,0.680000,0.680000,14.895436,-0.6971,0.951269,iprobe
Ebodyfix_ss_on,0.700000,0.700000,14.897169,-0.6855,0.951269,iprobe
Ebodyfix_ss_on,0.720000,0.720000,14.897975,-0.6802,0.951269,iprobe
Ebodyfix_ss_on,0.740000,0.740000,14.898209,-0.6786,0.951269,iprobe
Ebodyfix_ss_on,0.760000,0.760000,14.898296,-0.6780,0.951269,iprobe
Ebodyfix_ss_on,0.780000,0.780000,14.898351,-0.6777,0.951269,iprobe
Ebodyfix_ss_on,0.800000,0.800000,14.898393,-0.6774,0.951269,iprobe
Ebodyfix_ss_on,0.820000,0.820000,14.898428,-0.6771,0.951269,iprobe
Ebodyfix_ss_on,0.840000,0.840000,14.898458,-0.6769,0.951269,iprobe
Ebodyfix_ss_on,0.860000,0.860000,14.898485,-0.6768,0.951269,iprobe
Ebodyfix_ss_on,0.880000,0.880000,14.898509,-0.6766,0.951269,iprobe
Ebodyfix_ss_on,0.900000,0.900000,14.898531,-0.6765,0.951269,iprobe
Ebodyfix_ss_on,0.920000,0.920000,14.898551,-0.6763,0.951269,iprobe
Ebodyfix_ss_on,0.940000,0.940000,14.898570,-0.6762,0.951269,iprobe
Ebodyfix_ss_on,0.960000,0.960000,14.898588,-0.6761,0.951269,iprobe
Ebodyfix_ss_on,0.980000,0.980000,14.898605,-0.6760,0.951269,iprobe
Ebodyfix_ss_on,1.000000,1.000000,14.898621,-0.6759,0.951269,iprobe
Ebodyfix_ss_on,1.020000,1.020000,14.898636,-0.6758,0.951269,iprobe
Ebodyfix_ss_on,1.040000,1.040000,14.898651,-0.6757,0.951269,iprobe
Ebodyfix_ss_on,1.060000,1.060000,14.898664,-0.6756,0.951269,iprobe
Ebodyfix_ss_on,1.080000,1.080000,14.898678,-0.6755,0.951269,iprobe
Ebodyfix_ss_on,1.100000,1.100000,14.898691,-0.6754,0.951269,iprobe
Ebodyfix_ss_on,1.120000,1.120000,14.898703,-0.6753,0.951269,iprobe
Ebodyfix_ss_on,1.140000,1.140000,14.898715,-0.6752,0.951269,iprobe
Ebodyfix_ss_on,1.160000,1.160000,14.898727,-0.6752,0.951269,iprobe
Ebodyfix_ss_on,1.180000,1.180000,14.898738,-0.6751,0.951269,iprobe
Ebodyfix_ss_on,1.200000,1.200000,14.898749,-0.6750,0.951269,iprobe
Ebodyfix_ss_on,1.220000,1.220000,14.898760,-0.6749,0.951269,iprobe
Ebodyfix_ss_on,1.240000,1.240000,14.898771,-0.6749,0.951269,iprobe
Ebodyfix_ss_on,1.260000,1.260000,14.898781,-0.6748,0.951269,iprobe
Ebodyfix_ss_on,1.280000,1.280000,14.898791,-0.6747,0.951269,iprobe
Ebodyfix_ss_on,1.300000,1.300000,14.898801,-0.6747,0.951269,iprobe
Ebodyfix_ss_on,1.320000,1.320000,14.898811,-0.6746,0.951269,iprobe
Ebodyfix_ss_on,1.340000,1.340000,14.898820,-0.6745,0.951269,iprobe
Ebodyfix_ss_on,1.360000,1.360000,14.898830,-0.6745,0.951269,iprobe
Ebodyfix_ss_on,1.380000,1.380000,14.898839,-0.6744,0.951269,iprobe
Ebodyfix_ss_on,1.400000,1.400000,14.898848,-0.6743,0.951269,iprobe
Ebodyfix_ss_on,1.420000,1.420000,14.898857,-0.6743,0.951269,iprobe
Ebodyfix_ss_on,1.440000,1.440000,14.898865,-0.6742,0.951269,iprobe
Ebodyfix_ss_on,1.460000,1.460000,14.898874,-0.6742,0.951269,iprobe
Ebodyfix_ss_on,1.480000,1.480000,14.898882,-0.6741,0.951269,iprobe
Ebodyfix_ss_on,1.500000,1.500000,14.898891,-0.6741,0.951269,iprobe
Ebodyfix_ss_on,1.520000,1.520000,14.898899,-0.6740,0.951269,iprobe
Ebodyfix_ss_on,1.540000,1.540000,14.898907,-0.6740,0.951269,iprobe
Ebodyfix_ss_on,1.560000,1.560000,14.898915,-0.6739,0.951269,iprobe
Ebodyfix_ss_on,1.580000,1.580000,14.898923,-0.6738,0.951269,iprobe
Ebodyfix_ss_on,1.600000,1.600000,14.898931,-0.6738,0.951269,iprobe
Ebodyfix_ss_on,1.620000,1.620000,14.898939,-0.6737,0.951269,iprobe
Ebodyfix_ss_on,1.640000,1.640000,14.898946,-0.6737,0.951269,iprobe
Ebodyfix_ss_on,1.660000,1.660000,14.898954,-0.6736,0.951269,iprobe
Ebodyfix_ss_on,1.680000,1.680000,14.898962,-0.6736,0.951269,iprobe
Ebodyfix_ss_on,1.700000,1.700000,14.898969,-0.6735,0.951269,iprobe
Ebodyfix_ss_on,1.720000,1.720000,14.898976,-0.6735,0.951269,iprobe
Ebodyfix_ss_on,1.740000,1.740000,14.898984,-0.6734,0.951269,iprobe
Ebodyfix_ss_on,1.760000,1.760000,14.898991,-0.6734,0.951269,iprobe
Ebodyfix_ss_on,1.780000,1.780000,14.898998,-0.6733,0.951269,iprobe
Ebodyfix_ss_on,1.800000,1.800000,14.899005,-0.6733,0.951269,iprobe
Ebodyfix_ss_on,1.820000,1.820000,14.899012,-0.6733,0.951269,iprobe
Ebodyfix_ss_on,1.840000,1.840000,14.899019,-0.6732,0.951269,iprobe
Ebodyfix_ss_on,1.860000,1.860000,14.899026,-0.6732,0.951269,iprobe
Ebodyfix_ss_on,1.880000,1.880000,14.899033,-0.6731,0.951269,iprobe
Ebodyfix_ss_on,1.900000,1.900000,14.899040,-0.6731,0.951269,iprobe
Ebodyfix_ss_on,1.920000,1.920000,14.899047,-0.6730,0.951269,iprobe
Ebodyfix_ss_on,1.940000,1.940000,14.899054,-0.6730,0.951269,iprobe
Ebodyfix_ss_on,1.960000,1.960000,14.899061,-0.6729,0.951269,iprobe
Ebodyfix_ss_on,1.980000,1.980000,14.899067,-0.6729,0.951269,iprobe
Ebodyfix_ss_on,2.000000,2.000000,14.899074,-0.6728,0.951269,iprobe
Ebodyfix_ss_on,2.020000,2.020000,14.899081,-0.6728,0.951269,iprobe
Ebodyfix_ss_on,2.040000,2.040000,14.899088,-0.6727,0.951269,iprobe
Ebodyfix_ss_on,2.060000,2.060000,14.899095,-0.6727,0.951269,iprobe
Ebodyfix_ss_on,2.080000,2.080000,14.899102,-0.6727,0.951269,iprobe
Ebodyfix_ss_on,2.100000,2.100000,14.899109,-0.6726,0.951269,iprobe
Ebodyfix_ss_on,2.120000,2.120000,14.899116,-0.6726,0.951269,iprobe
Ebodyfix_ss_on,2.140000,2.140000,14.899123,-0.6725,0.951269,iprobe
Ebodyfix_ss_on,2.160000,2.160000,14.899131,-0.6725,0.951269,iprobe
Ebodyfix_ss_on,2.180000,2.180000,14.899139,-0.6724,0.951269,iprobe
Ebodyfix_ss_on,2.200000,2.200000,14.899148,-0.6723,0.951269,iprobe
Ebodyfix_ss_on,2.220000,2.220000,14.899157,-0.6723,0.951269,iprobe
Ebodyfix_ss_on,2.240000,2.240000,14.899167,-0.6722,0.951269,iprobe
Ebodyfix_ss_on,2.260000,2.260000,14.899178,-0.6721,0.951269,iprobe
Ebodyfix_ss_on,2.280000,2.280000,14.899189,-0.6721,0.951269,iprobe
Ebodyfix_ss_on,2.300000,2.300000,14.899202,-0.6720,0.951269,iprobe
Ebodyfix_ss_on,2.320000,2.320000,14.899217,-0.6719,0.951269,iprobe
Ebodyfix_ss_on,2.340000,2.340000,14.899233,-0.6718,0.951269,iprobe
Ebodyfix_ss_on,2.360000,2.360000,14.899251,-0.6717,0.951269,iprobe
Ebodyfix_ss_on,2.380000,2.380000,14.899272,-0.6715,0.951269,iprobe
Ebodyfix_ss_on,2.400000,2.400000,14.899296,-0.6714,0.951269,iprobe
Ebodyfix_ss_on,2.420000,2.420000,14.899323,-0.6712,0.951269,iprobe
Ebodyfix_ss_on,2.440000,2.440000,14.899354,-0.6710,0.951269,iprobe
Ebodyfix_ss_on,2.460000,2.460000,14.899389,-0.6707,0.951269,iprobe
Ebodyfix_ss_on,2.480000,2.480000,14.899429,-0.6705,0.951269,iprobe
Ebodyfix_ss_on,2.500000,2.500000,14.899476,-0.6702,0.951269,iprobe
Ebodyfix_ss_on,2.520000,2.520000,14.899529,-0.6698,0.951269,iprobe
Ebodyfix_ss_on,2.540000,2.540000,14.899590,-0.6694,0.951269,iprobe
Ebodyfix_ss_on,2.560000,2.560000,14.899659,-0.6689,0.951269,iprobe
Ebodyfix_ss_on,2.580000,2.580000,14.899739,-0.6684,0.951269,iprobe
Ebodyfix_ss_on,2.600000,2.600000,14.899829,-0.6678,0.951269,iprobe
Ebodyfix_ss_on,2.620000,2.620000,14.899933,-0.6671,0.951269,iprobe
Ebodyfix_ss_on,2.640000,2.640000,14.900050,-0.6663,0.951269,iprobe
Ebodyfix_ss_on,2.660000,2.660000,14.900183,-0.6654,0.951269,iprobe
Ebodyfix_ss_on,2.680000,2.680000,14.900334,-0.6644,0.951269,iprobe
Ebodyfix_ss_on,2.700000,2.700000,14.900504,-0.6633,0.951269,iprobe
Ebodyfix_ss_on,2.720000,2.720000,14.900696,-0.6620,0.951269,iprobe
Ebodyfix_ss_on,2.740000,2.740000,14.900912,-0.6606,0.951269,iprobe
Ebodyfix_ss_on,2.760000,2.760000,14.901155,-0.6590,0.951269,iprobe
Ebodyfix_ss_on,2.780000,2.780000,14.901427,-0.6572,0.951269,iprobe
Ebodyfix_ss_on,2.800000,2.800000,14.901731,-0.6551,0.951269,iprobe
Ebodyfix_ss_on,2.820000,2.820000,14.902071,-0.6529,0.951269,iprobe
Ebodyfix_ss_on,2.840000,2.840000,14.902449,-0.6503,0.951269,iprobe
Ebodyfix_ss_on,2.860000,2.860000,14.902870,-0.6475,0.951269,iprobe
Ebodyfix_ss_on,2.880000,2.880000,14.903337,-0.6444,0.951269,iprobe
Ebodyfix_ss_on,2.900000,2.900000,14.903855,-0.6410,0.951269,iprobe
Ebodyfix_ss_on,2.920000,2.920000,14.904427,-0.6372,0.951269,iprobe
Ebodyfix_ss_on,2.940000,2.940000,14.905059,-0.6329,0.951269,iprobe
Ebodyfix_ss_on,2.960000,2.960000,14.905755,-0.6283,0.951269,iprobe
Ebodyfix_ss_on,2.980000,2.980000,14.906520,-0.6232,0.951269,iprobe
Ebodyfix_ss_on,3.000000,3.000000,14.907361,-0.6176,0.951269,iprobe
Ebodyfix_ss_on,3.020000,3.020000,14.908283,-0.6114,0.951269,iprobe
Ebodyfix_ss_on,3.040000,3.040000,14.909292,-0.6047,0.951269,iprobe
Ebodyfix_ss_on,3.060000,3.060000,14.910395,-0.5974,0.951269,iprobe
Ebodyfix_ss_on,3.080000,3.080000,14.911598,-0.5893,0.951269,iprobe
Ebodyfix_ss_on,3.100000,3.100000,14.912909,-0.5806,0.951269,iprobe
Ebodyfix_ss_on,3.120000,3.120000,14.914335,-0.5711,0.951269,iprobe
Ebodyfix_ss_on,3.140000,3.140000,14.915885,-0.5608,0.951269,iprobe
Ebodyfix_ss_on,3.160000,3.160000,14.917566,-0.5496,0.951269,iprobe
Ebodyfix_ss_on,3.180000,3.180000,14.919387,-0.5374,0.951269,iprobe
Ebodyfix_ss_on,3.200000,3.200000,14.921357,-0.5243,0.951269,iprobe
Ebodyfix_ss_on,3.220000,3.220000,14.923486,-0.5101,0.951269,iprobe
Ebodyfix_ss_on,3.240000,3.240000,14.925783,-0.4948,0.951269,iprobe
Ebodyfix_ss_on,3.260000,3.260000,14.928258,-0.4783,0.951269,iprobe
Ebodyfix_ss_on,3.280000,3.280000,14.930923,-0.4605,0.951269,iprobe
Ebodyfix_ss_on,3.300000,3.300000,14.933788,-0.4414,0.951269,iprobe
E_local_gate_n33_ss_l2e-6_w2e-5_dc_iprobe_ss_off,0.000000,0.000000,-0.000000,-100.0000,0.951454,iprobe
E_local_gate_n33_ss_l2e-6_w2e-5_dc_iprobe_ss_off,0.020000,0.020000,0.000000,-100.0000,0.951269,iprobe
E_local_gate_n33_ss_l2e-6_w2e-5_dc_iprobe_ss_off,0.040000,0.040000,0.000000,-100.0000,0.951269,iprobe
E_local_gate_n33_ss_l2e-6_w2e-5_dc_iprobe_ss_off,0.060000,0.060000,0.000000,-100.0000,0.951269,iprobe
E_local_gate_n33_ss_l2e-6_w2e-5_dc_iprobe_ss_off,0.080000,0.080000,0.000000,-100.0000,0.951269,iprobe
E_local_gate_n33_ss_l2e-6_w2e-5_dc_iprobe_ss_off,0.100000,0.100000,0.000000,-100.0000,0.951269,iprobe
E_local_gate_n33_ss_l2e-6_w2e-5_dc_iprobe_ss_off,0.120000,0.120000,0.000000,-100.0000,0.951269,iprobe
E_local_gate_n33_ss_l2e-6_w2e-5_dc_iprobe_ss_off,0.140000,0.140000,0.000000,-100.0000,0.951269,iprobe
E_local_gate_n33_ss_l2e-6_w2e-5_dc_iprobe_ss_off,0.160000,0.160000,0.000000,-100.0000,0.951269,iprobe
E_local_gate_n33_ss_l2e-6_w2e-5_dc_iprobe_ss_off,0.180000,0.180000,0.000000,-100.0000,0.951269,iprobe
E_local_gate_n33_ss_l2e-6_w2e-5_dc_iprobe_ss_off,0.200000,0.200000,0.000000,-100.0000,0.951269,iprobe
E_local_gate_n33_ss_l2e-6_w2e-5_dc_iprobe_ss_off,0.220000,0.220000,0.000000,-100.0000,0.951269,iprobe
E_local_gate_n33_ss_l2e-6_w2e-5_dc_iprobe_ss_off,0.240000,0.240000,0.000000,-100.0000,0.951269,iprobe
E_local_gate_n33_ss_l2e-6_w2e-5_dc_iprobe_ss_off,0.260000,0.260000,0.000000,-100.0000,0.951269,iprobe
E_local_gate_n33_ss_l2e-6_w2e-5_dc_iprobe_ss_off,0.280000,0.280000,0.000000,-100.0000,0.951269,iprobe
E_local_gate_n33_ss_l2e-6_w2e-5_dc_iprobe_ss_off,0.300000,0.300000,0.000000,-100.0000,0.951269,iprobe
E_local_gate_n33_ss_l2e-6_w2e-5_dc_iprobe_ss_off,0.320000,0.320000,0.000000,-100.0000,0.951269,iprobe
E_local_gate_n33_ss_l2e-6_w2e-5_dc_iprobe_ss_off,0.340000,0.340000,0.000000,-100.0000,0.951269,iprobe
E_local_gate_n33_ss_l2e-6_w2e-5_dc_iprobe_ss_off,0.360000,0.360000,0.000000,-100.0000,0.951269,iprobe
E_local_gate_n33_ss_l2e-6_w2e-5_dc_iprobe_ss_off,0.380000,0.380000,0.000000,-100.0000,0.951269,iprobe
E_local_gate_n33_ss_l2e-6_w2e-5_dc_iprobe_ss_off,0.400000,0.400000,0.000000,-100.0000,0.951269,iprobe
E_local_gate_n33_ss_l2e-6_w2e-5_dc_iprobe_ss_off,0.420000,0.420000,0.000000,-100.0000,0.951269,iprobe
E_local_gate_n33_ss_l2e-6_w2e-5_dc_iprobe_ss_off,0.440000,0.440000,0.000000,-100.0000,0.951269,iprobe
E_local_gate_n33_ss_l2e-6_w2e-5_dc_iprobe_ss_off,0.460000,0.460000,0.000000,-100.0000,0.951269,iprobe
E_local_gate_n33_ss_l2e-6_w2e-5_dc_iprobe_ss_off,0.480000,0.480000,0.000000,-100.0000,0.951269,iprobe
E_local_gate_n33_ss_l2e-6_w2e-5_dc_iprobe_ss_off,0.500000,0.500000,0.000000,-100.0000,0.951269,iprobe
E_local_gate_n33_ss_l2e-6_w2e-5_dc_iprobe_ss_off,0.520000,0.520000,0.000000,-100.0000,0.951269,iprobe
E_local_gate_n33_ss_l2e-6_w2e-5_dc_iprobe_ss_off,0.540000,0.540000,0.000000,-100.0000,0.951269,iprobe
E_local_gate_n33_ss_l2e-6_w2e-5_dc_iprobe_ss_off,0.560000,0.560000,0.000000,-100.0000,0.951269,iprobe
E_local_gate_n33_ss_l2e-6_w2e-5_dc_iprobe_ss_off,0.580000,0.580000,0.000000,-100.0000,0.951269,iprobe
E_local_gate_n33_ss_l2e-6_w2e-5_dc_iprobe_ss_off,0.600000,0.600000,0.000000,-100.0000,0.951269,iprobe
E_local_gate_n33_ss_l2e-6_w2e-5_dc_iprobe_ss_off,0.620000,0.620000,0.000000,-100.0000,0.951269,iprobe
E_local_gate_n33_ss_l2e-6_w2e-5_dc_iprobe_ss_off,0.640000,0.640000,0.000000,-100.0000,0.951269,iprobe
E_local_gate_n33_ss_l2e-6_w2e-5_dc_iprobe_ss_off,0.660000,0.660000,0.000000,-100.0000,0.951269,iprobe
E_local_gate_n33_ss_l2e-6_w2e-5_dc_iprobe_ss_off,0.680000,0.680000,0.000000,-100.0000,0.951269,iprobe
E_local_gate_n33_ss_l2e-6_w2e-5_dc_iprobe_ss_off,0.700000,0.700000,0.000000,-100.0000,0.951269,iprobe
E_local_gate_n33_ss_l2e-6_w2e-5_dc_iprobe_ss_off,0.720000,0.720000,0.000000,-100.0000,0.951269,iprobe
E_local_gate_n33_ss_l2e-6_w2e-5_dc_iprobe_ss_off,0.740000,0.740000,0.000000,-100.0000,0.951269,iprobe
E_local_gate_n33_ss_l2e-6_w2e-5_dc_iprobe_ss_off,0.760000,0.760000,0.000000,-100.0000,0.951269,iprobe
E_local_gate_n33_ss_l2e-6_w2e-5_dc_iprobe_ss_off,0.780000,0.780000,0.000000,-100.0000,0.951269,iprobe
E_local_gate_n33_ss_l2e-6_w2e-5_dc_iprobe_ss_off,0.800000,0.800000,0.000000,-100.0000,0.951269,iprobe
E_local_gate_n33_ss_l2e-6_w2e-5_dc_iprobe_ss_off,0.820000,0.820000,0.000000,-100.0000,0.951269,iprobe
E_local_gate_n33_ss_l2e-6_w2e-5_dc_iprobe_ss_off,0.840000,0.840000,0.000000,-100.0000,0.951269,iprobe
E_local_gate_n33_ss_l2e-6_w2e-5_dc_iprobe_ss_off,0.860000,0.860000,0.000000,-100.0000,0.951269,iprobe
E_local_gate_n33_ss_l2e-6_w2e-5_dc_iprobe_ss_off,0.880000,0.880000,0.000000,-100.0000,0.951269,iprobe
E_local_gate_n33_ss_l2e-6_w2e-5_dc_iprobe_ss_off,0.900000,0.900000,0.000000,-100.0000,0.951269,iprobe
E_local_gate_n33_ss_l2e-6_w2e-5_dc_iprobe_ss_off,0.920000,0.920000,0.000000,-100.0000,0.951269,iprobe
E_local_gate_n33_ss_l2e-6_w2e-5_dc_iprobe_ss_off,0.940000,0.940000,0.000000,-100.0000,0.951269,iprobe
E_local_gate_n33_ss_l2e-6_w2e-5_dc_iprobe_ss_off,0.960000,0.960000,0.000000,-100.0000,0.951269,iprobe
E_local_gate_n33_ss_l2e-6_w2e-5_dc_iprobe_ss_off,0.980000,0.980000,0.000000,-100.0000,0.951269,iprobe
E_local_gate_n33_ss_l2e-6_w2e-5_dc_iprobe_ss_off,1.000000,1.000000,0.000000,-100.0000,0.951269,iprobe
E_local_gate_n33_ss_l2e-6_w2e-5_dc_iprobe_ss_off,1.020000,1.020000,0.000000,-100.0000,0.951269,iprobe
E_local_gate_n33_ss_l2e-6_w2e-5_dc_iprobe_ss_off,1.040000,1.040000,0.000000,-100.0000,0.951269,iprobe
E_local_gate_n33_ss_l2e-6_w2e-5_dc_iprobe_ss_off,1.060000,1.060000,0.000000,-100.0000,0.951269,iprobe
E_local_gate_n33_ss_l2e-6_w2e-5_dc_iprobe_ss_off,1.080000,1.080000,0.000000,-100.0000,0.951269,iprobe
E_local_gate_n33_ss_l2e-6_w2e-5_dc_iprobe_ss_off,1.100000,1.100000,0.000000,-100.0000,0.951269,iprobe
E_local_gate_n33_ss_l2e-6_w2e-5_dc_iprobe_ss_off,1.120000,1.120000,0.000000,-100.0000,0.951269,iprobe
E_local_gate_n33_ss_l2e-6_w2e-5_dc_iprobe_ss_off,1.140000,1.140000,0.000000,-100.0000,0.951269,iprobe
E_local_gate_n33_ss_l2e-6_w2e-5_dc_iprobe_ss_off,1.160000,1.160000,0.000000,-100.0000,0.951269,iprobe
E_local_gate_n33_ss_l2e-6_w2e-5_dc_iprobe_ss_off,1.180000,1.180000,0.000000,-100.0000,0.951269,iprobe
E_local_gate_n33_ss_l2e-6_w2e-5_dc_iprobe_ss_off,1.200000,1.200000,0.000000,-100.0000,0.951269,iprobe
E_local_gate_n33_ss_l2e-6_w2e-5_dc_iprobe_ss_off,1.220000,1.220000,0.000000,-100.0000,0.951269,iprobe
E_local_gate_n33_ss_l2e-6_w2e-5_dc_iprobe_ss_off,1.240000,1.240000,0.000000,-100.0000,0.951269,iprobe
E_local_gate_n33_ss_l2e-6_w2e-5_dc_iprobe_ss_off,1.260000,1.260000,0.000000,-100.0000,0.951269,iprobe
E_local_gate_n33_ss_l2e-6_w2e-5_dc_iprobe_ss_off,1.280000,1.280000,0.000000,-100.0000,0.951269,iprobe
E_local_gate_n33_ss_l2e-6_w2e-5_dc_iprobe_ss_off,1.300000,1.300000,0.000000,-100.0000,0.951269,iprobe
E_local_gate_n33_ss_l2e-6_w2e-5_dc_iprobe_ss_off,1.320000,1.320000,0.000000,-100.0000,0.951269,iprobe
E_local_gate_n33_ss_l2e-6_w2e-5_dc_iprobe_ss_off,1.340000,1.340000,0.000000,-100.0000,0.951269,iprobe
E_local_gate_n33_ss_l2e-6_w2e-5_dc_iprobe_ss_off,1.360000,1.360000,0.000000,-100.0000,0.951269,iprobe
E_local_gate_n33_ss_l2e-6_w2e-5_dc_iprobe_ss_off,1.380000,1.380000,0.000000,-100.0000,0.951269,iprobe
E_local_gate_n33_ss_l2e-6_w2e-5_dc_iprobe_ss_off,1.400000,1.400000,0.000000,-100.0000,0.951269,iprobe
E_local_gate_n33_ss_l2e-6_w2e-5_dc_iprobe_ss_off,1.420000,1.420000,0.000000,-100.0000,0.951269,iprobe
E_local_gate_n33_ss_l2e-6_w2e-5_dc_iprobe_ss_off,1.440000,1.440000,0.000000,-100.0000,0.951269,iprobe
E_local_gate_n33_ss_l2e-6_w2e-5_dc_iprobe_ss_off,1.460000,1.460000,0.000000,-100.0000,0.951269,iprobe
E_local_gate_n33_ss_l2e-6_w2e-5_dc_iprobe_ss_off,1.480000,1.480000,0.000000,-100.0000,0.951269,iprobe
E_local_gate_n33_ss_l2e-6_w2e-5_dc_iprobe_ss_off,1.500000,1.500000,0.000000,-100.0000,0.951269,iprobe
E_local_gate_n33_ss_l2e-6_w2e-5_dc_iprobe_ss_off,1.520000,1.520000,0.000000,-100.0000,0.951269,iprobe
E_local_gate_n33_ss_l2e-6_w2e-5_dc_iprobe_ss_off,1.540000,1.540000,0.000000,-100.0000,0.951269,iprobe
E_local_gate_n33_ss_l2e-6_w2e-5_dc_iprobe_ss_off,1.560000,1.560000,0.000000,-100.0000,0.951269,iprobe
E_local_gate_n33_ss_l2e-6_w2e-5_dc_iprobe_ss_off,1.580000,1.580000,0.000000,-100.0000,0.951269,iprobe
E_local_gate_n33_ss_l2e-6_w2e-5_dc_iprobe_ss_off,1.600000,1.600000,0.000000,-100.0000,0.951269,iprobe
E_local_gate_n33_ss_l2e-6_w2e-5_dc_iprobe_ss_off,1.620000,1.620000,0.000000,-100.0000,0.951269,iprobe
E_local_gate_n33_ss_l2e-6_w2e-5_dc_iprobe_ss_off,1.640000,1.640000,0.000000,-100.0000,0.951269,iprobe
E_local_gate_n33_ss_l2e-6_w2e-5_dc_iprobe_ss_off,1.660000,1.660000,0.000000,-100.0000,0.951269,iprobe
E_local_gate_n33_ss_l2e-6_w2e-5_dc_iprobe_ss_off,1.680000,1.680000,0.000000,-100.0000,0.951269,iprobe
E_local_gate_n33_ss_l2e-6_w2e-5_dc_iprobe_ss_off,1.700000,1.700000,0.000000,-100.0000,0.951269,iprobe
E_local_gate_n33_ss_l2e-6_w2e-5_dc_iprobe_ss_off,1.720000,1.720000,0.000000,-100.0000,0.951269,iprobe
E_local_gate_n33_ss_l2e-6_w2e-5_dc_iprobe_ss_off,1.740000,1.740000,0.000000,-100.0000,0.951269,iprobe
E_local_gate_n33_ss_l2e-6_w2e-5_dc_iprobe_ss_off,1.760000,1.760000,0.000000,-100.0000,0.951269,iprobe
E_local_gate_n33_ss_l2e-6_w2e-5_dc_iprobe_ss_off,1.780000,1.780000,0.000000,-100.0000,0.951269,iprobe
E_local_gate_n33_ss_l2e-6_w2e-5_dc_iprobe_ss_off,1.800000,1.800000,0.000000,-100.0000,0.951269,iprobe
E_local_gate_n33_ss_l2e-6_w2e-5_dc_iprobe_ss_off,1.820000,1.820000,0.000000,-100.0000,0.951269,iprobe
E_local_gate_n33_ss_l2e-6_w2e-5_dc_iprobe_ss_off,1.840000,1.840000,0.000000,-100.0000,0.951269,iprobe
E_local_gate_n33_ss_l2e-6_w2e-5_dc_iprobe_ss_off,1.860000,1.860000,0.000000,-100.0000,0.951269,iprobe
E_local_gate_n33_ss_l2e-6_w2e-5_dc_iprobe_ss_off,1.880000,1.880000,0.000000,-100.0000,0.951269,iprobe
E_local_gate_n33_ss_l2e-6_w2e-5_dc_iprobe_ss_off,1.900000,1.900000,0.000000,-100.0000,0.951269,iprobe
E_local_gate_n33_ss_l2e-6_w2e-5_dc_iprobe_ss_off,1.920000,1.920000,0.000000,-100.0000,0.951269,iprobe
E_local_gate_n33_ss_l2e-6_w2e-5_dc_iprobe_ss_off,1.940000,1.940000,0.000000,-100.0000,0.951269,iprobe
E_local_gate_n33_ss_l2e-6_w2e-5_dc_iprobe_ss_off,1.960000,1.960000,0.000000,-100.0000,0.951269,iprobe
E_local_gate_n33_ss_l2e-6_w2e-5_dc_iprobe_ss_off,1.980000,1.980000,0.000000,-100.0000,0.951269,iprobe
E_local_gate_n33_ss_l2e-6_w2e-5_dc_iprobe_ss_off,2.000000,2.000000,0.000000,-100.0000,0.951269,iprobe
E_local_gate_n33_ss_l2e-6_w2e-5_dc_iprobe_ss_off,2.020000,2.020000,0.000000,-100.0000,0.951269,iprobe
E_local_gate_n33_ss_l2e-6_w2e-5_dc_iprobe_ss_off,2.040000,2.040000,0.000000,-100.0000,0.951269,iprobe
E_local_gate_n33_ss_l2e-6_w2e-5_dc_iprobe_ss_off,2.060000,2.060000,0.000000,-100.0000,0.951269,iprobe
E_local_gate_n33_ss_l2e-6_w2e-5_dc_iprobe_ss_off,2.080000,2.080000,0.000000,-100.0000,0.951269,iprobe
E_local_gate_n33_ss_l2e-6_w2e-5_dc_iprobe_ss_off,2.100000,2.100000,0.000000,-100.0000,0.951269,iprobe
E_local_gate_n33_ss_l2e-6_w2e-5_dc_iprobe_ss_off,2.120000,2.120000,0.000000,-100.0000,0.951269,iprobe
E_local_gate_n33_ss_l2e-6_w2e-5_dc_iprobe_ss_off,2.140000,2.140000,0.000000,-100.0000,0.951269,iprobe
E_local_gate_n33_ss_l2e-6_w2e-5_dc_iprobe_ss_off,2.160000,2.160000,0.000000,-100.0000,0.951269,iprobe
E_local_gate_n33_ss_l2e-6_w2e-5_dc_iprobe_ss_off,2.180000,2.180000,0.000000,-100.0000,0.951269,iprobe
E_local_gate_n33_ss_l2e-6_w2e-5_dc_iprobe_ss_off,2.200000,2.200000,0.000000,-100.0000,0.951269,iprobe
E_local_gate_n33_ss_l2e-6_w2e-5_dc_iprobe_ss_off,2.220000,2.220000,0.000000,-100.0000,0.951269,iprobe
E_local_gate_n33_ss_l2e-6_w2e-5_dc_iprobe_ss_off,2.240000,2.240000,0.000000,-100.0000,0.951269,iprobe
E_local_gate_n33_ss_l2e-6_w2e-5_dc_iprobe_ss_off,2.260000,2.260000,0.000000,-100.0000,0.951269,iprobe
E_local_gate_n33_ss_l2e-6_w2e-5_dc_iprobe_ss_off,2.280000,2.280000,0.000000,-100.0000,0.951269,iprobe
E_local_gate_n33_ss_l2e-6_w2e-5_dc_iprobe_ss_off,2.300000,2.300000,0.000000,-100.0000,0.951269,iprobe
E_local_gate_n33_ss_l2e-6_w2e-5_dc_iprobe_ss_off,2.320000,2.320000,0.000000,-100.0000,0.951269,iprobe
E_local_gate_n33_ss_l2e-6_w2e-5_dc_iprobe_ss_off,2.340000,2.340000,0.000000,-100.0000,0.951269,iprobe
E_local_gate_n33_ss_l2e-6_w2e-5_dc_iprobe_ss_off,2.360000,2.360000,0.000000,-100.0000,0.951269,iprobe
E_local_gate_n33_ss_l2e-6_w2e-5_dc_iprobe_ss_off,2.380000,2.380000,0.000000,-100.0000,0.951269,iprobe
E_local_gate_n33_ss_l2e-6_w2e-5_dc_iprobe_ss_off,2.400000,2.400000,0.000000,-100.0000,0.951269,iprobe
E_local_gate_n33_ss_l2e-6_w2e-5_dc_iprobe_ss_off,2.420000,2.420000,0.000000,-100.0000,0.951269,iprobe
E_local_gate_n33_ss_l2e-6_w2e-5_dc_iprobe_ss_off,2.440000,2.440000,0.000000,-100.0000,0.951269,iprobe
E_local_gate_n33_ss_l2e-6_w2e-5_dc_iprobe_ss_off,2.460000,2.460000,0.000000,-100.0000,0.951269,iprobe
E_local_gate_n33_ss_l2e-6_w2e-5_dc_iprobe_ss_off,2.480000,2.480000,0.000000,-100.0000,0.951269,iprobe
E_local_gate_n33_ss_l2e-6_w2e-5_dc_iprobe_ss_off,2.500000,2.500000,0.000000,-100.0000,0.951269,iprobe
E_local_gate_n33_ss_l2e-6_w2e-5_dc_iprobe_ss_off,2.520000,2.520000,0.000000,-100.0000,0.951269,iprobe
E_local_gate_n33_ss_l2e-6_w2e-5_dc_iprobe_ss_off,2.540000,2.540000,0.000000,-100.0000,0.951269,iprobe
E_local_gate_n33_ss_l2e-6_w2e-5_dc_iprobe_ss_off,2.560000,2.560000,0.000000,-100.0000,0.951269,iprobe
E_local_gate_n33_ss_l2e-6_w2e-5_dc_iprobe_ss_off,2.580000,2.580000,0.000000,-100.0000,0.951269,iprobe
E_local_gate_n33_ss_l2e-6_w2e-5_dc_iprobe_ss_off,2.600000,2.600000,0.000000,-100.0000,0.951269,iprobe
E_local_gate_n33_ss_l2e-6_w2e-5_dc_iprobe_ss_off,2.620000,2.620000,0.000000,-100.0000,0.951269,iprobe
E_local_gate_n33_ss_l2e-6_w2e-5_dc_iprobe_ss_off,2.640000,2.640000,0.000000,-100.0000,0.951269,iprobe
E_local_gate_n33_ss_l2e-6_w2e-5_dc_iprobe_ss_off,2.660000,2.660000,0.000000,-100.0000,0.951269,iprobe
E_local_gate_n33_ss_l2e-6_w2e-5_dc_iprobe_ss_off,2.680000,2.680000,0.000000,-100.0000,0.951269,iprobe
E_local_gate_n33_ss_l2e-6_w2e-5_dc_iprobe_ss_off,2.700000,2.700000,0.000000,-100.0000,0.951269,iprobe
E_local_gate_n33_ss_l2e-6_w2e-5_dc_iprobe_ss_off,2.720000,2.720000,0.000000,-100.0000,0.951269,iprobe
E_local_gate_n33_ss_l2e-6_w2e-5_dc_iprobe_ss_off,2.740000,2.740000,0.000000,-100.0000,0.951269,iprobe
E_local_gate_n33_ss_l2e-6_w2e-5_dc_iprobe_ss_off,2.760000,2.760000,0.000000,-100.0000,0.951269,iprobe
E_local_gate_n33_ss_l2e-6_w2e-5_dc_iprobe_ss_off,2.780000,2.780000,0.000000,-100.0000,0.951269,iprobe
E_local_gate_n33_ss_l2e-6_w2e-5_dc_iprobe_ss_off,2.800000,2.800000,0.000000,-100.0000,0.951269,iprobe
E_local_gate_n33_ss_l2e-6_w2e-5_dc_iprobe_ss_off,2.820000,2.820000,0.000000,-100.0000,0.951269,iprobe
E_local_gate_n33_ss_l2e-6_w2e-5_dc_iprobe_ss_off,2.840000,2.840000,0.000000,-100.0000,0.951269,iprobe
E_local_gate_n33_ss_l2e-6_w2e-5_dc_iprobe_ss_off,2.860000,2.860000,0.000000,-100.0000,0.951269,iprobe
E_local_gate_n33_ss_l2e-6_w2e-5_dc_iprobe_ss_off,2.880000,2.880000,0.000000,-100.0000,0.951269,iprobe
E_local_gate_n33_ss_l2e-6_w2e-5_dc_iprobe_ss_off,2.900000,2.900000,0.000000,-100.0000,0.951269,iprobe
E_local_gate_n33_ss_l2e-6_w2e-5_dc_iprobe_ss_off,2.920000,2.920000,0.000000,-100.0000,0.951269,iprobe
E_local_gate_n33_ss_l2e-6_w2e-5_dc_iprobe_ss_off,2.940000,2.940000,0.000000,-100.0000,0.951269,iprobe
E_local_gate_n33_ss_l2e-6_w2e-5_dc_iprobe_ss_off,2.960000,2.960000,0.000000,-100.0000,0.951269,iprobe
E_local_gate_n33_ss_l2e-6_w2e-5_dc_iprobe_ss_off,2.980000,2.980000,0.000000,-100.0000,0.951269,iprobe
E_local_gate_n33_ss_l2e-6_w2e-5_dc_iprobe_ss_off,3.000000,3.000000,0.000000,-100.0000,0.951269,iprobe
E_local_gate_n33_ss_l2e-6_w2e-5_dc_iprobe_ss_off,3.020000,3.020000,0.000000,-100.0000,0.951269,iprobe
E_local_gate_n33_ss_l2e-6_w2e-5_dc_iprobe_ss_off,3.040000,3.040000,0.000000,-100.0000,0.951269,iprobe
E_local_gate_n33_ss_l2e-6_w2e-5_dc_iprobe_ss_off,3.060000,3.060000,0.000000,-100.0000,0.951269,iprobe
E_local_gate_n33_ss_l2e-6_w2e-5_dc_iprobe_ss_off,3.080000,3.080000,0.000000,-100.0000,0.951269,iprobe
E_local_gate_n33_ss_l2e-6_w2e-5_dc_iprobe_ss_off,3.100000,3.100000,0.000000,-100.0000,0.951269,iprobe
E_local_gate_n33_ss_l2e-6_w2e-5_dc_iprobe_ss_off,3.120000,3.120000,0.000000,-100.0000,0.951269,iprobe
E_local_gate_n33_ss_l2e-6_w2e-5_dc_iprobe_ss_off,3.140000,3.140000,0.000000,-100.0000,0.951269,iprobe
E_local_gate_n33_ss_l2e-6_w2e-5_dc_iprobe_ss_off,3.160000,3.160000,0.000000,-100.0000,0.951269,iprobe
E_local_gate_n33_ss_l2e-6_w2e-5_dc_iprobe_ss_off,3.180000,3.180000,0.000000,-100.0000,0.951269,iprobe
E_local_gate_n33_ss_l2e-6_w2e-5_dc_iprobe_ss_off,3.200000,3.200000,0.000000,-100.0000,0.951269,iprobe
E_local_gate_n33_ss_l2e-6_w2e-5_dc_iprobe_ss_off,3.220000,3.220000,0.000000,-100.0000,0.951269,iprobe
E_local_gate_n33_ss_l2e-6_w2e-5_dc_iprobe_ss_off,3.240000,3.240000,0.000000,-100.0000,0.951269,iprobe
E_local_gate_n33_ss_l2e-6_w2e-5_dc_iprobe_ss_off,3.260000,3.260000,0.000000,-100.0000,0.951269,iprobe
E_local_gate_n33_ss_l2e-6_w2e-5_dc_iprobe_ss_off,3.280000,3.280000,0.000000,-100.0000,0.951269,iprobe
E_local_gate_n33_ss_l2e-6_w2e-5_dc_iprobe_ss_off,3.300000,3.300000,0.000000,-100.0000,0.951269,iprobe
Ebodyfix_ss_off,0.000000,0.000000,-0.000000,-100.0000,0.951454,iprobe
Ebodyfix_ss_off,0.020000,0.020000,0.000000,-100.0000,0.951269,iprobe
Ebodyfix_ss_off,0.040000,0.040000,0.000000,-100.0000,0.951269,iprobe
Ebodyfix_ss_off,0.060000,0.060000,0.000000,-100.0000,0.951269,iprobe
Ebodyfix_ss_off,0.080000,0.080000,0.000000,-100.0000,0.951269,iprobe
Ebodyfix_ss_off,0.100000,0.100000,0.000000,-100.0000,0.951269,iprobe
Ebodyfix_ss_off,0.120000,0.120000,0.000000,-100.0000,0.951269,iprobe
Ebodyfix_ss_off,0.140000,0.140000,0.000000,-100.0000,0.951269,iprobe
Ebodyfix_ss_off,0.160000,0.160000,0.000000,-100.0000,0.951269,iprobe
Ebodyfix_ss_off,0.180000,0.180000,0.000000,-100.0000,0.951269,iprobe
Ebodyfix_ss_off,0.200000,0.200000,0.000000,-100.0000,0.951269,iprobe
Ebodyfix_ss_off,0.220000,0.220000,0.000000,-100.0000,0.951269,iprobe
Ebodyfix_ss_off,0.240000,0.240000,0.000000,-100.0000,0.951269,iprobe
Ebodyfix_ss_off,0.260000,0.260000,0.000000,-100.0000,0.951269,iprobe
Ebodyfix_ss_off,0.280000,0.280000,0.000000,-100.0000,0.951269,iprobe
Ebodyfix_ss_off,0.300000,0.300000,0.000000,-100.0000,0.951269,iprobe
Ebodyfix_ss_off,0.320000,0.320000,0.000000,-100.0000,0.951269,iprobe
Ebodyfix_ss_off,0.340000,0.340000,0.000000,-100.0000,0.951269,iprobe
Ebodyfix_ss_off,0.360000,0.360000,0.000000,-100.0000,0.951269,iprobe
Ebodyfix_ss_off,0.380000,0.380000,0.000000,-100.0000,0.951269,iprobe
Ebodyfix_ss_off,0.400000,0.400000,0.000000,-100.0000,0.951269,iprobe
Ebodyfix_ss_off,0.420000,0.420000,0.000000,-100.0000,0.951269,iprobe
Ebodyfix_ss_off,0.440000,0.440000,0.000000,-100.0000,0.951269,iprobe
Ebodyfix_ss_off,0.460000,0.460000,0.000000,-100.0000,0.951269,iprobe
Ebodyfix_ss_off,0.480000,0.480000,0.000000,-100.0000,0.951269,iprobe
Ebodyfix_ss_off,0.500000,0.500000,0.000000,-100.0000,0.951269,iprobe
Ebodyfix_ss_off,0.520000,0.520000,0.000000,-100.0000,0.951269,iprobe
Ebodyfix_ss_off,0.540000,0.540000,0.000000,-100.0000,0.951269,iprobe
Ebodyfix_ss_off,0.560000,0.560000,0.000000,-100.0000,0.951269,iprobe
Ebodyfix_ss_off,0.580000,0.580000,0.000000,-100.0000,0.951269,iprobe
Ebodyfix_ss_off,0.600000,0.600000,0.000000,-100.0000,0.951269,iprobe
Ebodyfix_ss_off,0.620000,0.620000,0.000000,-100.0000,0.951269,iprobe
Ebodyfix_ss_off,0.640000,0.640000,0.000000,-100.0000,0.951269,iprobe
Ebodyfix_ss_off,0.660000,0.660000,0.000000,-100.0000,0.951269,iprobe
Ebodyfix_ss_off,0.680000,0.680000,0.000000,-100.0000,0.951269,iprobe
Ebodyfix_ss_off,0.700000,0.700000,0.000000,-100.0000,0.951269,iprobe
Ebodyfix_ss_off,0.720000,0.720000,0.000000,-100.0000,0.951269,iprobe
Ebodyfix_ss_off,0.740000,0.740000,0.000000,-100.0000,0.951269,iprobe
Ebodyfix_ss_off,0.760000,0.760000,0.000000,-100.0000,0.951269,iprobe
Ebodyfix_ss_off,0.780000,0.780000,0.000000,-100.0000,0.951269,iprobe
Ebodyfix_ss_off,0.800000,0.800000,0.000000,-100.0000,0.951269,iprobe
Ebodyfix_ss_off,0.820000,0.820000,0.000000,-100.0000,0.951269,iprobe
Ebodyfix_ss_off,0.840000,0.840000,0.000000,-100.0000,0.951269,iprobe
Ebodyfix_ss_off,0.860000,0.860000,0.000000,-100.0000,0.951269,iprobe
Ebodyfix_ss_off,0.880000,0.880000,0.000000,-100.0000,0.951269,iprobe
Ebodyfix_ss_off,0.900000,0.900000,0.000000,-100.0000,0.951269,iprobe
Ebodyfix_ss_off,0.920000,0.920000,0.000000,-100.0000,0.951269,iprobe
Ebodyfix_ss_off,0.940000,0.940000,0.000000,-100.0000,0.951269,iprobe
Ebodyfix_ss_off,0.960000,0.960000,0.000000,-100.0000,0.951269,iprobe
Ebodyfix_ss_off,0.980000,0.980000,0.000000,-100.0000,0.951269,iprobe
Ebodyfix_ss_off,1.000000,1.000000,0.000000,-100.0000,0.951269,iprobe
Ebodyfix_ss_off,1.020000,1.020000,0.000000,-100.0000,0.951269,iprobe
Ebodyfix_ss_off,1.040000,1.040000,0.000000,-100.0000,0.951269,iprobe
Ebodyfix_ss_off,1.060000,1.060000,0.000000,-100.0000,0.951269,iprobe
Ebodyfix_ss_off,1.080000,1.080000,0.000000,-100.0000,0.951269,iprobe
Ebodyfix_ss_off,1.100000,1.100000,0.000000,-100.0000,0.951269,iprobe
Ebodyfix_ss_off,1.120000,1.120000,0.000000,-100.0000,0.951269,iprobe
Ebodyfix_ss_off,1.140000,1.140000,0.000000,-100.0000,0.951269,iprobe
Ebodyfix_ss_off,1.160000,1.160000,0.000000,-100.0000,0.951269,iprobe
Ebodyfix_ss_off,1.180000,1.180000,0.000000,-100.0000,0.951269,iprobe
Ebodyfix_ss_off,1.200000,1.200000,0.000000,-100.0000,0.951269,iprobe
Ebodyfix_ss_off,1.220000,1.220000,0.000000,-100.0000,0.951269,iprobe
Ebodyfix_ss_off,1.240000,1.240000,0.000000,-100.0000,0.951269,iprobe
Ebodyfix_ss_off,1.260000,1.260000,0.000000,-100.0000,0.951269,iprobe
Ebodyfix_ss_off,1.280000,1.280000,0.000000,-100.0000,0.951269,iprobe
Ebodyfix_ss_off,1.300000,1.300000,0.000000,-100.0000,0.951269,iprobe
Ebodyfix_ss_off,1.320000,1.320000,0.000000,-100.0000,0.951269,iprobe
Ebodyfix_ss_off,1.340000,1.340000,0.000000,-100.0000,0.951269,iprobe
Ebodyfix_ss_off,1.360000,1.360000,0.000000,-100.0000,0.951269,iprobe
Ebodyfix_ss_off,1.380000,1.380000,0.000000,-100.0000,0.951269,iprobe
Ebodyfix_ss_off,1.400000,1.400000,0.000000,-100.0000,0.951269,iprobe
Ebodyfix_ss_off,1.420000,1.420000,0.000000,-100.0000,0.951269,iprobe
Ebodyfix_ss_off,1.440000,1.440000,0.000000,-100.0000,0.951269,iprobe
Ebodyfix_ss_off,1.460000,1.460000,0.000000,-100.0000,0.951269,iprobe
Ebodyfix_ss_off,1.480000,1.480000,0.000000,-100.0000,0.951269,iprobe
Ebodyfix_ss_off,1.500000,1.500000,0.000000,-100.0000,0.951269,iprobe
Ebodyfix_ss_off,1.520000,1.520000,0.000000,-100.0000,0.951269,iprobe
Ebodyfix_ss_off,1.540000,1.540000,0.000000,-100.0000,0.951269,iprobe
Ebodyfix_ss_off,1.560000,1.560000,0.000000,-100.0000,0.951269,iprobe
Ebodyfix_ss_off,1.580000,1.580000,0.000000,-100.0000,0.951269,iprobe
Ebodyfix_ss_off,1.600000,1.600000,0.000000,-100.0000,0.951269,iprobe
Ebodyfix_ss_off,1.620000,1.620000,0.000000,-100.0000,0.951269,iprobe
Ebodyfix_ss_off,1.640000,1.640000,0.000000,-100.0000,0.951269,iprobe
Ebodyfix_ss_off,1.660000,1.660000,0.000000,-100.0000,0.951269,iprobe
Ebodyfix_ss_off,1.680000,1.680000,0.000000,-100.0000,0.951269,iprobe
Ebodyfix_ss_off,1.700000,1.700000,0.000000,-100.0000,0.951269,iprobe
Ebodyfix_ss_off,1.720000,1.720000,0.000000,-100.0000,0.951269,iprobe
Ebodyfix_ss_off,1.740000,1.740000,0.000000,-100.0000,0.951269,iprobe
Ebodyfix_ss_off,1.760000,1.760000,0.000000,-100.0000,0.951269,iprobe
Ebodyfix_ss_off,1.780000,1.780000,0.000000,-100.0000,0.951269,iprobe
Ebodyfix_ss_off,1.800000,1.800000,0.000000,-100.0000,0.951269,iprobe
Ebodyfix_ss_off,1.820000,1.820000,0.000000,-100.0000,0.951269,iprobe
Ebodyfix_ss_off,1.840000,1.840000,0.000000,-100.0000,0.951269,iprobe
Ebodyfix_ss_off,1.860000,1.860000,0.000000,-100.0000,0.951269,iprobe
Ebodyfix_ss_off,1.880000,1.880000,0.000000,-100.0000,0.951269,iprobe
Ebodyfix_ss_off,1.900000,1.900000,0.000000,-100.0000,0.951269,iprobe
Ebodyfix_ss_off,1.920000,1.920000,0.000000,-100.0000,0.951269,iprobe
Ebodyfix_ss_off,1.940000,1.940000,0.000000,-100.0000,0.951269,iprobe
Ebodyfix_ss_off,1.960000,1.960000,0.000000,-100.0000,0.951269,iprobe
Ebodyfix_ss_off,1.980000,1.980000,0.000000,-100.0000,0.951269,iprobe
Ebodyfix_ss_off,2.000000,2.000000,0.000000,-100.0000,0.951269,iprobe
Ebodyfix_ss_off,2.020000,2.020000,0.000000,-100.0000,0.951269,iprobe
Ebodyfix_ss_off,2.040000,2.040000,0.000000,-100.0000,0.951269,iprobe
Ebodyfix_ss_off,2.060000,2.060000,0.000000,-100.0000,0.951269,iprobe
Ebodyfix_ss_off,2.080000,2.080000,0.000000,-100.0000,0.951269,iprobe
Ebodyfix_ss_off,2.100000,2.100000,0.000000,-100.0000,0.951269,iprobe
Ebodyfix_ss_off,2.120000,2.120000,0.000000,-100.0000,0.951269,iprobe
Ebodyfix_ss_off,2.140000,2.140000,0.000000,-100.0000,0.951269,iprobe
Ebodyfix_ss_off,2.160000,2.160000,0.000000,-100.0000,0.951269,iprobe
Ebodyfix_ss_off,2.180000,2.180000,0.000000,-100.0000,0.951269,iprobe
Ebodyfix_ss_off,2.200000,2.200000,0.000000,-100.0000,0.951269,iprobe
Ebodyfix_ss_off,2.220000,2.220000,0.000000,-100.0000,0.951269,iprobe
Ebodyfix_ss_off,2.240000,2.240000,0.000000,-100.0000,0.951269,iprobe
Ebodyfix_ss_off,2.260000,2.260000,0.000000,-100.0000,0.951269,iprobe
Ebodyfix_ss_off,2.280000,2.280000,0.000000,-100.0000,0.951269,iprobe
Ebodyfix_ss_off,2.300000,2.300000,0.000000,-100.0000,0.951269,iprobe
Ebodyfix_ss_off,2.320000,2.320000,0.000000,-100.0000,0.951269,iprobe
Ebodyfix_ss_off,2.340000,2.340000,0.000000,-100.0000,0.951269,iprobe
Ebodyfix_ss_off,2.360000,2.360000,0.000000,-100.0000,0.951269,iprobe
Ebodyfix_ss_off,2.380000,2.380000,0.000000,-100.0000,0.951269,iprobe
Ebodyfix_ss_off,2.400000,2.400000,0.000000,-100.0000,0.951269,iprobe
Ebodyfix_ss_off,2.420000,2.420000,0.000000,-100.0000,0.951269,iprobe
Ebodyfix_ss_off,2.440000,2.440000,0.000000,-100.0000,0.951269,iprobe
Ebodyfix_ss_off,2.460000,2.460000,0.000000,-100.0000,0.951269,iprobe
Ebodyfix_ss_off,2.480000,2.480000,0.000000,-100.0000,0.951269,iprobe
Ebodyfix_ss_off,2.500000,2.500000,0.000000,-100.0000,0.951269,iprobe
Ebodyfix_ss_off,2.520000,2.520000,0.000000,-100.0000,0.951269,iprobe
Ebodyfix_ss_off,2.540000,2.540000,0.000000,-100.0000,0.951269,iprobe
Ebodyfix_ss_off,2.560000,2.560000,0.000000,-100.0000,0.951269,iprobe
Ebodyfix_ss_off,2.580000,2.580000,0.000000,-100.0000,0.951269,iprobe
Ebodyfix_ss_off,2.600000,2.600000,0.000000,-100.0000,0.951269,iprobe
Ebodyfix_ss_off,2.620000,2.620000,0.000000,-100.0000,0.951269,iprobe
Ebodyfix_ss_off,2.640000,2.640000,0.000000,-100.0000,0.951269,iprobe
Ebodyfix_ss_off,2.660000,2.660000,0.000000,-100.0000,0.951269,iprobe
Ebodyfix_ss_off,2.680000,2.680000,0.000000,-100.0000,0.951269,iprobe
Ebodyfix_ss_off,2.700000,2.700000,0.000000,-100.0000,0.951269,iprobe
Ebodyfix_ss_off,2.720000,2.720000,0.000000,-100.0000,0.951269,iprobe
Ebodyfix_ss_off,2.740000,2.740000,0.000000,-100.0000,0.951269,iprobe
Ebodyfix_ss_off,2.760000,2.760000,0.000000,-100.0000,0.951269,iprobe
Ebodyfix_ss_off,2.780000,2.780000,0.000000,-100.0000,0.951269,iprobe
Ebodyfix_ss_off,2.800000,2.800000,0.000000,-100.0000,0.951269,iprobe
Ebodyfix_ss_off,2.820000,2.820000,0.000000,-100.0000,0.951269,iprobe
Ebodyfix_ss_off,2.840000,2.840000,0.000000,-100.0000,0.951269,iprobe
Ebodyfix_ss_off,2.860000,2.860000,0.000000,-100.0000,0.951269,iprobe
Ebodyfix_ss_off,2.880000,2.880000,0.000000,-100.0000,0.951269,iprobe
Ebodyfix_ss_off,2.900000,2.900000,0.000000,-100.0000,0.951269,iprobe
Ebodyfix_ss_off,2.920000,2.920000,0.000000,-100.0000,0.951269,iprobe
Ebodyfix_ss_off,2.940000,2.940000,0.000000,-100.0000,0.951269,iprobe
Ebodyfix_ss_off,2.960000,2.960000,0.000000,-100.0000,0.951269,iprobe
Ebodyfix_ss_off,2.980000,2.980000,0.000000,-100.0000,0.951269,iprobe
Ebodyfix_ss_off,3.000000,3.000000,0.000000,-100.0000,0.951269,iprobe
Ebodyfix_ss_off,3.020000,3.020000,0.000000,-100.0000,0.951269,iprobe
Ebodyfix_ss_off,3.040000,3.040000,0.000000,-100.0000,0.951269,iprobe
Ebodyfix_ss_off,3.060000,3.060000,0.000000,-100.0000,0.951269,iprobe
Ebodyfix_ss_off,3.080000,3.080000,0.000000,-100.0000,0.951269,iprobe
Ebodyfix_ss_off,3.100000,3.100000,0.000000,-100.0000,0.951269,iprobe
Ebodyfix_ss_off,3.120000,3.120000,0.000000,-100.0000,0.951269,iprobe
Ebodyfix_ss_off,3.140000,3.140000,0.000000,-100.0000,0.951269,iprobe
Ebodyfix_ss_off,3.160000,3.160000,0.000000,-100.0000,0.951269,iprobe
Ebodyfix_ss_off,3.180000,3.180000,0.000000,-100.0000,0.951269,iprobe
Ebodyfix_ss_off,3.200000,3.200000,0.000000,-100.0000,0.951269,iprobe
Ebodyfix_ss_off,3.220000,3.220000,0.000000,-100.0000,0.951269,iprobe
Ebodyfix_ss_off,3.240000,3.240000,0.000000,-100.0000,0.951269,iprobe
Ebodyfix_ss_off,3.260000,3.260000,0.000000,-100.0000,0.951269,iprobe
Ebodyfix_ss_off,3.280000,3.280000,0.000000,-100.0000,0.951269,iprobe
Ebodyfix_ss_off,3.300000,3.300000,0.000000,-100.0000,0.951269,iprobe
E_local_gate_n33_ff_l2e-6_w2e-5_dc_iprobe_ff_on,0.000000,0.000000,0.000000,-100.0000,0.818122,iprobe
E_local_gate_n33_ff_l2e-6_w2e-5_dc_iprobe_ff_on,0.020000,0.020000,4.451443,-70.3237,0.818122,iprobe
E_local_gate_n33_ff_l2e-6_w2e-5_dc_iprobe_ff_on,0.040000,0.040000,8.113043,-45.9130,0.818122,iprobe
E_local_gate_n33_ff_l2e-6_w2e-5_dc_iprobe_ff_on,0.060000,0.060000,10.958488,-26.9434,0.818122,iprobe
E_local_gate_n33_ff_l2e-6_w2e-5_dc_iprobe_ff_on,0.080000,0.080000,12.958599,-13.6093,0.818122,iprobe
E_local_gate_n33_ff_l2e-6_w2e-5_dc_iprobe_ff_on,0.100000,0.100000,14.096376,-6.0242,0.818122,iprobe
E_local_gate_n33_ff_l2e-6_w2e-5_dc_iprobe_ff_on,0.120000,0.120000,14.499764,-3.3349,0.818122,iprobe
E_local_gate_n33_ff_l2e-6_w2e-5_dc_iprobe_ff_on,0.140000,0.140000,14.602116,-2.6526,0.818122,iprobe
E_local_gate_n33_ff_l2e-6_w2e-5_dc_iprobe_ff_on,0.160000,0.160000,14.648712,-2.3419,0.818122,iprobe
E_local_gate_n33_ff_l2e-6_w2e-5_dc_iprobe_ff_on,0.180000,0.180000,14.680647,-2.1290,0.818122,iprobe
E_local_gate_n33_ff_l2e-6_w2e-5_dc_iprobe_ff_on,0.200000,0.200000,14.705848,-1.9610,0.818122,iprobe
E_local_gate_n33_ff_l2e-6_w2e-5_dc_iprobe_ff_on,0.220000,0.220000,14.727009,-1.8199,0.818122,iprobe
E_local_gate_n33_ff_l2e-6_w2e-5_dc_iprobe_ff_on,0.240000,0.240000,14.745414,-1.6972,0.818122,iprobe
E_local_gate_n33_ff_l2e-6_w2e-5_dc_iprobe_ff_on,0.260000,0.260000,14.761794,-1.5880,0.818122,iprobe
E_local_gate_n33_ff_l2e-6_w2e-5_dc_iprobe_ff_on,0.280000,0.280000,14.776615,-1.4892,0.818122,iprobe
E_local_gate_n33_ff_l2e-6_w2e-5_dc_iprobe_ff_on,0.300000,0.300000,14.790192,-1.3987,0.818122,iprobe
E_local_gate_n33_ff_l2e-6_w2e-5_dc_iprobe_ff_on,0.320000,0.320000,14.802753,-1.3150,0.818122,iprobe
E_local_gate_n33_ff_l2e-6_w2e-5_dc_iprobe_ff_on,0.340000,0.340000,14.814463,-1.2369,0.818122,iprobe
E_local_gate_n33_ff_l2e-6_w2e-5_dc_iprobe_ff_on,0.360000,0.360000,14.825452,-1.1637,0.818122,iprobe
E_local_gate_n33_ff_l2e-6_w2e-5_dc_iprobe_ff_on,0.380000,0.380000,14.835817,-1.0946,0.818122,iprobe
E_local_gate_n33_ff_l2e-6_w2e-5_dc_iprobe_ff_on,0.400000,0.400000,14.845638,-1.0291,0.818122,iprobe
E_local_gate_n33_ff_l2e-6_w2e-5_dc_iprobe_ff_on,0.420000,0.420000,14.854977,-0.9668,0.818122,iprobe
E_local_gate_n33_ff_l2e-6_w2e-5_dc_iprobe_ff_on,0.440000,0.440000,14.863885,-0.9074,0.818122,iprobe
E_local_gate_n33_ff_l2e-6_w2e-5_dc_iprobe_ff_on,0.460000,0.460000,14.872402,-0.8507,0.818122,iprobe
E_local_gate_n33_ff_l2e-6_w2e-5_dc_iprobe_ff_on,0.480000,0.480000,14.880562,-0.7963,0.818122,iprobe
E_local_gate_n33_ff_l2e-6_w2e-5_dc_iprobe_ff_on,0.500000,0.500000,14.888390,-0.7441,0.818122,iprobe
E_local_gate_n33_ff_l2e-6_w2e-5_dc_iprobe_ff_on,0.520000,0.520000,14.895906,-0.6940,0.818122,iprobe
E_local_gate_n33_ff_l2e-6_w2e-5_dc_iprobe_ff_on,0.540000,0.540000,14.903125,-0.6458,0.818122,iprobe
E_local_gate_n33_ff_l2e-6_w2e-5_dc_iprobe_ff_on,0.560000,0.560000,14.910055,-0.5996,0.818122,iprobe
E_local_gate_n33_ff_l2e-6_w2e-5_dc_iprobe_ff_on,0.580000,0.580000,14.916700,-0.5553,0.818122,iprobe
E_local_gate_n33_ff_l2e-6_w2e-5_dc_iprobe_ff_on,0.600000,0.600000,14.923058,-0.5129,0.818122,iprobe
E_local_gate_n33_ff_l2e-6_w2e-5_dc_iprobe_ff_on,0.620000,0.620000,14.929119,-0.4725,0.818122,iprobe
E_local_gate_n33_ff_l2e-6_w2e-5_dc_iprobe_ff_on,0.640000,0.640000,14.934868,-0.4342,0.818122,iprobe
E_local_gate_n33_ff_l2e-6_w2e-5_dc_iprobe_ff_on,0.660000,0.660000,14.940277,-0.3982,0.818122,iprobe
E_local_gate_n33_ff_l2e-6_w2e-5_dc_iprobe_ff_on,0.680000,0.680000,14.945313,-0.3646,0.818122,iprobe
E_local_gate_n33_ff_l2e-6_w2e-5_dc_iprobe_ff_on,0.700000,0.700000,14.949928,-0.3338,0.818122,iprobe
E_local_gate_n33_ff_l2e-6_w2e-5_dc_iprobe_ff_on,0.720000,0.720000,14.954058,-0.3063,0.818122,iprobe
E_local_gate_n33_ff_l2e-6_w2e-5_dc_iprobe_ff_on,0.740000,0.740000,14.957627,-0.2825,0.818122,iprobe
E_local_gate_n33_ff_l2e-6_w2e-5_dc_iprobe_ff_on,0.760000,0.760000,14.960536,-0.2631,0.818122,iprobe
E_local_gate_n33_ff_l2e-6_w2e-5_dc_iprobe_ff_on,0.780000,0.780000,14.962668,-0.2489,0.818122,iprobe
E_local_gate_n33_ff_l2e-6_w2e-5_dc_iprobe_ff_on,0.800000,0.800000,14.963908,-0.2406,0.818122,iprobe
E_local_gate_n33_ff_l2e-6_w2e-5_dc_iprobe_ff_on,0.820000,0.820000,14.964352,-0.2377,0.818122,iprobe
E_local_gate_n33_ff_l2e-6_w2e-5_dc_iprobe_ff_on,0.840000,0.840000,14.964478,-0.2368,0.818122,iprobe
E_local_gate_n33_ff_l2e-6_w2e-5_dc_iprobe_ff_on,0.860000,0.860000,14.964540,-0.2364,0.818122,iprobe
E_local_gate_n33_ff_l2e-6_w2e-5_dc_iprobe_ff_on,0.880000,0.880000,14.964584,-0.2361,0.818122,iprobe
E_local_gate_n33_ff_l2e-6_w2e-5_dc_iprobe_ff_on,0.900000,0.900000,14.964619,-0.2359,0.818122,iprobe
E_local_gate_n33_ff_l2e-6_w2e-5_dc_iprobe_ff_on,0.920000,0.920000,14.964648,-0.2357,0.818122,iprobe
E_local_gate_n33_ff_l2e-6_w2e-5_dc_iprobe_ff_on,0.940000,0.940000,14.964674,-0.2355,0.818122,iprobe
E_local_gate_n33_ff_l2e-6_w2e-5_dc_iprobe_ff_on,0.960000,0.960000,14.964697,-0.2354,0.818122,iprobe
E_local_gate_n33_ff_l2e-6_w2e-5_dc_iprobe_ff_on,0.980000,0.980000,14.964718,-0.2352,0.818122,iprobe
E_local_gate_n33_ff_l2e-6_w2e-5_dc_iprobe_ff_on,1.000000,1.000000,14.964737,-0.2351,0.818122,iprobe
E_local_gate_n33_ff_l2e-6_w2e-5_dc_iprobe_ff_on,1.020000,1.020000,14.964755,-0.2350,0.818122,iprobe
E_local_gate_n33_ff_l2e-6_w2e-5_dc_iprobe_ff_on,1.040000,1.040000,14.964771,-0.2349,0.818122,iprobe
E_local_gate_n33_ff_l2e-6_w2e-5_dc_iprobe_ff_on,1.060000,1.060000,14.964787,-0.2348,0.818122,iprobe
E_local_gate_n33_ff_l2e-6_w2e-5_dc_iprobe_ff_on,1.080000,1.080000,14.964801,-0.2347,0.818122,iprobe
E_local_gate_n33_ff_l2e-6_w2e-5_dc_iprobe_ff_on,1.100000,1.100000,14.964815,-0.2346,0.818122,iprobe
E_local_gate_n33_ff_l2e-6_w2e-5_dc_iprobe_ff_on,1.120000,1.120000,14.964829,-0.2345,0.818122,iprobe
E_local_gate_n33_ff_l2e-6_w2e-5_dc_iprobe_ff_on,1.140000,1.140000,14.964842,-0.2344,0.818122,iprobe
E_local_gate_n33_ff_l2e-6_w2e-5_dc_iprobe_ff_on,1.160000,1.160000,14.964854,-0.2343,0.818122,iprobe
E_local_gate_n33_ff_l2e-6_w2e-5_dc_iprobe_ff_on,1.180000,1.180000,14.964866,-0.2342,0.818122,iprobe
E_local_gate_n33_ff_l2e-6_w2e-5_dc_iprobe_ff_on,1.200000,1.200000,14.964877,-0.2342,0.818122,iprobe
E_local_gate_n33_ff_l2e-6_w2e-5_dc_iprobe_ff_on,1.220000,1.220000,14.964888,-0.2341,0.818122,iprobe
E_local_gate_n33_ff_l2e-6_w2e-5_dc_iprobe_ff_on,1.240000,1.240000,14.964899,-0.2340,0.818122,iprobe
E_local_gate_n33_ff_l2e-6_w2e-5_dc_iprobe_ff_on,1.260000,1.260000,14.964909,-0.2339,0.818122,iprobe
E_local_gate_n33_ff_l2e-6_w2e-5_dc_iprobe_ff_on,1.280000,1.280000,14.964920,-0.2339,0.818122,iprobe
E_local_gate_n33_ff_l2e-6_w2e-5_dc_iprobe_ff_on,1.300000,1.300000,14.964930,-0.2338,0.818122,iprobe
E_local_gate_n33_ff_l2e-6_w2e-5_dc_iprobe_ff_on,1.320000,1.320000,14.964939,-0.2337,0.818122,iprobe
E_local_gate_n33_ff_l2e-6_w2e-5_dc_iprobe_ff_on,1.340000,1.340000,14.964949,-0.2337,0.818122,iprobe
E_local_gate_n33_ff_l2e-6_w2e-5_dc_iprobe_ff_on,1.360000,1.360000,14.964958,-0.2336,0.818122,iprobe
E_local_gate_n33_ff_l2e-6_w2e-5_dc_iprobe_ff_on,1.380000,1.380000,14.964967,-0.2336,0.818122,iprobe
E_local_gate_n33_ff_l2e-6_w2e-5_dc_iprobe_ff_on,1.400000,1.400000,14.964976,-0.2335,0.818122,iprobe
E_local_gate_n33_ff_l2e-6_w2e-5_dc_iprobe_ff_on,1.420000,1.420000,14.964985,-0.2334,0.818122,iprobe
E_local_gate_n33_ff_l2e-6_w2e-5_dc_iprobe_ff_on,1.440000,1.440000,14.964993,-0.2334,0.818122,iprobe
E_local_gate_n33_ff_l2e-6_w2e-5_dc_iprobe_ff_on,1.460000,1.460000,14.965002,-0.2333,0.818122,iprobe
E_local_gate_n33_ff_l2e-6_w2e-5_dc_iprobe_ff_on,1.480000,1.480000,14.965010,-0.2333,0.818122,iprobe
E_local_gate_n33_ff_l2e-6_w2e-5_dc_iprobe_ff_on,1.500000,1.500000,14.965018,-0.2332,0.818122,iprobe
E_local_gate_n33_ff_l2e-6_w2e-5_dc_iprobe_ff_on,1.520000,1.520000,14.965026,-0.2332,0.818122,iprobe
E_local_gate_n33_ff_l2e-6_w2e-5_dc_iprobe_ff_on,1.540000,1.540000,14.965034,-0.2331,0.818122,iprobe
E_local_gate_n33_ff_l2e-6_w2e-5_dc_iprobe_ff_on,1.560000,1.560000,14.965042,-0.2331,0.818122,iprobe
E_local_gate_n33_ff_l2e-6_w2e-5_dc_iprobe_ff_on,1.580000,1.580000,14.965049,-0.2330,0.818122,iprobe
E_local_gate_n33_ff_l2e-6_w2e-5_dc_iprobe_ff_on,1.600000,1.600000,14.965057,-0.2330,0.818122,iprobe
E_local_gate_n33_ff_l2e-6_w2e-5_dc_iprobe_ff_on,1.620000,1.620000,14.965064,-0.2329,0.818122,iprobe
E_local_gate_n33_ff_l2e-6_w2e-5_dc_iprobe_ff_on,1.640000,1.640000,14.965072,-0.2329,0.818122,iprobe
E_local_gate_n33_ff_l2e-6_w2e-5_dc_iprobe_ff_on,1.660000,1.660000,14.965079,-0.2328,0.818122,iprobe
E_local_gate_n33_ff_l2e-6_w2e-5_dc_iprobe_ff_on,1.680000,1.680000,14.965086,-0.2328,0.818122,iprobe
E_local_gate_n33_ff_l2e-6_w2e-5_dc_iprobe_ff_on,1.700000,1.700000,14.965094,-0.2327,0.818122,iprobe
E_local_gate_n33_ff_l2e-6_w2e-5_dc_iprobe_ff_on,1.720000,1.720000,14.965101,-0.2327,0.818122,iprobe
E_local_gate_n33_ff_l2e-6_w2e-5_dc_iprobe_ff_on,1.740000,1.740000,14.965108,-0.2326,0.818122,iprobe
E_local_gate_n33_ff_l2e-6_w2e-5_dc_iprobe_ff_on,1.760000,1.760000,14.965115,-0.2326,0.818122,iprobe
E_local_gate_n33_ff_l2e-6_w2e-5_dc_iprobe_ff_on,1.780000,1.780000,14.965122,-0.2325,0.818122,iprobe
E_local_gate_n33_ff_l2e-6_w2e-5_dc_iprobe_ff_on,1.800000,1.800000,14.965129,-0.2325,0.818122,iprobe
E_local_gate_n33_ff_l2e-6_w2e-5_dc_iprobe_ff_on,1.820000,1.820000,14.965135,-0.2324,0.818122,iprobe
E_local_gate_n33_ff_l2e-6_w2e-5_dc_iprobe_ff_on,1.840000,1.840000,14.965142,-0.2324,0.818122,iprobe
E_local_gate_n33_ff_l2e-6_w2e-5_dc_iprobe_ff_on,1.860000,1.860000,14.965149,-0.2323,0.818122,iprobe
E_local_gate_n33_ff_l2e-6_w2e-5_dc_iprobe_ff_on,1.880000,1.880000,14.965155,-0.2323,0.818122,iprobe
E_local_gate_n33_ff_l2e-6_w2e-5_dc_iprobe_ff_on,1.900000,1.900000,14.965162,-0.2323,0.818122,iprobe
E_local_gate_n33_ff_l2e-6_w2e-5_dc_iprobe_ff_on,1.920000,1.920000,14.965168,-0.2322,0.818122,iprobe
E_local_gate_n33_ff_l2e-6_w2e-5_dc_iprobe_ff_on,1.940000,1.940000,14.965175,-0.2322,0.818122,iprobe
E_local_gate_n33_ff_l2e-6_w2e-5_dc_iprobe_ff_on,1.960000,1.960000,14.965181,-0.2321,0.818122,iprobe
E_local_gate_n33_ff_l2e-6_w2e-5_dc_iprobe_ff_on,1.980000,1.980000,14.965188,-0.2321,0.818122,iprobe
E_local_gate_n33_ff_l2e-6_w2e-5_dc_iprobe_ff_on,2.000000,2.000000,14.965194,-0.2320,0.818122,iprobe
E_local_gate_n33_ff_l2e-6_w2e-5_dc_iprobe_ff_on,2.020000,2.020000,14.965201,-0.2320,0.818122,iprobe
E_local_gate_n33_ff_l2e-6_w2e-5_dc_iprobe_ff_on,2.040000,2.040000,14.965207,-0.2320,0.818122,iprobe
E_local_gate_n33_ff_l2e-6_w2e-5_dc_iprobe_ff_on,2.060000,2.060000,14.965213,-0.2319,0.818122,iprobe
E_local_gate_n33_ff_l2e-6_w2e-5_dc_iprobe_ff_on,2.080000,2.080000,14.965220,-0.2319,0.818122,iprobe
E_local_gate_n33_ff_l2e-6_w2e-5_dc_iprobe_ff_on,2.100000,2.100000,14.965226,-0.2318,0.818122,iprobe
E_local_gate_n33_ff_l2e-6_w2e-5_dc_iprobe_ff_on,2.120000,2.120000,14.965232,-0.2318,0.818122,iprobe
E_local_gate_n33_ff_l2e-6_w2e-5_dc_iprobe_ff_on,2.140000,2.140000,14.965239,-0.2317,0.818122,iprobe
E_local_gate_n33_ff_l2e-6_w2e-5_dc_iprobe_ff_on,2.160000,2.160000,14.965245,-0.2317,0.818122,iprobe
E_local_gate_n33_ff_l2e-6_w2e-5_dc_iprobe_ff_on,2.180000,2.180000,14.965252,-0.2317,0.818122,iprobe
E_local_gate_n33_ff_l2e-6_w2e-5_dc_iprobe_ff_on,2.200000,2.200000,14.965259,-0.2316,0.818122,iprobe
E_local_gate_n33_ff_l2e-6_w2e-5_dc_iprobe_ff_on,2.220000,2.220000,14.965266,-0.2316,0.818122,iprobe
E_local_gate_n33_ff_l2e-6_w2e-5_dc_iprobe_ff_on,2.240000,2.240000,14.965273,-0.2315,0.818122,iprobe
E_local_gate_n33_ff_l2e-6_w2e-5_dc_iprobe_ff_on,2.260000,2.260000,14.965281,-0.2315,0.818122,iprobe
E_local_gate_n33_ff_l2e-6_w2e-5_dc_iprobe_ff_on,2.280000,2.280000,14.965289,-0.2314,0.818122,iprobe
E_local_gate_n33_ff_l2e-6_w2e-5_dc_iprobe_ff_on,2.300000,2.300000,14.965297,-0.2314,0.818122,iprobe
E_local_gate_n33_ff_l2e-6_w2e-5_dc_iprobe_ff_on,2.320000,2.320000,14.965306,-0.2313,0.818122,iprobe
E_local_gate_n33_ff_l2e-6_w2e-5_dc_iprobe_ff_on,2.340000,2.340000,14.965316,-0.2312,0.818122,iprobe
E_local_gate_n33_ff_l2e-6_w2e-5_dc_iprobe_ff_on,2.360000,2.360000,14.965327,-0.2312,0.818122,iprobe
E_local_gate_n33_ff_l2e-6_w2e-5_dc_iprobe_ff_on,2.380000,2.380000,14.965339,-0.2311,0.818122,iprobe
E_local_gate_n33_ff_l2e-6_w2e-5_dc_iprobe_ff_on,2.400000,2.400000,14.965352,-0.2310,0.818122,iprobe
E_local_gate_n33_ff_l2e-6_w2e-5_dc_iprobe_ff_on,2.420000,2.420000,14.965367,-0.2309,0.818122,iprobe
E_local_gate_n33_ff_l2e-6_w2e-5_dc_iprobe_ff_on,2.440000,2.440000,14.965384,-0.2308,0.818122,iprobe
E_local_gate_n33_ff_l2e-6_w2e-5_dc_iprobe_ff_on,2.460000,2.460000,14.965404,-0.2306,0.818122,iprobe
E_local_gate_n33_ff_l2e-6_w2e-5_dc_iprobe_ff_on,2.480000,2.480000,14.965425,-0.2305,0.818122,iprobe
E_local_gate_n33_ff_l2e-6_w2e-5_dc_iprobe_ff_on,2.500000,2.500000,14.965450,-0.2303,0.818122,iprobe
E_local_gate_n33_ff_l2e-6_w2e-5_dc_iprobe_ff_on,2.520000,2.520000,14.965479,-0.2301,0.818122,iprobe
E_local_gate_n33_ff_l2e-6_w2e-5_dc_iprobe_ff_on,2.540000,2.540000,14.965512,-0.2299,0.818122,iprobe
E_local_gate_n33_ff_l2e-6_w2e-5_dc_iprobe_ff_on,2.560000,2.560000,14.965549,-0.2297,0.818122,iprobe
E_local_gate_n33_ff_l2e-6_w2e-5_dc_iprobe_ff_on,2.580000,2.580000,14.965592,-0.2294,0.818122,iprobe
E_local_gate_n33_ff_l2e-6_w2e-5_dc_iprobe_ff_on,2.600000,2.600000,14.965642,-0.2291,0.818122,iprobe
E_local_gate_n33_ff_l2e-6_w2e-5_dc_iprobe_ff_on,2.620000,2.620000,14.965698,-0.2287,0.818122,iprobe
E_local_gate_n33_ff_l2e-6_w2e-5_dc_iprobe_ff_on,2.640000,2.640000,14.965763,-0.2282,0.818122,iprobe
E_local_gate_n33_ff_l2e-6_w2e-5_dc_iprobe_ff_on,2.660000,2.660000,14.965838,-0.2277,0.818122,iprobe
E_local_gate_n33_ff_l2e-6_w2e-5_dc_iprobe_ff_on,2.680000,2.680000,14.965922,-0.2272,0.818122,iprobe
E_local_gate_n33_ff_l2e-6_w2e-5_dc_iprobe_ff_on,2.700000,2.700000,14.966019,-0.2265,0.818122,iprobe
E_local_gate_n33_ff_l2e-6_w2e-5_dc_iprobe_ff_on,2.720000,2.720000,14.966129,-0.2258,0.818122,iprobe
E_local_gate_n33_ff_l2e-6_w2e-5_dc_iprobe_ff_on,2.740000,2.740000,14.966254,-0.2250,0.818122,iprobe
E_local_gate_n33_ff_l2e-6_w2e-5_dc_iprobe_ff_on,2.760000,2.760000,14.966396,-0.2240,0.818122,iprobe
E_local_gate_n33_ff_l2e-6_w2e-5_dc_iprobe_ff_on,2.780000,2.780000,14.966556,-0.2230,0.818122,iprobe
E_local_gate_n33_ff_l2e-6_w2e-5_dc_iprobe_ff_on,2.800000,2.800000,14.966737,-0.2218,0.818122,iprobe
E_local_gate_n33_ff_l2e-6_w2e-5_dc_iprobe_ff_on,2.820000,2.820000,14.966941,-0.2204,0.818122,iprobe
E_local_gate_n33_ff_l2e-6_w2e-5_dc_iprobe_ff_on,2.840000,2.840000,14.967170,-0.2189,0.818122,iprobe
E_local_gate_n33_ff_l2e-6_w2e-5_dc_iprobe_ff_on,2.860000,2.860000,14.967427,-0.2172,0.818122,iprobe
E_local_gate_n33_ff_l2e-6_w2e-5_dc_iprobe_ff_on,2.880000,2.880000,14.967716,-0.2152,0.818122,iprobe
E_local_gate_n33_ff_l2e-6_w2e-5_dc_iprobe_ff_on,2.900000,2.900000,14.968038,-0.2131,0.818122,iprobe
E_local_gate_n33_ff_l2e-6_w2e-5_dc_iprobe_ff_on,2.920000,2.920000,14.968397,-0.2107,0.818122,iprobe
E_local_gate_n33_ff_l2e-6_w2e-5_dc_iprobe_ff_on,2.940000,2.940000,14.968797,-0.2080,0.818122,iprobe
E_local_gate_n33_ff_l2e-6_w2e-5_dc_iprobe_ff_on,2.960000,2.960000,14.969241,-0.2051,0.818122,iprobe
E_local_gate_n33_ff_l2e-6_w2e-5_dc_iprobe_ff_on,2.980000,2.980000,14.969734,-0.2018,0.818122,iprobe
E_local_gate_n33_ff_l2e-6_w2e-5_dc_iprobe_ff_on,3.000000,3.000000,14.970279,-0.1981,0.818122,iprobe
E_local_gate_n33_ff_l2e-6_w2e-5_dc_iprobe_ff_on,3.020000,3.020000,14.970882,-0.1941,0.818122,iprobe
E_local_gate_n33_ff_l2e-6_w2e-5_dc_iprobe_ff_on,3.040000,3.040000,14.971547,-0.1897,0.818122,iprobe
E_local_gate_n33_ff_l2e-6_w2e-5_dc_iprobe_ff_on,3.060000,3.060000,14.972278,-0.1848,0.818122,iprobe
E_local_gate_n33_ff_l2e-6_w2e-5_dc_iprobe_ff_on,3.080000,3.080000,14.973083,-0.1794,0.818122,iprobe
E_local_gate_n33_ff_l2e-6_w2e-5_dc_iprobe_ff_on,3.100000,3.100000,14.973966,-0.1736,0.818122,iprobe
E_local_gate_n33_ff_l2e-6_w2e-5_dc_iprobe_ff_on,3.120000,3.120000,14.974933,-0.1671,0.818122,iprobe
E_local_gate_n33_ff_l2e-6_w2e-5_dc_iprobe_ff_on,3.140000,3.140000,14.975990,-0.1601,0.818122,iprobe
E_local_gate_n33_ff_l2e-6_w2e-5_dc_iprobe_ff_on,3.160000,3.160000,14.977146,-0.1524,0.818122,iprobe
E_local_gate_n33_ff_l2e-6_w2e-5_dc_iprobe_ff_on,3.180000,3.180000,14.978405,-0.1440,0.818122,iprobe
E_local_gate_n33_ff_l2e-6_w2e-5_dc_iprobe_ff_on,3.200000,3.200000,14.979777,-0.1348,0.818122,iprobe
E_local_gate_n33_ff_l2e-6_w2e-5_dc_iprobe_ff_on,3.220000,3.220000,14.981267,-0.1249,0.818122,iprobe
E_local_gate_n33_ff_l2e-6_w2e-5_dc_iprobe_ff_on,3.240000,3.240000,14.982886,-0.1141,0.818122,iprobe
E_local_gate_n33_ff_l2e-6_w2e-5_dc_iprobe_ff_on,3.260000,3.260000,14.984641,-0.1024,0.818122,iprobe
E_local_gate_n33_ff_l2e-6_w2e-5_dc_iprobe_ff_on,3.280000,3.280000,14.986541,-0.0897,0.818122,iprobe
E_local_gate_n33_ff_l2e-6_w2e-5_dc_iprobe_ff_on,3.300000,3.300000,14.988595,-0.0760,0.818122,iprobe
Ebodyfix_ff_on,0.000000,0.000000,0.000000,-100.0000,0.818122,iprobe
Ebodyfix_ff_on,0.020000,0.020000,4.451443,-70.3237,0.818122,iprobe
Ebodyfix_ff_on,0.040000,0.040000,8.113043,-45.9130,0.818122,iprobe
Ebodyfix_ff_on,0.060000,0.060000,10.958488,-26.9434,0.818122,iprobe
Ebodyfix_ff_on,0.080000,0.080000,12.958599,-13.6093,0.818122,iprobe
Ebodyfix_ff_on,0.100000,0.100000,14.096376,-6.0242,0.818122,iprobe
Ebodyfix_ff_on,0.120000,0.120000,14.499764,-3.3349,0.818122,iprobe
Ebodyfix_ff_on,0.140000,0.140000,14.602116,-2.6526,0.818122,iprobe
Ebodyfix_ff_on,0.160000,0.160000,14.648712,-2.3419,0.818122,iprobe
Ebodyfix_ff_on,0.180000,0.180000,14.680647,-2.1290,0.818122,iprobe
Ebodyfix_ff_on,0.200000,0.200000,14.705848,-1.9610,0.818122,iprobe
Ebodyfix_ff_on,0.220000,0.220000,14.727009,-1.8199,0.818122,iprobe
Ebodyfix_ff_on,0.240000,0.240000,14.745414,-1.6972,0.818122,iprobe
Ebodyfix_ff_on,0.260000,0.260000,14.761794,-1.5880,0.818122,iprobe
Ebodyfix_ff_on,0.280000,0.280000,14.776615,-1.4892,0.818122,iprobe
Ebodyfix_ff_on,0.300000,0.300000,14.790192,-1.3987,0.818122,iprobe
Ebodyfix_ff_on,0.320000,0.320000,14.802753,-1.3150,0.818122,iprobe
Ebodyfix_ff_on,0.340000,0.340000,14.814463,-1.2369,0.818122,iprobe
Ebodyfix_ff_on,0.360000,0.360000,14.825452,-1.1637,0.818122,iprobe
Ebodyfix_ff_on,0.380000,0.380000,14.835817,-1.0946,0.818122,iprobe
Ebodyfix_ff_on,0.400000,0.400000,14.845638,-1.0291,0.818122,iprobe
Ebodyfix_ff_on,0.420000,0.420000,14.854977,-0.9668,0.818122,iprobe
Ebodyfix_ff_on,0.440000,0.440000,14.863885,-0.9074,0.818122,iprobe
Ebodyfix_ff_on,0.460000,0.460000,14.872402,-0.8507,0.818122,iprobe
Ebodyfix_ff_on,0.480000,0.480000,14.880562,-0.7963,0.818122,iprobe
Ebodyfix_ff_on,0.500000,0.500000,14.888390,-0.7441,0.818122,iprobe
Ebodyfix_ff_on,0.520000,0.520000,14.895906,-0.6940,0.818122,iprobe
Ebodyfix_ff_on,0.540000,0.540000,14.903125,-0.6458,0.818122,iprobe
Ebodyfix_ff_on,0.560000,0.560000,14.910055,-0.5996,0.818122,iprobe
Ebodyfix_ff_on,0.580000,0.580000,14.916700,-0.5553,0.818122,iprobe
Ebodyfix_ff_on,0.600000,0.600000,14.923058,-0.5129,0.818122,iprobe
Ebodyfix_ff_on,0.620000,0.620000,14.929119,-0.4725,0.818122,iprobe
Ebodyfix_ff_on,0.640000,0.640000,14.934868,-0.4342,0.818122,iprobe
Ebodyfix_ff_on,0.660000,0.660000,14.940277,-0.3982,0.818122,iprobe
Ebodyfix_ff_on,0.680000,0.680000,14.945313,-0.3646,0.818122,iprobe
Ebodyfix_ff_on,0.700000,0.700000,14.949928,-0.3338,0.818122,iprobe
Ebodyfix_ff_on,0.720000,0.720000,14.954058,-0.3063,0.818122,iprobe
Ebodyfix_ff_on,0.740000,0.740000,14.957627,-0.2825,0.818122,iprobe
Ebodyfix_ff_on,0.760000,0.760000,14.960536,-0.2631,0.818122,iprobe
Ebodyfix_ff_on,0.780000,0.780000,14.962668,-0.2489,0.818122,iprobe
Ebodyfix_ff_on,0.800000,0.800000,14.963908,-0.2406,0.818122,iprobe
Ebodyfix_ff_on,0.820000,0.820000,14.964352,-0.2377,0.818122,iprobe
Ebodyfix_ff_on,0.840000,0.840000,14.964478,-0.2368,0.818122,iprobe
Ebodyfix_ff_on,0.860000,0.860000,14.964540,-0.2364,0.818122,iprobe
Ebodyfix_ff_on,0.880000,0.880000,14.964584,-0.2361,0.818122,iprobe
Ebodyfix_ff_on,0.900000,0.900000,14.964619,-0.2359,0.818122,iprobe
Ebodyfix_ff_on,0.920000,0.920000,14.964648,-0.2357,0.818122,iprobe
Ebodyfix_ff_on,0.940000,0.940000,14.964674,-0.2355,0.818122,iprobe
Ebodyfix_ff_on,0.960000,0.960000,14.964697,-0.2354,0.818122,iprobe
Ebodyfix_ff_on,0.980000,0.980000,14.964718,-0.2352,0.818122,iprobe
Ebodyfix_ff_on,1.000000,1.000000,14.964737,-0.2351,0.818122,iprobe
Ebodyfix_ff_on,1.020000,1.020000,14.964755,-0.2350,0.818122,iprobe
Ebodyfix_ff_on,1.040000,1.040000,14.964771,-0.2349,0.818122,iprobe
Ebodyfix_ff_on,1.060000,1.060000,14.964787,-0.2348,0.818122,iprobe
Ebodyfix_ff_on,1.080000,1.080000,14.964801,-0.2347,0.818122,iprobe
Ebodyfix_ff_on,1.100000,1.100000,14.964815,-0.2346,0.818122,iprobe
Ebodyfix_ff_on,1.120000,1.120000,14.964829,-0.2345,0.818122,iprobe
Ebodyfix_ff_on,1.140000,1.140000,14.964842,-0.2344,0.818122,iprobe
Ebodyfix_ff_on,1.160000,1.160000,14.964854,-0.2343,0.818122,iprobe
Ebodyfix_ff_on,1.180000,1.180000,14.964866,-0.2342,0.818122,iprobe
Ebodyfix_ff_on,1.200000,1.200000,14.964877,-0.2342,0.818122,iprobe
Ebodyfix_ff_on,1.220000,1.220000,14.964888,-0.2341,0.818122,iprobe
Ebodyfix_ff_on,1.240000,1.240000,14.964899,-0.2340,0.818122,iprobe
Ebodyfix_ff_on,1.260000,1.260000,14.964909,-0.2339,0.818122,iprobe
Ebodyfix_ff_on,1.280000,1.280000,14.964920,-0.2339,0.818122,iprobe
Ebodyfix_ff_on,1.300000,1.300000,14.964930,-0.2338,0.818122,iprobe
Ebodyfix_ff_on,1.320000,1.320000,14.964939,-0.2337,0.818122,iprobe
Ebodyfix_ff_on,1.340000,1.340000,14.964949,-0.2337,0.818122,iprobe
Ebodyfix_ff_on,1.360000,1.360000,14.964958,-0.2336,0.818122,iprobe
Ebodyfix_ff_on,1.380000,1.380000,14.964967,-0.2336,0.818122,iprobe
Ebodyfix_ff_on,1.400000,1.400000,14.964976,-0.2335,0.818122,iprobe
Ebodyfix_ff_on,1.420000,1.420000,14.964985,-0.2334,0.818122,iprobe
Ebodyfix_ff_on,1.440000,1.440000,14.964993,-0.2334,0.818122,iprobe
Ebodyfix_ff_on,1.460000,1.460000,14.965002,-0.2333,0.818122,iprobe
Ebodyfix_ff_on,1.480000,1.480000,14.965010,-0.2333,0.818122,iprobe
Ebodyfix_ff_on,1.500000,1.500000,14.965018,-0.2332,0.818122,iprobe
Ebodyfix_ff_on,1.520000,1.520000,14.965026,-0.2332,0.818122,iprobe
Ebodyfix_ff_on,1.540000,1.540000,14.965034,-0.2331,0.818122,iprobe
Ebodyfix_ff_on,1.560000,1.560000,14.965042,-0.2331,0.818122,iprobe
Ebodyfix_ff_on,1.580000,1.580000,14.965049,-0.2330,0.818122,iprobe
Ebodyfix_ff_on,1.600000,1.600000,14.965057,-0.2330,0.818122,iprobe
Ebodyfix_ff_on,1.620000,1.620000,14.965064,-0.2329,0.818122,iprobe
Ebodyfix_ff_on,1.640000,1.640000,14.965072,-0.2329,0.818122,iprobe
Ebodyfix_ff_on,1.660000,1.660000,14.965079,-0.2328,0.818122,iprobe
Ebodyfix_ff_on,1.680000,1.680000,14.965086,-0.2328,0.818122,iprobe
Ebodyfix_ff_on,1.700000,1.700000,14.965094,-0.2327,0.818122,iprobe
Ebodyfix_ff_on,1.720000,1.720000,14.965101,-0.2327,0.818122,iprobe
Ebodyfix_ff_on,1.740000,1.740000,14.965108,-0.2326,0.818122,iprobe
Ebodyfix_ff_on,1.760000,1.760000,14.965115,-0.2326,0.818122,iprobe
Ebodyfix_ff_on,1.780000,1.780000,14.965122,-0.2325,0.818122,iprobe
Ebodyfix_ff_on,1.800000,1.800000,14.965129,-0.2325,0.818122,iprobe
Ebodyfix_ff_on,1.820000,1.820000,14.965135,-0.2324,0.818122,iprobe
Ebodyfix_ff_on,1.840000,1.840000,14.965142,-0.2324,0.818122,iprobe
Ebodyfix_ff_on,1.860000,1.860000,14.965149,-0.2323,0.818122,iprobe
Ebodyfix_ff_on,1.880000,1.880000,14.965155,-0.2323,0.818122,iprobe
Ebodyfix_ff_on,1.900000,1.900000,14.965162,-0.2323,0.818122,iprobe
Ebodyfix_ff_on,1.920000,1.920000,14.965168,-0.2322,0.818122,iprobe
Ebodyfix_ff_on,1.940000,1.940000,14.965175,-0.2322,0.818122,iprobe
Ebodyfix_ff_on,1.960000,1.960000,14.965181,-0.2321,0.818122,iprobe
Ebodyfix_ff_on,1.980000,1.980000,14.965188,-0.2321,0.818122,iprobe
Ebodyfix_ff_on,2.000000,2.000000,14.965194,-0.2320,0.818122,iprobe
Ebodyfix_ff_on,2.020000,2.020000,14.965201,-0.2320,0.818122,iprobe
Ebodyfix_ff_on,2.040000,2.040000,14.965207,-0.2320,0.818122,iprobe
Ebodyfix_ff_on,2.060000,2.060000,14.965213,-0.2319,0.818122,iprobe
Ebodyfix_ff_on,2.080000,2.080000,14.965220,-0.2319,0.818122,iprobe
Ebodyfix_ff_on,2.100000,2.100000,14.965226,-0.2318,0.818122,iprobe
Ebodyfix_ff_on,2.120000,2.120000,14.965232,-0.2318,0.818122,iprobe
Ebodyfix_ff_on,2.140000,2.140000,14.965239,-0.2317,0.818122,iprobe
Ebodyfix_ff_on,2.160000,2.160000,14.965245,-0.2317,0.818122,iprobe
Ebodyfix_ff_on,2.180000,2.180000,14.965252,-0.2317,0.818122,iprobe
Ebodyfix_ff_on,2.200000,2.200000,14.965259,-0.2316,0.818122,iprobe
Ebodyfix_ff_on,2.220000,2.220000,14.965266,-0.2316,0.818122,iprobe
Ebodyfix_ff_on,2.240000,2.240000,14.965273,-0.2315,0.818122,iprobe
Ebodyfix_ff_on,2.260000,2.260000,14.965281,-0.2315,0.818122,iprobe
Ebodyfix_ff_on,2.280000,2.280000,14.965289,-0.2314,0.818122,iprobe
Ebodyfix_ff_on,2.300000,2.300000,14.965297,-0.2314,0.818122,iprobe
Ebodyfix_ff_on,2.320000,2.320000,14.965306,-0.2313,0.818122,iprobe
Ebodyfix_ff_on,2.340000,2.340000,14.965316,-0.2312,0.818122,iprobe
Ebodyfix_ff_on,2.360000,2.360000,14.965327,-0.2312,0.818122,iprobe
Ebodyfix_ff_on,2.380000,2.380000,14.965339,-0.2311,0.818122,iprobe
Ebodyfix_ff_on,2.400000,2.400000,14.965352,-0.2310,0.818122,iprobe
Ebodyfix_ff_on,2.420000,2.420000,14.965367,-0.2309,0.818122,iprobe
Ebodyfix_ff_on,2.440000,2.440000,14.965384,-0.2308,0.818122,iprobe
Ebodyfix_ff_on,2.460000,2.460000,14.965404,-0.2306,0.818122,iprobe
Ebodyfix_ff_on,2.480000,2.480000,14.965425,-0.2305,0.818122,iprobe
Ebodyfix_ff_on,2.500000,2.500000,14.965450,-0.2303,0.818122,iprobe
Ebodyfix_ff_on,2.520000,2.520000,14.965479,-0.2301,0.818122,iprobe
Ebodyfix_ff_on,2.540000,2.540000,14.965512,-0.2299,0.818122,iprobe
Ebodyfix_ff_on,2.560000,2.560000,14.965549,-0.2297,0.818122,iprobe
Ebodyfix_ff_on,2.580000,2.580000,14.965592,-0.2294,0.818122,iprobe
Ebodyfix_ff_on,2.600000,2.600000,14.965642,-0.2291,0.818122,iprobe
Ebodyfix_ff_on,2.620000,2.620000,14.965698,-0.2287,0.818122,iprobe
Ebodyfix_ff_on,2.640000,2.640000,14.965763,-0.2282,0.818122,iprobe
Ebodyfix_ff_on,2.660000,2.660000,14.965838,-0.2277,0.818122,iprobe
Ebodyfix_ff_on,2.680000,2.680000,14.965922,-0.2272,0.818122,iprobe
Ebodyfix_ff_on,2.700000,2.700000,14.966019,-0.2265,0.818122,iprobe
Ebodyfix_ff_on,2.720000,2.720000,14.966129,-0.2258,0.818122,iprobe
Ebodyfix_ff_on,2.740000,2.740000,14.966254,-0.2250,0.818122,iprobe
Ebodyfix_ff_on,2.760000,2.760000,14.966396,-0.2240,0.818122,iprobe
Ebodyfix_ff_on,2.780000,2.780000,14.966556,-0.2230,0.818122,iprobe
Ebodyfix_ff_on,2.800000,2.800000,14.966737,-0.2218,0.818122,iprobe
Ebodyfix_ff_on,2.820000,2.820000,14.966941,-0.2204,0.818122,iprobe
Ebodyfix_ff_on,2.840000,2.840000,14.967170,-0.2189,0.818122,iprobe
Ebodyfix_ff_on,2.860000,2.860000,14.967427,-0.2172,0.818122,iprobe
Ebodyfix_ff_on,2.880000,2.880000,14.967716,-0.2152,0.818122,iprobe
Ebodyfix_ff_on,2.900000,2.900000,14.968038,-0.2131,0.818122,iprobe
Ebodyfix_ff_on,2.920000,2.920000,14.968397,-0.2107,0.818122,iprobe
Ebodyfix_ff_on,2.940000,2.940000,14.968797,-0.2080,0.818122,iprobe
Ebodyfix_ff_on,2.960000,2.960000,14.969241,-0.2051,0.818122,iprobe
Ebodyfix_ff_on,2.980000,2.980000,14.969734,-0.2018,0.818122,iprobe
Ebodyfix_ff_on,3.000000,3.000000,14.970279,-0.1981,0.818122,iprobe
Ebodyfix_ff_on,3.020000,3.020000,14.970882,-0.1941,0.818122,iprobe
Ebodyfix_ff_on,3.040000,3.040000,14.971547,-0.1897,0.818122,iprobe
Ebodyfix_ff_on,3.060000,3.060000,14.972278,-0.1848,0.818122,iprobe
Ebodyfix_ff_on,3.080000,3.080000,14.973083,-0.1794,0.818122,iprobe
Ebodyfix_ff_on,3.100000,3.100000,14.973966,-0.1736,0.818122,iprobe
Ebodyfix_ff_on,3.120000,3.120000,14.974933,-0.1671,0.818122,iprobe
Ebodyfix_ff_on,3.140000,3.140000,14.975990,-0.1601,0.818122,iprobe
Ebodyfix_ff_on,3.160000,3.160000,14.977146,-0.1524,0.818122,iprobe
Ebodyfix_ff_on,3.180000,3.180000,14.978405,-0.1440,0.818122,iprobe
Ebodyfix_ff_on,3.200000,3.200000,14.979777,-0.1348,0.818122,iprobe
Ebodyfix_ff_on,3.220000,3.220000,14.981267,-0.1249,0.818122,iprobe
Ebodyfix_ff_on,3.240000,3.240000,14.982886,-0.1141,0.818122,iprobe
Ebodyfix_ff_on,3.260000,3.260000,14.984641,-0.1024,0.818122,iprobe
Ebodyfix_ff_on,3.280000,3.280000,14.986541,-0.0897,0.818122,iprobe
Ebodyfix_ff_on,3.300000,3.300000,14.988595,-0.0760,0.818122,iprobe
E_local_gate_n33_ff_l2e-6_w2e-5_dc_iprobe_ff_off,0.000000,0.000000,-0.000000,-100.0000,0.818129,iprobe
E_local_gate_n33_ff_l2e-6_w2e-5_dc_iprobe_ff_off,0.020000,0.020000,0.000000,-100.0000,0.818122,iprobe
E_local_gate_n33_ff_l2e-6_w2e-5_dc_iprobe_ff_off,0.040000,0.040000,0.000000,-100.0000,0.818122,iprobe
E_local_gate_n33_ff_l2e-6_w2e-5_dc_iprobe_ff_off,0.060000,0.060000,0.000000,-100.0000,0.818122,iprobe
E_local_gate_n33_ff_l2e-6_w2e-5_dc_iprobe_ff_off,0.080000,0.080000,0.000000,-100.0000,0.818122,iprobe
E_local_gate_n33_ff_l2e-6_w2e-5_dc_iprobe_ff_off,0.100000,0.100000,0.000000,-100.0000,0.818122,iprobe
E_local_gate_n33_ff_l2e-6_w2e-5_dc_iprobe_ff_off,0.120000,0.120000,0.000000,-100.0000,0.818122,iprobe
E_local_gate_n33_ff_l2e-6_w2e-5_dc_iprobe_ff_off,0.140000,0.140000,0.000000,-100.0000,0.818122,iprobe
E_local_gate_n33_ff_l2e-6_w2e-5_dc_iprobe_ff_off,0.160000,0.160000,0.000000,-100.0000,0.818122,iprobe
E_local_gate_n33_ff_l2e-6_w2e-5_dc_iprobe_ff_off,0.180000,0.180000,0.000000,-100.0000,0.818122,iprobe
E_local_gate_n33_ff_l2e-6_w2e-5_dc_iprobe_ff_off,0.200000,0.200000,0.000000,-100.0000,0.818122,iprobe
E_local_gate_n33_ff_l2e-6_w2e-5_dc_iprobe_ff_off,0.220000,0.220000,0.000000,-100.0000,0.818122,iprobe
E_local_gate_n33_ff_l2e-6_w2e-5_dc_iprobe_ff_off,0.240000,0.240000,0.000000,-100.0000,0.818122,iprobe
E_local_gate_n33_ff_l2e-6_w2e-5_dc_iprobe_ff_off,0.260000,0.260000,0.000000,-100.0000,0.818122,iprobe
E_local_gate_n33_ff_l2e-6_w2e-5_dc_iprobe_ff_off,0.280000,0.280000,0.000001,-100.0000,0.818122,iprobe
E_local_gate_n33_ff_l2e-6_w2e-5_dc_iprobe_ff_off,0.300000,0.300000,0.000001,-100.0000,0.818122,iprobe
E_local_gate_n33_ff_l2e-6_w2e-5_dc_iprobe_ff_off,0.320000,0.320000,0.000001,-100.0000,0.818122,iprobe
E_local_gate_n33_ff_l2e-6_w2e-5_dc_iprobe_ff_off,0.340000,0.340000,0.000001,-100.0000,0.818122,iprobe
E_local_gate_n33_ff_l2e-6_w2e-5_dc_iprobe_ff_off,0.360000,0.360000,0.000001,-100.0000,0.818122,iprobe
E_local_gate_n33_ff_l2e-6_w2e-5_dc_iprobe_ff_off,0.380000,0.380000,0.000001,-100.0000,0.818122,iprobe
E_local_gate_n33_ff_l2e-6_w2e-5_dc_iprobe_ff_off,0.400000,0.400000,0.000001,-100.0000,0.818122,iprobe
E_local_gate_n33_ff_l2e-6_w2e-5_dc_iprobe_ff_off,0.420000,0.420000,0.000001,-100.0000,0.818122,iprobe
E_local_gate_n33_ff_l2e-6_w2e-5_dc_iprobe_ff_off,0.440000,0.440000,0.000001,-100.0000,0.818122,iprobe
E_local_gate_n33_ff_l2e-6_w2e-5_dc_iprobe_ff_off,0.460000,0.460000,0.000001,-100.0000,0.818122,iprobe
E_local_gate_n33_ff_l2e-6_w2e-5_dc_iprobe_ff_off,0.480000,0.480000,0.000001,-100.0000,0.818122,iprobe
E_local_gate_n33_ff_l2e-6_w2e-5_dc_iprobe_ff_off,0.500000,0.500000,0.000001,-100.0000,0.818122,iprobe
E_local_gate_n33_ff_l2e-6_w2e-5_dc_iprobe_ff_off,0.520000,0.520000,0.000001,-100.0000,0.818122,iprobe
E_local_gate_n33_ff_l2e-6_w2e-5_dc_iprobe_ff_off,0.540000,0.540000,0.000001,-100.0000,0.818122,iprobe
E_local_gate_n33_ff_l2e-6_w2e-5_dc_iprobe_ff_off,0.560000,0.560000,0.000001,-100.0000,0.818122,iprobe
E_local_gate_n33_ff_l2e-6_w2e-5_dc_iprobe_ff_off,0.580000,0.580000,0.000001,-100.0000,0.818122,iprobe
E_local_gate_n33_ff_l2e-6_w2e-5_dc_iprobe_ff_off,0.600000,0.600000,0.000001,-100.0000,0.818122,iprobe
E_local_gate_n33_ff_l2e-6_w2e-5_dc_iprobe_ff_off,0.620000,0.620000,0.000001,-100.0000,0.818122,iprobe
E_local_gate_n33_ff_l2e-6_w2e-5_dc_iprobe_ff_off,0.640000,0.640000,0.000001,-100.0000,0.818122,iprobe
E_local_gate_n33_ff_l2e-6_w2e-5_dc_iprobe_ff_off,0.660000,0.660000,0.000002,-100.0000,0.818122,iprobe
E_local_gate_n33_ff_l2e-6_w2e-5_dc_iprobe_ff_off,0.680000,0.680000,0.000002,-100.0000,0.818122,iprobe
E_local_gate_n33_ff_l2e-6_w2e-5_dc_iprobe_ff_off,0.700000,0.700000,0.000002,-100.0000,0.818122,iprobe
E_local_gate_n33_ff_l2e-6_w2e-5_dc_iprobe_ff_off,0.720000,0.720000,0.000002,-100.0000,0.818122,iprobe
E_local_gate_n33_ff_l2e-6_w2e-5_dc_iprobe_ff_off,0.740000,0.740000,0.000002,-100.0000,0.818122,iprobe
E_local_gate_n33_ff_l2e-6_w2e-5_dc_iprobe_ff_off,0.760000,0.760000,0.000002,-100.0000,0.818122,iprobe
E_local_gate_n33_ff_l2e-6_w2e-5_dc_iprobe_ff_off,0.780000,0.780000,0.000002,-100.0000,0.818122,iprobe
E_local_gate_n33_ff_l2e-6_w2e-5_dc_iprobe_ff_off,0.800000,0.800000,0.000002,-100.0000,0.818122,iprobe
E_local_gate_n33_ff_l2e-6_w2e-5_dc_iprobe_ff_off,0.820000,0.820000,0.000002,-100.0000,0.818122,iprobe
E_local_gate_n33_ff_l2e-6_w2e-5_dc_iprobe_ff_off,0.840000,0.840000,0.000002,-100.0000,0.818122,iprobe
E_local_gate_n33_ff_l2e-6_w2e-5_dc_iprobe_ff_off,0.860000,0.860000,0.000002,-100.0000,0.818122,iprobe
E_local_gate_n33_ff_l2e-6_w2e-5_dc_iprobe_ff_off,0.880000,0.880000,0.000002,-100.0000,0.818122,iprobe
E_local_gate_n33_ff_l2e-6_w2e-5_dc_iprobe_ff_off,0.900000,0.900000,0.000003,-100.0000,0.818122,iprobe
E_local_gate_n33_ff_l2e-6_w2e-5_dc_iprobe_ff_off,0.920000,0.920000,0.000003,-100.0000,0.818122,iprobe
E_local_gate_n33_ff_l2e-6_w2e-5_dc_iprobe_ff_off,0.940000,0.940000,0.000003,-100.0000,0.818122,iprobe
E_local_gate_n33_ff_l2e-6_w2e-5_dc_iprobe_ff_off,0.960000,0.960000,0.000003,-100.0000,0.818122,iprobe
E_local_gate_n33_ff_l2e-6_w2e-5_dc_iprobe_ff_off,0.980000,0.980000,0.000003,-100.0000,0.818122,iprobe
E_local_gate_n33_ff_l2e-6_w2e-5_dc_iprobe_ff_off,1.000000,1.000000,0.000003,-100.0000,0.818122,iprobe
E_local_gate_n33_ff_l2e-6_w2e-5_dc_iprobe_ff_off,1.020000,1.020000,0.000003,-100.0000,0.818122,iprobe
E_local_gate_n33_ff_l2e-6_w2e-5_dc_iprobe_ff_off,1.040000,1.040000,0.000003,-100.0000,0.818122,iprobe
E_local_gate_n33_ff_l2e-6_w2e-5_dc_iprobe_ff_off,1.060000,1.060000,0.000003,-100.0000,0.818122,iprobe
E_local_gate_n33_ff_l2e-6_w2e-5_dc_iprobe_ff_off,1.080000,1.080000,0.000004,-100.0000,0.818122,iprobe
E_local_gate_n33_ff_l2e-6_w2e-5_dc_iprobe_ff_off,1.100000,1.100000,0.000004,-100.0000,0.818122,iprobe
E_local_gate_n33_ff_l2e-6_w2e-5_dc_iprobe_ff_off,1.120000,1.120000,0.000004,-100.0000,0.818122,iprobe
E_local_gate_n33_ff_l2e-6_w2e-5_dc_iprobe_ff_off,1.140000,1.140000,0.000004,-100.0000,0.818122,iprobe
E_local_gate_n33_ff_l2e-6_w2e-5_dc_iprobe_ff_off,1.160000,1.160000,0.000004,-100.0000,0.818122,iprobe
E_local_gate_n33_ff_l2e-6_w2e-5_dc_iprobe_ff_off,1.180000,1.180000,0.000004,-100.0000,0.818122,iprobe
E_local_gate_n33_ff_l2e-6_w2e-5_dc_iprobe_ff_off,1.200000,1.200000,0.000004,-100.0000,0.818122,iprobe
E_local_gate_n33_ff_l2e-6_w2e-5_dc_iprobe_ff_off,1.220000,1.220000,0.000004,-100.0000,0.818122,iprobe
E_local_gate_n33_ff_l2e-6_w2e-5_dc_iprobe_ff_off,1.240000,1.240000,0.000004,-100.0000,0.818122,iprobe
E_local_gate_n33_ff_l2e-6_w2e-5_dc_iprobe_ff_off,1.260000,1.260000,0.000004,-100.0000,0.818122,iprobe
E_local_gate_n33_ff_l2e-6_w2e-5_dc_iprobe_ff_off,1.280000,1.280000,0.000004,-100.0000,0.818122,iprobe
E_local_gate_n33_ff_l2e-6_w2e-5_dc_iprobe_ff_off,1.300000,1.300000,0.000004,-100.0000,0.818122,iprobe
E_local_gate_n33_ff_l2e-6_w2e-5_dc_iprobe_ff_off,1.320000,1.320000,0.000005,-100.0000,0.818122,iprobe
E_local_gate_n33_ff_l2e-6_w2e-5_dc_iprobe_ff_off,1.340000,1.340000,0.000005,-100.0000,0.818122,iprobe
E_local_gate_n33_ff_l2e-6_w2e-5_dc_iprobe_ff_off,1.360000,1.360000,0.000005,-100.0000,0.818122,iprobe
E_local_gate_n33_ff_l2e-6_w2e-5_dc_iprobe_ff_off,1.380000,1.380000,0.000005,-100.0000,0.818122,iprobe
E_local_gate_n33_ff_l2e-6_w2e-5_dc_iprobe_ff_off,1.400000,1.400000,0.000005,-100.0000,0.818122,iprobe
E_local_gate_n33_ff_l2e-6_w2e-5_dc_iprobe_ff_off,1.420000,1.420000,0.000005,-100.0000,0.818122,iprobe
E_local_gate_n33_ff_l2e-6_w2e-5_dc_iprobe_ff_off,1.440000,1.440000,0.000005,-100.0000,0.818122,iprobe
E_local_gate_n33_ff_l2e-6_w2e-5_dc_iprobe_ff_off,1.460000,1.460000,0.000005,-100.0000,0.818122,iprobe
E_local_gate_n33_ff_l2e-6_w2e-5_dc_iprobe_ff_off,1.480000,1.480000,0.000005,-100.0000,0.818122,iprobe
E_local_gate_n33_ff_l2e-6_w2e-5_dc_iprobe_ff_off,1.500000,1.500000,0.000005,-100.0000,0.818122,iprobe
E_local_gate_n33_ff_l2e-6_w2e-5_dc_iprobe_ff_off,1.520000,1.520000,0.000005,-100.0000,0.818122,iprobe
E_local_gate_n33_ff_l2e-6_w2e-5_dc_iprobe_ff_off,1.540000,1.540000,0.000005,-100.0000,0.818122,iprobe
E_local_gate_n33_ff_l2e-6_w2e-5_dc_iprobe_ff_off,1.560000,1.560000,0.000005,-100.0000,0.818122,iprobe
E_local_gate_n33_ff_l2e-6_w2e-5_dc_iprobe_ff_off,1.580000,1.580000,0.000005,-100.0000,0.818122,iprobe
E_local_gate_n33_ff_l2e-6_w2e-5_dc_iprobe_ff_off,1.600000,1.600000,0.000006,-100.0000,0.818122,iprobe
E_local_gate_n33_ff_l2e-6_w2e-5_dc_iprobe_ff_off,1.620000,1.620000,0.000006,-100.0000,0.818122,iprobe
E_local_gate_n33_ff_l2e-6_w2e-5_dc_iprobe_ff_off,1.640000,1.640000,0.000006,-100.0000,0.818122,iprobe
E_local_gate_n33_ff_l2e-6_w2e-5_dc_iprobe_ff_off,1.660000,1.660000,0.000006,-100.0000,0.818122,iprobe
E_local_gate_n33_ff_l2e-6_w2e-5_dc_iprobe_ff_off,1.680000,1.680000,0.000006,-100.0000,0.818122,iprobe
E_local_gate_n33_ff_l2e-6_w2e-5_dc_iprobe_ff_off,1.700000,1.700000,0.000006,-100.0000,0.818122,iprobe
E_local_gate_n33_ff_l2e-6_w2e-5_dc_iprobe_ff_off,1.720000,1.720000,0.000006,-100.0000,0.818122,iprobe
E_local_gate_n33_ff_l2e-6_w2e-5_dc_iprobe_ff_off,1.740000,1.740000,0.000006,-100.0000,0.818122,iprobe
E_local_gate_n33_ff_l2e-6_w2e-5_dc_iprobe_ff_off,1.760000,1.760000,0.000006,-100.0000,0.818122,iprobe
E_local_gate_n33_ff_l2e-6_w2e-5_dc_iprobe_ff_off,1.780000,1.780000,0.000006,-100.0000,0.818122,iprobe
E_local_gate_n33_ff_l2e-6_w2e-5_dc_iprobe_ff_off,1.800000,1.800000,0.000007,-100.0000,0.818122,iprobe
E_local_gate_n33_ff_l2e-6_w2e-5_dc_iprobe_ff_off,1.820000,1.820000,0.000007,-100.0000,0.818122,iprobe
E_local_gate_n33_ff_l2e-6_w2e-5_dc_iprobe_ff_off,1.840000,1.840000,0.000007,-100.0000,0.818122,iprobe
E_local_gate_n33_ff_l2e-6_w2e-5_dc_iprobe_ff_off,1.860000,1.860000,0.000007,-100.0000,0.818122,iprobe
E_local_gate_n33_ff_l2e-6_w2e-5_dc_iprobe_ff_off,1.880000,1.880000,0.000007,-100.0000,0.818122,iprobe
E_local_gate_n33_ff_l2e-6_w2e-5_dc_iprobe_ff_off,1.900000,1.900000,0.000007,-100.0000,0.818122,iprobe
E_local_gate_n33_ff_l2e-6_w2e-5_dc_iprobe_ff_off,1.920000,1.920000,0.000007,-100.0000,0.818122,iprobe
E_local_gate_n33_ff_l2e-6_w2e-5_dc_iprobe_ff_off,1.940000,1.940000,0.000007,-100.0000,0.818122,iprobe
E_local_gate_n33_ff_l2e-6_w2e-5_dc_iprobe_ff_off,1.960000,1.960000,0.000007,-100.0000,0.818122,iprobe
E_local_gate_n33_ff_l2e-6_w2e-5_dc_iprobe_ff_off,1.980000,1.980000,0.000008,-99.9999,0.818122,iprobe
E_local_gate_n33_ff_l2e-6_w2e-5_dc_iprobe_ff_off,2.000000,2.000000,0.000008,-99.9999,0.818122,iprobe
E_local_gate_n33_ff_l2e-6_w2e-5_dc_iprobe_ff_off,2.020000,2.020000,0.000008,-99.9999,0.818122,iprobe
E_local_gate_n33_ff_l2e-6_w2e-5_dc_iprobe_ff_off,2.040000,2.040000,0.000008,-99.9999,0.818122,iprobe
E_local_gate_n33_ff_l2e-6_w2e-5_dc_iprobe_ff_off,2.060000,2.060000,0.000008,-99.9999,0.818122,iprobe
E_local_gate_n33_ff_l2e-6_w2e-5_dc_iprobe_ff_off,2.080000,2.080000,0.000008,-99.9999,0.818122,iprobe
E_local_gate_n33_ff_l2e-6_w2e-5_dc_iprobe_ff_off,2.100000,2.100000,0.000008,-99.9999,0.818122,iprobe
E_local_gate_n33_ff_l2e-6_w2e-5_dc_iprobe_ff_off,2.120000,2.120000,0.000009,-99.9999,0.818122,iprobe
E_local_gate_n33_ff_l2e-6_w2e-5_dc_iprobe_ff_off,2.140000,2.140000,0.000009,-99.9999,0.818122,iprobe
E_local_gate_n33_ff_l2e-6_w2e-5_dc_iprobe_ff_off,2.160000,2.160000,0.000009,-99.9999,0.818122,iprobe
E_local_gate_n33_ff_l2e-6_w2e-5_dc_iprobe_ff_off,2.180000,2.180000,0.000009,-99.9999,0.818122,iprobe
E_local_gate_n33_ff_l2e-6_w2e-5_dc_iprobe_ff_off,2.200000,2.200000,0.000009,-99.9999,0.818122,iprobe
E_local_gate_n33_ff_l2e-6_w2e-5_dc_iprobe_ff_off,2.220000,2.220000,0.000009,-99.9999,0.818122,iprobe
E_local_gate_n33_ff_l2e-6_w2e-5_dc_iprobe_ff_off,2.240000,2.240000,0.000010,-99.9999,0.818122,iprobe
E_local_gate_n33_ff_l2e-6_w2e-5_dc_iprobe_ff_off,2.260000,2.260000,0.000010,-99.9999,0.818122,iprobe
E_local_gate_n33_ff_l2e-6_w2e-5_dc_iprobe_ff_off,2.280000,2.280000,0.000010,-99.9999,0.818122,iprobe
E_local_gate_n33_ff_l2e-6_w2e-5_dc_iprobe_ff_off,2.300000,2.300000,0.000010,-99.9999,0.818122,iprobe
E_local_gate_n33_ff_l2e-6_w2e-5_dc_iprobe_ff_off,2.320000,2.320000,0.000010,-99.9999,0.818122,iprobe
E_local_gate_n33_ff_l2e-6_w2e-5_dc_iprobe_ff_off,2.340000,2.340000,0.000011,-99.9999,0.818122,iprobe
E_local_gate_n33_ff_l2e-6_w2e-5_dc_iprobe_ff_off,2.360000,2.360000,0.000011,-99.9999,0.818122,iprobe
E_local_gate_n33_ff_l2e-6_w2e-5_dc_iprobe_ff_off,2.380000,2.380000,0.000011,-99.9999,0.818122,iprobe
E_local_gate_n33_ff_l2e-6_w2e-5_dc_iprobe_ff_off,2.400000,2.400000,0.000011,-99.9999,0.818122,iprobe
E_local_gate_n33_ff_l2e-6_w2e-5_dc_iprobe_ff_off,2.420000,2.420000,0.000011,-99.9999,0.818122,iprobe
E_local_gate_n33_ff_l2e-6_w2e-5_dc_iprobe_ff_off,2.440000,2.440000,0.000012,-99.9999,0.818122,iprobe
E_local_gate_n33_ff_l2e-6_w2e-5_dc_iprobe_ff_off,2.460000,2.460000,0.000012,-99.9999,0.818122,iprobe
E_local_gate_n33_ff_l2e-6_w2e-5_dc_iprobe_ff_off,2.480000,2.480000,0.000012,-99.9999,0.818122,iprobe
E_local_gate_n33_ff_l2e-6_w2e-5_dc_iprobe_ff_off,2.500000,2.500000,0.000012,-99.9999,0.818122,iprobe
E_local_gate_n33_ff_l2e-6_w2e-5_dc_iprobe_ff_off,2.520000,2.520000,0.000013,-99.9999,0.818122,iprobe
E_local_gate_n33_ff_l2e-6_w2e-5_dc_iprobe_ff_off,2.540000,2.540000,0.000013,-99.9999,0.818122,iprobe
E_local_gate_n33_ff_l2e-6_w2e-5_dc_iprobe_ff_off,2.560000,2.560000,0.000013,-99.9999,0.818122,iprobe
E_local_gate_n33_ff_l2e-6_w2e-5_dc_iprobe_ff_off,2.580000,2.580000,0.000013,-99.9999,0.818122,iprobe
E_local_gate_n33_ff_l2e-6_w2e-5_dc_iprobe_ff_off,2.600000,2.600000,0.000014,-99.9999,0.818122,iprobe
E_local_gate_n33_ff_l2e-6_w2e-5_dc_iprobe_ff_off,2.620000,2.620000,0.000014,-99.9999,0.818122,iprobe
E_local_gate_n33_ff_l2e-6_w2e-5_dc_iprobe_ff_off,2.640000,2.640000,0.000014,-99.9999,0.818122,iprobe
E_local_gate_n33_ff_l2e-6_w2e-5_dc_iprobe_ff_off,2.660000,2.660000,0.000014,-99.9999,0.818122,iprobe
E_local_gate_n33_ff_l2e-6_w2e-5_dc_iprobe_ff_off,2.680000,2.680000,0.000015,-99.9999,0.818122,iprobe
E_local_gate_n33_ff_l2e-6_w2e-5_dc_iprobe_ff_off,2.700000,2.700000,0.000015,-99.9999,0.818122,iprobe
E_local_gate_n33_ff_l2e-6_w2e-5_dc_iprobe_ff_off,2.720000,2.720000,0.000015,-99.9999,0.818122,iprobe
E_local_gate_n33_ff_l2e-6_w2e-5_dc_iprobe_ff_off,2.740000,2.740000,0.000016,-99.9999,0.818122,iprobe
E_local_gate_n33_ff_l2e-6_w2e-5_dc_iprobe_ff_off,2.760000,2.760000,0.000016,-99.9999,0.818122,iprobe
E_local_gate_n33_ff_l2e-6_w2e-5_dc_iprobe_ff_off,2.780000,2.780000,0.000016,-99.9999,0.818122,iprobe
E_local_gate_n33_ff_l2e-6_w2e-5_dc_iprobe_ff_off,2.800000,2.800000,0.000017,-99.9999,0.818122,iprobe
E_local_gate_n33_ff_l2e-6_w2e-5_dc_iprobe_ff_off,2.820000,2.820000,0.000017,-99.9999,0.818122,iprobe
E_local_gate_n33_ff_l2e-6_w2e-5_dc_iprobe_ff_off,2.840000,2.840000,0.000017,-99.9999,0.818122,iprobe
E_local_gate_n33_ff_l2e-6_w2e-5_dc_iprobe_ff_off,2.860000,2.860000,0.000018,-99.9999,0.818122,iprobe
E_local_gate_n33_ff_l2e-6_w2e-5_dc_iprobe_ff_off,2.880000,2.880000,0.000018,-99.9999,0.818122,iprobe
E_local_gate_n33_ff_l2e-6_w2e-5_dc_iprobe_ff_off,2.900000,2.900000,0.000018,-99.9999,0.818122,iprobe
E_local_gate_n33_ff_l2e-6_w2e-5_dc_iprobe_ff_off,2.920000,2.920000,0.000019,-99.9999,0.818122,iprobe
E_local_gate_n33_ff_l2e-6_w2e-5_dc_iprobe_ff_off,2.940000,2.940000,0.000019,-99.9999,0.818122,iprobe
E_local_gate_n33_ff_l2e-6_w2e-5_dc_iprobe_ff_off,2.960000,2.960000,0.000020,-99.9999,0.818122,iprobe
E_local_gate_n33_ff_l2e-6_w2e-5_dc_iprobe_ff_off,2.980000,2.980000,0.000020,-99.9999,0.818122,iprobe
E_local_gate_n33_ff_l2e-6_w2e-5_dc_iprobe_ff_off,3.000000,3.000000,0.000020,-99.9999,0.818122,iprobe
E_local_gate_n33_ff_l2e-6_w2e-5_dc_iprobe_ff_off,3.020000,3.020000,0.000021,-99.9999,0.818122,iprobe
E_local_gate_n33_ff_l2e-6_w2e-5_dc_iprobe_ff_off,3.040000,3.040000,0.000021,-99.9999,0.818122,iprobe
E_local_gate_n33_ff_l2e-6_w2e-5_dc_iprobe_ff_off,3.060000,3.060000,0.000022,-99.9999,0.818122,iprobe
E_local_gate_n33_ff_l2e-6_w2e-5_dc_iprobe_ff_off,3.080000,3.080000,0.000022,-99.9999,0.818122,iprobe
E_local_gate_n33_ff_l2e-6_w2e-5_dc_iprobe_ff_off,3.100000,3.100000,0.000022,-99.9999,0.818122,iprobe
E_local_gate_n33_ff_l2e-6_w2e-5_dc_iprobe_ff_off,3.120000,3.120000,0.000023,-99.9998,0.818122,iprobe
E_local_gate_n33_ff_l2e-6_w2e-5_dc_iprobe_ff_off,3.140000,3.140000,0.000023,-99.9998,0.818122,iprobe
E_local_gate_n33_ff_l2e-6_w2e-5_dc_iprobe_ff_off,3.160000,3.160000,0.000024,-99.9998,0.818122,iprobe
E_local_gate_n33_ff_l2e-6_w2e-5_dc_iprobe_ff_off,3.180000,3.180000,0.000024,-99.9998,0.818122,iprobe
E_local_gate_n33_ff_l2e-6_w2e-5_dc_iprobe_ff_off,3.200000,3.200000,0.000025,-99.9998,0.818122,iprobe
E_local_gate_n33_ff_l2e-6_w2e-5_dc_iprobe_ff_off,3.220000,3.220000,0.000025,-99.9998,0.818122,iprobe
E_local_gate_n33_ff_l2e-6_w2e-5_dc_iprobe_ff_off,3.240000,3.240000,0.000026,-99.9998,0.818122,iprobe
E_local_gate_n33_ff_l2e-6_w2e-5_dc_iprobe_ff_off,3.260000,3.260000,0.000026,-99.9998,0.818122,iprobe
E_local_gate_n33_ff_l2e-6_w2e-5_dc_iprobe_ff_off,3.280000,3.280000,0.000027,-99.9998,0.818122,iprobe
E_local_gate_n33_ff_l2e-6_w2e-5_dc_iprobe_ff_off,3.300000,3.300000,0.000027,-99.9998,0.818122,iprobe
Ebodyfix_ff_off,0.000000,0.000000,-0.000000,-100.0000,0.818129,iprobe
Ebodyfix_ff_off,0.020000,0.020000,0.000000,-100.0000,0.818122,iprobe
Ebodyfix_ff_off,0.040000,0.040000,0.000000,-100.0000,0.818122,iprobe
Ebodyfix_ff_off,0.060000,0.060000,0.000000,-100.0000,0.818122,iprobe
Ebodyfix_ff_off,0.080000,0.080000,0.000000,-100.0000,0.818122,iprobe
Ebodyfix_ff_off,0.100000,0.100000,0.000000,-100.0000,0.818122,iprobe
Ebodyfix_ff_off,0.120000,0.120000,0.000000,-100.0000,0.818122,iprobe
Ebodyfix_ff_off,0.140000,0.140000,0.000000,-100.0000,0.818122,iprobe
Ebodyfix_ff_off,0.160000,0.160000,0.000000,-100.0000,0.818122,iprobe
Ebodyfix_ff_off,0.180000,0.180000,0.000000,-100.0000,0.818122,iprobe
Ebodyfix_ff_off,0.200000,0.200000,0.000000,-100.0000,0.818122,iprobe
Ebodyfix_ff_off,0.220000,0.220000,0.000000,-100.0000,0.818122,iprobe
Ebodyfix_ff_off,0.240000,0.240000,0.000000,-100.0000,0.818122,iprobe
Ebodyfix_ff_off,0.260000,0.260000,0.000000,-100.0000,0.818122,iprobe
Ebodyfix_ff_off,0.280000,0.280000,0.000001,-100.0000,0.818122,iprobe
Ebodyfix_ff_off,0.300000,0.300000,0.000001,-100.0000,0.818122,iprobe
Ebodyfix_ff_off,0.320000,0.320000,0.000001,-100.0000,0.818122,iprobe
Ebodyfix_ff_off,0.340000,0.340000,0.000001,-100.0000,0.818122,iprobe
Ebodyfix_ff_off,0.360000,0.360000,0.000001,-100.0000,0.818122,iprobe
Ebodyfix_ff_off,0.380000,0.380000,0.000001,-100.0000,0.818122,iprobe
Ebodyfix_ff_off,0.400000,0.400000,0.000001,-100.0000,0.818122,iprobe
Ebodyfix_ff_off,0.420000,0.420000,0.000001,-100.0000,0.818122,iprobe
Ebodyfix_ff_off,0.440000,0.440000,0.000001,-100.0000,0.818122,iprobe
Ebodyfix_ff_off,0.460000,0.460000,0.000001,-100.0000,0.818122,iprobe
Ebodyfix_ff_off,0.480000,0.480000,0.000001,-100.0000,0.818122,iprobe
Ebodyfix_ff_off,0.500000,0.500000,0.000001,-100.0000,0.818122,iprobe
Ebodyfix_ff_off,0.520000,0.520000,0.000001,-100.0000,0.818122,iprobe
Ebodyfix_ff_off,0.540000,0.540000,0.000001,-100.0000,0.818122,iprobe
Ebodyfix_ff_off,0.560000,0.560000,0.000001,-100.0000,0.818122,iprobe
Ebodyfix_ff_off,0.580000,0.580000,0.000001,-100.0000,0.818122,iprobe
Ebodyfix_ff_off,0.600000,0.600000,0.000001,-100.0000,0.818122,iprobe
Ebodyfix_ff_off,0.620000,0.620000,0.000001,-100.0000,0.818122,iprobe
Ebodyfix_ff_off,0.640000,0.640000,0.000001,-100.0000,0.818122,iprobe
Ebodyfix_ff_off,0.660000,0.660000,0.000002,-100.0000,0.818122,iprobe
Ebodyfix_ff_off,0.680000,0.680000,0.000002,-100.0000,0.818122,iprobe
Ebodyfix_ff_off,0.700000,0.700000,0.000002,-100.0000,0.818122,iprobe
Ebodyfix_ff_off,0.720000,0.720000,0.000002,-100.0000,0.818122,iprobe
Ebodyfix_ff_off,0.740000,0.740000,0.000002,-100.0000,0.818122,iprobe
Ebodyfix_ff_off,0.760000,0.760000,0.000002,-100.0000,0.818122,iprobe
Ebodyfix_ff_off,0.780000,0.780000,0.000002,-100.0000,0.818122,iprobe
Ebodyfix_ff_off,0.800000,0.800000,0.000002,-100.0000,0.818122,iprobe
Ebodyfix_ff_off,0.820000,0.820000,0.000002,-100.0000,0.818122,iprobe
Ebodyfix_ff_off,0.840000,0.840000,0.000002,-100.0000,0.818122,iprobe
Ebodyfix_ff_off,0.860000,0.860000,0.000002,-100.0000,0.818122,iprobe
Ebodyfix_ff_off,0.880000,0.880000,0.000002,-100.0000,0.818122,iprobe
Ebodyfix_ff_off,0.900000,0.900000,0.000003,-100.0000,0.818122,iprobe
Ebodyfix_ff_off,0.920000,0.920000,0.000003,-100.0000,0.818122,iprobe
Ebodyfix_ff_off,0.940000,0.940000,0.000003,-100.0000,0.818122,iprobe
Ebodyfix_ff_off,0.960000,0.960000,0.000003,-100.0000,0.818122,iprobe
Ebodyfix_ff_off,0.980000,0.980000,0.000003,-100.0000,0.818122,iprobe
Ebodyfix_ff_off,1.000000,1.000000,0.000003,-100.0000,0.818122,iprobe
Ebodyfix_ff_off,1.020000,1.020000,0.000003,-100.0000,0.818122,iprobe
Ebodyfix_ff_off,1.040000,1.040000,0.000003,-100.0000,0.818122,iprobe
Ebodyfix_ff_off,1.060000,1.060000,0.000003,-100.0000,0.818122,iprobe
Ebodyfix_ff_off,1.080000,1.080000,0.000004,-100.0000,0.818122,iprobe
Ebodyfix_ff_off,1.100000,1.100000,0.000004,-100.0000,0.818122,iprobe
Ebodyfix_ff_off,1.120000,1.120000,0.000004,-100.0000,0.818122,iprobe
Ebodyfix_ff_off,1.140000,1.140000,0.000004,-100.0000,0.818122,iprobe
Ebodyfix_ff_off,1.160000,1.160000,0.000004,-100.0000,0.818122,iprobe
Ebodyfix_ff_off,1.180000,1.180000,0.000004,-100.0000,0.818122,iprobe
Ebodyfix_ff_off,1.200000,1.200000,0.000004,-100.0000,0.818122,iprobe
Ebodyfix_ff_off,1.220000,1.220000,0.000004,-100.0000,0.818122,iprobe
Ebodyfix_ff_off,1.240000,1.240000,0.000004,-100.0000,0.818122,iprobe
Ebodyfix_ff_off,1.260000,1.260000,0.000004,-100.0000,0.818122,iprobe
Ebodyfix_ff_off,1.280000,1.280000,0.000004,-100.0000,0.818122,iprobe
Ebodyfix_ff_off,1.300000,1.300000,0.000004,-100.0000,0.818122,iprobe
Ebodyfix_ff_off,1.320000,1.320000,0.000005,-100.0000,0.818122,iprobe
Ebodyfix_ff_off,1.340000,1.340000,0.000005,-100.0000,0.818122,iprobe
Ebodyfix_ff_off,1.360000,1.360000,0.000005,-100.0000,0.818122,iprobe
Ebodyfix_ff_off,1.380000,1.380000,0.000005,-100.0000,0.818122,iprobe
Ebodyfix_ff_off,1.400000,1.400000,0.000005,-100.0000,0.818122,iprobe
Ebodyfix_ff_off,1.420000,1.420000,0.000005,-100.0000,0.818122,iprobe
Ebodyfix_ff_off,1.440000,1.440000,0.000005,-100.0000,0.818122,iprobe
Ebodyfix_ff_off,1.460000,1.460000,0.000005,-100.0000,0.818122,iprobe
Ebodyfix_ff_off,1.480000,1.480000,0.000005,-100.0000,0.818122,iprobe
Ebodyfix_ff_off,1.500000,1.500000,0.000005,-100.0000,0.818122,iprobe
Ebodyfix_ff_off,1.520000,1.520000,0.000005,-100.0000,0.818122,iprobe
Ebodyfix_ff_off,1.540000,1.540000,0.000005,-100.0000,0.818122,iprobe
Ebodyfix_ff_off,1.560000,1.560000,0.000005,-100.0000,0.818122,iprobe
Ebodyfix_ff_off,1.580000,1.580000,0.000005,-100.0000,0.818122,iprobe
Ebodyfix_ff_off,1.600000,1.600000,0.000006,-100.0000,0.818122,iprobe
Ebodyfix_ff_off,1.620000,1.620000,0.000006,-100.0000,0.818122,iprobe
Ebodyfix_ff_off,1.640000,1.640000,0.000006,-100.0000,0.818122,iprobe
Ebodyfix_ff_off,1.660000,1.660000,0.000006,-100.0000,0.818122,iprobe
Ebodyfix_ff_off,1.680000,1.680000,0.000006,-100.0000,0.818122,iprobe
Ebodyfix_ff_off,1.700000,1.700000,0.000006,-100.0000,0.818122,iprobe
Ebodyfix_ff_off,1.720000,1.720000,0.000006,-100.0000,0.818122,iprobe
Ebodyfix_ff_off,1.740000,1.740000,0.000006,-100.0000,0.818122,iprobe
Ebodyfix_ff_off,1.760000,1.760000,0.000006,-100.0000,0.818122,iprobe
Ebodyfix_ff_off,1.780000,1.780000,0.000006,-100.0000,0.818122,iprobe
Ebodyfix_ff_off,1.800000,1.800000,0.000007,-100.0000,0.818122,iprobe
Ebodyfix_ff_off,1.820000,1.820000,0.000007,-100.0000,0.818122,iprobe
Ebodyfix_ff_off,1.840000,1.840000,0.000007,-100.0000,0.818122,iprobe
Ebodyfix_ff_off,1.860000,1.860000,0.000007,-100.0000,0.818122,iprobe
Ebodyfix_ff_off,1.880000,1.880000,0.000007,-100.0000,0.818122,iprobe
Ebodyfix_ff_off,1.900000,1.900000,0.000007,-100.0000,0.818122,iprobe
Ebodyfix_ff_off,1.920000,1.920000,0.000007,-100.0000,0.818122,iprobe
Ebodyfix_ff_off,1.940000,1.940000,0.000007,-100.0000,0.818122,iprobe
Ebodyfix_ff_off,1.960000,1.960000,0.000007,-100.0000,0.818122,iprobe
Ebodyfix_ff_off,1.980000,1.980000,0.000008,-99.9999,0.818122,iprobe
Ebodyfix_ff_off,2.000000,2.000000,0.000008,-99.9999,0.818122,iprobe
Ebodyfix_ff_off,2.020000,2.020000,0.000008,-99.9999,0.818122,iprobe
Ebodyfix_ff_off,2.040000,2.040000,0.000008,-99.9999,0.818122,iprobe
Ebodyfix_ff_off,2.060000,2.060000,0.000008,-99.9999,0.818122,iprobe
Ebodyfix_ff_off,2.080000,2.080000,0.000008,-99.9999,0.818122,iprobe
Ebodyfix_ff_off,2.100000,2.100000,0.000008,-99.9999,0.818122,iprobe
Ebodyfix_ff_off,2.120000,2.120000,0.000009,-99.9999,0.818122,iprobe
Ebodyfix_ff_off,2.140000,2.140000,0.000009,-99.9999,0.818122,iprobe
Ebodyfix_ff_off,2.160000,2.160000,0.000009,-99.9999,0.818122,iprobe
Ebodyfix_ff_off,2.180000,2.180000,0.000009,-99.9999,0.818122,iprobe
Ebodyfix_ff_off,2.200000,2.200000,0.000009,-99.9999,0.818122,iprobe
Ebodyfix_ff_off,2.220000,2.220000,0.000009,-99.9999,0.818122,iprobe
Ebodyfix_ff_off,2.240000,2.240000,0.000010,-99.9999,0.818122,iprobe
Ebodyfix_ff_off,2.260000,2.260000,0.000010,-99.9999,0.818122,iprobe
Ebodyfix_ff_off,2.280000,2.280000,0.000010,-99.9999,0.818122,iprobe
Ebodyfix_ff_off,2.300000,2.300000,0.000010,-99.9999,0.818122,iprobe
Ebodyfix_ff_off,2.320000,2.320000,0.000010,-99.9999,0.818122,iprobe
Ebodyfix_ff_off,2.340000,2.340000,0.000011,-99.9999,0.818122,iprobe
Ebodyfix_ff_off,2.360000,2.360000,0.000011,-99.9999,0.818122,iprobe
Ebodyfix_ff_off,2.380000,2.380000,0.000011,-99.9999,0.818122,iprobe
Ebodyfix_ff_off,2.400000,2.400000,0.000011,-99.9999,0.818122,iprobe
Ebodyfix_ff_off,2.420000,2.420000,0.000011,-99.9999,0.818122,iprobe
Ebodyfix_ff_off,2.440000,2.440000,0.000012,-99.9999,0.818122,iprobe
Ebodyfix_ff_off,2.460000,2.460000,0.000012,-99.9999,0.818122,iprobe
Ebodyfix_ff_off,2.480000,2.480000,0.000012,-99.9999,0.818122,iprobe
Ebodyfix_ff_off,2.500000,2.500000,0.000012,-99.9999,0.818122,iprobe
Ebodyfix_ff_off,2.520000,2.520000,0.000013,-99.9999,0.818122,iprobe
Ebodyfix_ff_off,2.540000,2.540000,0.000013,-99.9999,0.818122,iprobe
Ebodyfix_ff_off,2.560000,2.560000,0.000013,-99.9999,0.818122,iprobe
Ebodyfix_ff_off,2.580000,2.580000,0.000013,-99.9999,0.818122,iprobe
Ebodyfix_ff_off,2.600000,2.600000,0.000014,-99.9999,0.818122,iprobe
Ebodyfix_ff_off,2.620000,2.620000,0.000014,-99.9999,0.818122,iprobe
Ebodyfix_ff_off,2.640000,2.640000,0.000014,-99.9999,0.818122,iprobe
Ebodyfix_ff_off,2.660000,2.660000,0.000014,-99.9999,0.818122,iprobe
Ebodyfix_ff_off,2.680000,2.680000,0.000015,-99.9999,0.818122,iprobe
Ebodyfix_ff_off,2.700000,2.700000,0.000015,-99.9999,0.818122,iprobe
Ebodyfix_ff_off,2.720000,2.720000,0.000015,-99.9999,0.818122,iprobe
Ebodyfix_ff_off,2.740000,2.740000,0.000016,-99.9999,0.818122,iprobe
Ebodyfix_ff_off,2.760000,2.760000,0.000016,-99.9999,0.818122,iprobe
Ebodyfix_ff_off,2.780000,2.780000,0.000016,-99.9999,0.818122,iprobe
Ebodyfix_ff_off,2.800000,2.800000,0.000017,-99.9999,0.818122,iprobe
Ebodyfix_ff_off,2.820000,2.820000,0.000017,-99.9999,0.818122,iprobe
Ebodyfix_ff_off,2.840000,2.840000,0.000017,-99.9999,0.818122,iprobe
Ebodyfix_ff_off,2.860000,2.860000,0.000018,-99.9999,0.818122,iprobe
Ebodyfix_ff_off,2.880000,2.880000,0.000018,-99.9999,0.818122,iprobe
Ebodyfix_ff_off,2.900000,2.900000,0.000018,-99.9999,0.818122,iprobe
Ebodyfix_ff_off,2.920000,2.920000,0.000019,-99.9999,0.818122,iprobe
Ebodyfix_ff_off,2.940000,2.940000,0.000019,-99.9999,0.818122,iprobe
Ebodyfix_ff_off,2.960000,2.960000,0.000020,-99.9999,0.818122,iprobe
Ebodyfix_ff_off,2.980000,2.980000,0.000020,-99.9999,0.818122,iprobe
Ebodyfix_ff_off,3.000000,3.000000,0.000020,-99.9999,0.818122,iprobe
Ebodyfix_ff_off,3.020000,3.020000,0.000021,-99.9999,0.818122,iprobe
Ebodyfix_ff_off,3.040000,3.040000,0.000021,-99.9999,0.818122,iprobe
Ebodyfix_ff_off,3.060000,3.060000,0.000022,-99.9999,0.818122,iprobe
Ebodyfix_ff_off,3.080000,3.080000,0.000022,-99.9999,0.818122,iprobe
Ebodyfix_ff_off,3.100000,3.100000,0.000022,-99.9999,0.818122,iprobe
Ebodyfix_ff_off,3.120000,3.120000,0.000023,-99.9998,0.818122,iprobe
Ebodyfix_ff_off,3.140000,3.140000,0.000023,-99.9998,0.818122,iprobe
Ebodyfix_ff_off,3.160000,3.160000,0.000024,-99.9998,0.818122,iprobe
Ebodyfix_ff_off,3.180000,3.180000,0.000024,-99.9998,0.818122,iprobe
Ebodyfix_ff_off,3.200000,3.200000,0.000025,-99.9998,0.818122,iprobe
Ebodyfix_ff_off,3.220000,3.220000,0.000025,-99.9998,0.818122,iprobe
Ebodyfix_ff_off,3.240000,3.240000,0.000026,-99.9998,0.818122,iprobe
Ebodyfix_ff_off,3.260000,3.260000,0.000026,-99.9998,0.818122,iprobe
Ebodyfix_ff_off,3.280000,3.280000,0.000027,-99.9998,0.818122,iprobe
Ebodyfix_ff_off,3.300000,3.300000,0.000027,-99.9998,0.818122,iprobe
